microsample	richness	neutral	phylogenetic	section	type	batch	cryosection	buffer	Xcoord	Ycoord	size	collection_method	collection	collection_attempts	cycles	animal	protocol	adapter	nmole_L_100_200_bp	nmole_L_200_1000_bp	total_before_filtering.total_reads	total_after_filtering.total_reads	total_low_quality_reads	total_adapter_trimmed_reads	total_before_filtering.total_bases	total_after_filtering.total_bases	total_adapter_trimmed_bases	percent_before_filtering.gc_content	percent_after_filtering.gc_content	percent_duplication.rate	raw_total_sequences_chicken	raw_total_sequences_human	raw_total_sequences_pig	reads_mapped_chicken	reads_mapped_human	reads_mapped_pig	reads_unmapped_chicken	reads_unmapped_human	reads_unmapped_pig	raw_total_sequences_mag	reads_mapped_mag	reads_unmapped_mag	read_fraction_singlem	kr_Eukaryota	kr_Bacteria	kr_Archaea	kr_Viruses	total_kraken	bacteria_pct_kraken	eukaryota_pct_kraken	redundancy_nonpareil	coverage_nonpareil	diversity_nonpareil	lowquality_reads_pct	adapter_contamination_pct	host_pct	human_pct	pig_pct	prokreads_pct	mapmag_rawreads_pct	mapmag_filteredreads_pct	mapmag_prokreads_pct	cov_filtering
M300554	82	37.202580091440964	3.896102074154087	Caecum right	positive	MSEB0006	G121eI101B	L06	NA	NA	5000	Plate96_Covaris_520272	Success	3	13	G121e	ULV2_Full	TecanUDI_A_8nt	NA	5.2716	58206558	55131372	813592	7160591	8730983700	8172554896	233140207	0.52468	0.513674	0.321064	55131372	55120204	55095934	8971	23899	732	55122401	55096305	55095202	55094604	45374113	9720491	0.7241	10564614	2458796	26221	298202	13347833	0.1842093769078471	0.7914853294913115	0.9572	0.9608	18.1333	0.05283229425797691	0.026702627677566274	1.5412352676823804e-4	4.1058947344043263e-4	1.2575902529745876e-5	0.946536024342824	0.7795360962591191	0.8230180268323452	0.8235672771148332	Retained By Filtering
M300555	3	2.665719574140192	1.6750840724337404	Caecum right	negative	MSEB0006	G121eI101M	L06	NA	NA	5000	Plate96_Covaris_520272	Success	1	13	G121e	ULV2_Full	TecanUDI_A_8nt	NA	0.6133	6953168	875760	101914	6031725	1042975200	128745512	390780286	0.745773	0.544339	0.354959	875760	875410	852848	298	22401	64	875462	853009	852784	852774	526446	326328	0.7173	178351	45077	457	2742	226627	0.1989039258340798	0.7869803686233326	0.8812000000000001	0.8908	15.9714	0.8740487789163156	0.3746784065431278	4.285816191986157e-5	0.0032216969300899964	9.204437459299129e-6	0.12264538984244304	0.0757131137921592	0.6011304466977254	0.6173335490997615	Retained By Filtering
M300556	4	3.7280275203198614	1.8331047626360457	Caecum right	positive	MSEB0006	G121eI101B	L06	NA	NA	5000	Plate96_Covaris_520272	Success	1	13	G121e	ULV2_Full	TecanUDI_A_8nt	NA	1.1351	4510494	1433242	53662	3174783	676574100	210553963	199416057	0.694974	0.525602	0.352143	1433242	1432714	1401152	451	31201	92	1432791	1401513	1401060	1401044	1031497	369547	0.6218	298787	70613	639	6384	376423	0.18758949373444236	0.7937533041286	0.9025	0.9105	16.313	0.6822427875971013	0.29474385289061467	9.998904776283928e-5	0.006917424122501881	2.0396878922796484e-5	0.31061874819033125	0.2286882545459544	0.7196949293978268	0.7362345508063987	Retained By Filtering
M300557	63	34.30020695902455	3.7338537539733463	Caecum right	positive	MSEB0006	G121eI101B	L06	NA	NA	5000	Plate96_Covaris_520272	Success	1	13	G121e	ULV2_Full	TecanUDI_A_8nt	NA	1.7421	41042748	35099682	771902	9910211	6156412200	5150955763	437286325	0.570108	0.539916	0.408156	35099682	35091648	34894356	5717	195821	1344	35093965	34895827	34893012	34892338	28426364	6465974	0.721	6345889	1560174	19408	182394	8107865	0.1924272296097678	0.7826831107819383	0.9633	0.9664	17.9878	0.14480185391095157	0.07102940979163157	1.3929379192640805e-4	0.004771147390033435	3.2746345347051325e-5	0.8501462426443765	0.6926038188281155	0.8098752575593136	0.8146878549668984	Retained By Filtering
M300558	0	1	0	Caecum right	negative	MSEB0006	G121eI101Z	L06	NA	NA	NA	Plate96_Covaris_520272	NA	0	13	G121e	ULV2_Full	TecanUDI_A_8nt	NA	0.4035	3689064	148112	61910	3140566	553359600	20412588	204055768	0.776181	0.559077	0.253603	148112	146188	101780	1362	44056	435	146750	102132	101345	101132	5583	95549	0.3955	30973	27533	36	210	58752	0.4686308551198257	0.5271820533769063	0.6729	0.6962	14.4207	0.9598510624917324	0.36875797944049404	3.691993416216146e-4	0.01194232466555202	1.1791608928443637e-4	0.02741399986554855	0.0015133920148850766	0.037694447445176624	0.05520507851125262	Excluded By Filtering
M300559	81	37.05245234419358	3.9020363245679945	Caecum right	positive	MSEB0006	G121eI101B	L06	NA	NA	5000	Plate96_Covaris_520272	Fail	4	13	G121e	ULV2_Full	TecanUDI_A_8nt	NA	16.4128	45343430	43413546	663192	6146613	6801514500	6405903690	181617755	0.529837	0.522284	0.140972	43413546	43409956	43407124	2218	2697	377	43411328	43407259	43406747	43406378	36313466	7092912	0.7256	8093102	1865408	21356	242244	10222110	0.182487568613525	0.7917251917656922	0.9334	0.9389	18.1762	0.042561491267863946	0.02670254617556134	4.891557608235636e-5	5.947939977191845e-5	8.314324699300428e-6	0.957280426293291	0.800853971567656	0.8364547323547356	0.836592861998299	Retained By Filtering
M300560	75	35.570470842814665	4.043721354282633	Caecum right	positive	MSEB0006	G121eI101B	L06	NA	NA	5000	Plate96_Covaris_520272	Success	1	13	G121e	ULV2_Full	TecanUDI_A_8nt	NA	8.8343	42538238	40291514	612994	7044236	6380735700	5923110635	219825716	0.526683	0.516025	0.209627	40291514	39566286	39552250	716249	13839	482	39575265	39552447	39551768	39551396	32811023	6740373	0.6938	7678279	2047207	19194	222492	9967172	0.20539497060951692	0.7703568273929656	0.9348	0.9402	18.182	0.05281657411385963	0.03445146866058094	0.01683776840968354	3.2533082352870376e-4	1.1330981786316584e-5	0.9297845387954244	0.7713300912933911	0.8143407815352881	0.8295793908260533	Retained By Filtering
M300561	78	35.09244016171346	4.064154703327359	Caecum right	positive	MSEB0006	G121eI101B	L06	NA	NA	5000	Plate96_Covaris_520272	Success	2	13	G121e	ULV2_Full	TecanUDI_A_8nt	NA	7.9348	47322288	45468196	752032	5279444	7098343200	6731590640	151106425	0.521656	0.514693	0.233104	45468196	45456226	44423412	9969	1027952	995	45458227	44428274	44422417	44421888	36987261	7434627	0.7365999999999999	8595620	2334200	20547	244052	11194419	0.2085146178644912	0.7678486931746972	0.9408	0.9458	18.1387	0.03918010050570674	0.02128756256812153	2.1066183444046492e-4	0.021722364734350966	2.102603322983876e-5	0.9387096414273122	0.781603395845949	0.8134754455619924	0.8326359518983074	Retained By Filtering
M300562	80	37.85421515173593	4.008044989319108	Caecum right	positive	MSEB0006	G121eI101B	L06	NA	NA	5000	Plate96_Covaris_520272	Success	2	13	G121e	ULV2_Full	TecanUDI_A_8nt	NA	7.9649	46776708	45532388	660468	4315530	7016506200	6756448275	103067261	0.519839	0.515771	0.246612	45532388	45527262	45520216	3495	6859	475	45528893	45520403	45519741	45519312	37798210	7721102	0.7363	8697193	1986805	21709	239315	10945022	0.1815259028259605	0.7946254470753918	0.946	0.9505	18.1831	0.026601273437198703	0.014689256741481964	7.471667309294189e-5	1.466328070799681e-4	1.0154626529083662e-5	0.9731191857280764	0.8080562231955272	0.8301389771166845	0.8303774450721048	Retained By Filtering
M300563	83	37.64776950858158	3.9623254276962214	Caecum right	positive	MSEB0006	G121eI101B	L06	NA	NA	5000	Plate96_Covaris_520272	Success	1	13	G121e	ULV2_Full	TecanUDI_A_8nt	NA	14.2	49151014	46637910	768838	5225104	7372652100	6926523798	174165920	0.527617	0.51754	0.128353	46637910	46609378	46607266	26671	1954	458	46611239	46607424	46606808	46606362	38766420	7839942	0.7458	8721997	2013423	21988	253106	11010514	0.1828636701247553	0.7921516652174458	0.9314	0.9371	18.2183	0.05113025745511578	0.023623238644340752	5.426337694681131e-4	3.975502926552034e-5	9.318220779738136e-6	0.948227883965934	0.7887206558953188	0.8312212103844276	0.831783866760508	Retained By Filtering
M300564	12	10.653976784199834	3.0016227096021337	Caecum right	positive	MSEB0006	G121eI101B	L06	NA	NA	5000	Plate96_Covaris_520272	Success	1	13	G121e	ULV2_Full	TecanUDI_A_8nt	NA	0.1635	3530170	2889258	48156	877176	529525500	427157228	43903045	0.563805	0.519641	0.41457	2889258	2888724	2870606	416	17997	123	2888842	2870727	2870483	2870436	2320736	549700	0.6553	584299	123836	1430	14382	723947	0.17105672100305686	0.8071019011060202	0.9248	0.931	16.7794	0.18155272975522424	0.08291016202241441	1.1784135041655218e-4	0.005098054767900696	3.4842514666432494e-5	0.8131155156833807	0.6574006350968934	0.8032290643480091	0.8084959915497157	Retained By Filtering
M300565	0	1	0	Caecum right	negative	MSEB0006	G121eI101M	L06	NA	NA	5000	Plate96_Covaris_520272	Success	1	13	G121e	ULV2_Full	TecanUDI_A_8nt	NA	0.4248	3091984	69352	36406	2935613	463797600	9773794	192056683	0.77254	0.569378	0.25962	69352	68540	54464	664	13909	73	68688	54631	54391	54348	737	53611	NA	18322	9472	23	79	27896	0.3395468884427875	0.6567966733581876	0.7448	0.7638000000000001	13.6724	0.9775703884625535	0.4140958965721254	2.1474884734203024e-4	0.004498406201325751	2.36094365300726e-5	0.01757706378816967	2.3835828387210284e-4	0.010626946591302342	0.013560756605578862	Excluded By Filtering
M300566	73	34.993298848493545	3.744959530958501	Caecum right	positive	MSEB0006	G121eI101B	L06	NA	NA	5000	Plate96_Covaris_520272	Success	1	13	G121e	ULV2_Full	TecanUDI_A_8nt	NA	6.2866	37295718	34699290	509330	5963646	5594357700	5119646635	214071573	0.536276	0.521345	0.22982	34699290	34696202	34459354	1846	234902	380	34697444	34461300	34458974	34458638	28799822	5658816	0.7265	6391549	1563815	17396	186976	8159736	0.19165019554554216	0.7833034058945044	0.9333	0.9388	18.1131	0.06961732175259369	0.0382656212705169	4.949629874400058e-5	0.006298363796079754	1.0188837227909113e-5	0.9239301412564306	0.7722018382914628	0.8299830342349944	0.8357794640635535	Retained By Filtering
M300567	77	35.20623688043579	3.9915283359613443	Caecum right	positive	MSEB0006	G121eI101B	L06	NA	NA	5000	Plate96_Covaris_520272	Success	2	13	G121e	ULV2_Full	TecanUDI_A_8nt	NA	5.5164	42354370	40155832	663216	4857265	6353155500	5956641487	158363184	0.526336	0.516048	0.267695	40155832	40130892	39008452	23095	1106232	459	40132737	39024660	39007993	39007592	31805588	7202004	0.7262000000000001	7421666	2137847	18346	210678	9788537	0.21840311785101288	0.7581997187117953	0.9417	0.9466	18.1442	0.05190817382008043	0.024926697292392733	5.45280215477175e-4	0.026118485530536754	1.083713439722985e-5	0.9209815185540476	0.7509399384290216	0.7920540159646051	0.8153691722370353	Retained By Filtering
M300568	0	1	0	Caecum right	negative	MSEB0006	G121eI101Z	L06	NA	NA	NA	Plate96_Covaris_520272	NA	0	13	G121e	ULV2_Full	TecanUDI_A_8nt	NA	0.2532	3122782	1296578	40676	2446178	468417300	173038816	137936059	0.644036	0.462158	0.28906	1296578	1284172	1227634	12119	56158	129533	1284459	1228014	1098101	1097386	1776	1095610	0.0457	411831	116076	168	492	528567	0.21960508317772393	0.779146257711889	0.8496000000000001	0.8615	16.1771	0.5848003478949219	0.29447259740406684	0.003880834461067087	0.01798332384393147	0.04148000084540003	0.3514129388474764	5.687236573030074e-4	0.0013697594745553294	0.0016183913408773212	Excluded By Filtering
M300569	77	37.31326466598096	4.0765747234824135	Caecum right	positive	MSEB0006	G121eI101B	L06	NA	NA	5000	Plate96_Covaris_520272	Success	1	13	G121e	ULV2_Full	TecanUDI_A_8nt	NA	8.6602	36471496	34568238	595372	4591176	5470724400	5117267240	145597986	0.529317	0.519276	0.202228	34568238	34557434	34541728	9394	15481	409	34558844	34541953	34541319	34540948	28869831	5671117	0.7334999999999999	6475500	1508642	16710	181946	8182798	0.18436749874553912	0.791355230814692	0.934	0.9395	18.1626	0.052184807554919055	0.026614023181281074	2.57571008329354e-4	4.244684671009931e-4	1.1214237003055756e-5	0.9470669368758551	0.7915724378292571	0.8351548320166043	0.8358146684335358	Retained By Filtering
M300570	76	35.702351676581074	3.933043737307424	Caecum right	positive	MSEB0006	G121eI101B	L06	NA	NA	5000	Plate96_Covaris_520272	Success	2	13	G121e	ULV2_Full	TecanUDI_A_8nt	NA	5.1709	47887038	46393578	656258	3404259	7183055700	6909245498	96277865	0.522208	0.517039	0.29726	46393578	46375798	46355896	16306	19630	433	46377272	46356168	46355463	46355066	38369374	7985692	0.7696999999999999	8796132	1958147	21360	256726	11032365	0.17749113630667585	0.7973024822873428	0.9504	0.9546	18.1288	0.031187145047476102	0.013403469083498824	3.4050968030221453e-4	4.0992303595808116e-4	9.0421128155807e-6	0.9680086289738781	0.8012475943907827	0.8270406304941602	0.8277277396174995	Retained By Filtering
M300571	71	34.02952151371453	3.852711350007017	Caecum right	positive	MSEB0006	G121eI101B	L06	NA	NA	5000	Plate96_Covaris_520272	Success	2	13	G121e	ULV2_Full	TecanUDI_A_8nt	NA	3.514	48127476	46487192	701062	3718425	7219121400	6917433451	107335401	0.523516	0.517742	0.366198	46487192	46482834	46467684	2432	14869	653	46484760	46467965	46467031	46466480	38259047	8207433	0.7757	8933096	1934561	20423	256962	11145042	0.1735804136045427	0.801530940843471	0.9595	0.9629	18.0783	0.03408206987625946	0.014868208339036936	5.0532465072550244e-5	3.0895033847193646e-4	1.3568133097193795e-5	0.9654875730445536	0.7949522846367426	0.8230018926503455	0.82336873806666655	Retained By Filtering
M300572	49	28.979017480397207	3.9044942980687622	Caecum right	positive	MSEB0006	G121eI101B	L06	NA	NA	5000	Plate96_Covaris_520272	Success	4	13	G121e	ULV2_Full	TecanUDI_A_8nt	NA	0.9995	17762784	11546746	353854	6879409	2664417600	1703542015	397155498	0.599426	0.508925	0.3501	11546746	11542718	11534302	2451	8172	531	11544295	11534546	11533771	11533258	9446456	2086802	0.7034	2222383	574527	5123	60865	2862898	0.20068021983319	0.7762704085161259	0.9271	0.9331	17.7804	0.3499472830385147	0.1490590281343285	1.3798512665582152e-4	4.6006301714866316e-4	2.9893962568029878e-5	0.6492933765337686	0.5318116799708874	0.8181054645178824	0.819062228556753	Retained By Filtering
M300573	0	1	0	Caecum right	negative	MSEB0006	G121eI101M	L06	NA	NA	5000	Plate96_Covaris_520272	Success	1	13	G121e	ULV2_Full	TecanUDI_A_8nt	NA	0.009	987916	395768	14280	644438	148187400	57628094	39098058	0.678268	0.540815	0.268527	395768	393976	238294	1698	152913	216	394070	241063	238078	238062	22467	215595	0.3959	92594	69751	43	894	163282	0.4271811957227374	0.5670802660427972	0.8664000000000001	0.8772	14.7356	0.599391041343596	0.26384198656565944	0.0017187696119913029	0.1547834026374712	2.1864207078334597e-4	0.2409739289575227	0.022741812056895527	0.05676810656748398	0.09437457469062681	Excluded By Filtering
M300574	74	35.60383751668405	3.9620118596732055	Caecum right	positive	MSEB0006	G121eI101B	L06	NA	NA	5000	Plate96_Covaris_520272	Success	1	13	G121e	ULV2_Full	TecanUDI_A_8nt	NA	4.0219	38821918	37255948	669838	3079269	5823287700	5545317326	92291839	0.518092	0.510936	0.265141	37255948	37250998	37229546	3320	21077	519	37252628	37229921	37229027	37228552	31029491	6199061	0.7456	7140162	1641003	17246	204485	9002896	0.18227501461751863	0.793096132622214	0.9423	0.9471	18.1106	0.04033726515006291	0.015848751384892078	8.551870105954065e-5	5.429149585035959e-4	1.336873670177759e-5	0.9589570510143265	0.7992776400176828	0.8328734783503563	0.8334863789491463	Retained By Filtering
M300575	0	1	0	Caecum right	negative	MSEB0006	G121eI101R	L06	NA	NA	NA	Plate96_Covaris_520272	NA	0	13	G121e	ULV2_Full	TecanUDI_A_8nt	NA	2.5166	14669330	29796	260804	13933956	2200399500	3804621	916120478	0.774248	0.609165	0.340404	29796	28572	20846	652	7478	260	29144	21094	20586	20340	1166	19174	NA	8597	4084	2	41	12724	0.3209682489783087	0.6756523105941528	0.5108	0.5411	10.9887	0.9979688233886619	0.4163427950242672	4.444647437885711e-5	5.097710665722293e-4	1.7724054200157744e-5	0.0013865663939661866	7.948556614378435e-5	0.039132769499261644	0.05732546705998033	Excluded By Filtering
M300576	71	34.976557689293266	3.9366542108137126	Caecum right	positive	MSEB0006	G121eI101B	L06	NA	NA	5000	Plate96_Covaris_520272	Fail	4	13	G121e	ULV2_Full	TecanUDI_A_8nt	NA	3.4759	40859688	39143594	559322	4513161	6128953200	5803569727	136275414	0.524154	0.516087	0.349328	39143594	39140652	39118382	1638	22006	436	39141956	39118646	39117946	39117558	32548206	6569352	0.7273000000000001	7460968	1683819	17957	215859	9378603	0.17953835981755492	0.7955308482510668	0.9539	0.9578	18.0378	0.0419996843832973	0.022234696456810928	4.008841183515645e-5	5.385748417853802e-4	1.067066395612223e-5	0.9573631105553229	0.7965847903684433	0.8315078579652139	0.83206129585083	Retained By Filtering
M300577	78	35.72943457571418	3.955916250209678	Caecum right	positive	MSEB0006	G121eI101B	L06	NA	NA	5000	Plate96_Covaris_520272	Success	1	13	G121e	ULV2_Full	TecanUDI_A_8nt	NA	8.2333	46062590	43726358	713878	7122355	6909388500	6432174843	222811494	0.523249	0.513057	0.23347300000000001	43726358	43422952	43407394	299579	15331	476	43426779	43407621	43406918	43406474	35860663	7545811	0.7021999999999999	8184738	2096837	20122	233751	10535448	0.19902684726838385	0.7768761233504261	0.943	0.9478	18.1537	0.050718641743766474	0.03224764304395389	0.006503737631774505	3.328297431820486e-4	1.033376542656416e-5	0.9423368073744877	0.7785203350484634	0.8201154781745144	0.8261593189992811	Retained By Filtering
M300578	76	35.68880057690955	3.887479316913211	Caecum right	positive	MSEB0006	G121eI101B	L07	NA	NA	5000	Plate96_Covaris_520272	Success	4	13	G121e	ULV2_Full	TecanUDI_A_8nt	NA	4.4689	54403128	52777180	672548	6277559	8160469200	7813265835	158011415	0.527825	0.522955	0.315945	52777180	52642312	52617112	130986	24916	402	52646194	52617396	52616710	52616330	43911294	8705036	0.7258	10100342	2257156	26651	282348	12666497	0.17819891324333792	0.7974061020975255	0.9592	0.9626	18.1158	0.029887031495688998	0.01936303062083734	0.002407692440037639	4.5798837155098875e-4	7.389280998695516e-6	0.967156337040032	0.8071464934883891	0.8320128889038785	0.8345563820205628	Retained By Filtering
M300579	0	1	0	Caecum right	negative	MSEB0006	G121eI101M	L07	NA	NA	5000	Plate96_Covaris_520272	Success	2	13	G121e	ULV2_Full	TecanUDI_A_8nt	NA	0.1718	4805708	592876	60918	4130825	720856200	87138193	267494785	0.751112	0.581058	0.316745	592876	591554	559950	1072	31311	224	591804	560243	559726	559610	205717	353893	0.7103	147723	34386	282	1650	184041	0.1868388022234176	0.8026635369292712	0.8656	0.8764	15.686	0.8766308731200481	0.37107925963597177	2.2306806822220576e-4	0.006515377130695415	4.6611238135983295e-5	0.11644694184498933	0.04280680390901819	0.3469814936006855	0.3676077982880935	Excluded By Filtering
M300580	78	35.08504061952885	3.918968615519702	Caecum right	positive	MSEB0006	G121eI101B	L07	NA	NA	5000	Plate96_Covaris_520272	Success	1	13	G121e	ULV2_Full	TecanUDI_A_8nt	NA	5.0989	48883918	45201552	795486	5964740	7332587700	6715984468	241359247	0.542675	0.527127	0.261227	45201552	45070814	44216502	127233	848187	583	45074319	44222627	44215919	44215354	37013713	7201641	0.7563	8375276	2153237	21330	227614	10777457	0.19979082264025735	0.7771105929719785	0.9472	0.9517	18.0855	0.0753287819523795	0.03291597139710992	0.002602757823135208	0.017351043752262246	1.1926212624773652e-5	0.9044969349633555	0.7571756625563442	0.8188593391660535	0.8371235250089821	Retained By Filtering
M300581	62	32.87926780529177	3.895306323358722	Caecum right	positive	MSEB0006	G121eI101B	L07	NA	NA	5000	Plate96_Covaris_520272	Success	1	13	G121e	ULV2_Full	TecanUDI_A_8nt	NA	1.7147	42496670	39865840	770742	4509171	6374500500	5924034502	164935674	0.53423	0.522186	0.444309	39865840	39856242	39765680	7148	85114	813	39858692	39771128	39764867	39764172	33106400	6657772	0.7943000000000001	7731809	1669219	18376	212504	9631908	0.17330097006740514	0.8027287013123464	0.9696	0.9722	17.9336	0.06190673292754468	0.025874289914950985	1.6820141436964356e-4	0.002002839281289569	1.9130910727828792e-5	0.9357008913874899	0.7790351573429165	0.8304453135817532	0.8325685745449446	Retained By Filtering
M300582	64	32.93687598646598	3.9008622359652922	Caecum right	positive	MSEB0006	G121eI101B	L07	NA	NA	5000	Plate96_Covaris_520272	Success	1	13	G121e	ULV2_Full	TecanUDI_A_8nt	NA	2.6797	17004980	11053672	360612	4312878	2550747000	1634377418	246241826	0.619522	0.522643	0.133137	11053672	11040556	11036190	7285	2808	2104	11046387	11037748	11034086	11031992	9060645	1971347	0.7674	2135524	514503	5181	60364	2715572	0.18946395087296525	0.7863993294966953	0.8417	0.8543	18.1706	0.3499744192583584	0.09653714225675851	4.284039146179531e-4	1.651280977690065e-4	1.2372846072150628e-4	0.648750660100747	0.5328230318412606	0.8196954821890862	0.8213063424991606	Retained By Filtering
M300583	72	30.884731415038825	3.947949689966701	Caecum right	positive	MSEB0006	G121eI101B	L07	NA	NA	5000	Plate96_Covaris_520272	Success	1	13	G121e	ULV2_Full	TecanUDI_A_8nt	NA	4.1463	44142262	42459184	766752	2999832	6621339300	6328499962	89013378	0.5226	0.516221	0.285874	42459184	42454502	42445244	2662	9024	638	42456522	42445478	42444606	42443992	35353399	7090593	0.7669	8474632	1721210	19293	229734	10444869	0.1647900035893222	0.8113679549260024	0.9533	0.9572	18.0165	0.038128494638539366	0.01344340985516329	6.030502016412299e-5	2.044299406314973e-4	1.445326929553361e-5	0.9615273453816209	0.8008968593408285	0.8326443343800484	0.8329423631971281	Retained By Filtering
M300584	79	36.195448277760306	3.9471176038127207	Caecum right	positive	MSEB0006	G121eI101B	L07	NA	NA	5000	Plate96_Covaris_520272	Fail	4	13	G121e	ULV2_Full	TecanUDI_A_8nt	NA	9.1768	44002346	42854486	683428	2742581	6600351900	6385428280	64185016	0.520009	0.516414	0.220271	42854486	42850318	42839398	2488	10728	507	42851998	42839590	42838891	42838402	35931006	6907396	0.7601	8116116	1821134	19898	232934	10190082	0.1787163243632387	0.7964720990468968	0.9424	0.9473	18.1559	0.026086336396700303	0.009724483932440027	5.654243980536856e-5	2.4380518256912937e-4	1.1522112934614896e-5	0.9735481376379341	0.8165702346870324	0.8384421178216909	0.8387569172164732	Retained By Filtering
M300585	0	1	0	Caecum right	negative	MSEB0006	G121eI101Z	L07	NA	NA	NA	Plate96_Covaris_520272	NA	0	13	G121e	ULV2_Full	TecanUDI_A_8nt	NA	0.0599	1941852	994076	50124	1051866	291277800	144794967	63285172	0.612573	0.468901	0.304115	994076	984870	225438	8869	755143	215	985207	229727	225223	225208	2529	222679	0.1477	337224	75217	75	520	413036	0.18210761289572824	0.8164518347069021	0.8402	0.8528	14.7289	0.48807839114412427	0.21726740589224444	0.004567289371177618	0.38887773115561847	1.1071904552973141e-4	0.1159758828170221	0.0013023649588125151	0.0025440710770605066	0.011229618841248979	Excluded By Filtering
M300586	0	1	0	Caecum right	negative	MSEB0006	G121eI101M	L07	NA	NA	5000	Plate96_Covaris_520272	Success	1	13	G121e	ULV2_Full	TecanUDI_A_8nt	NA	0.0016	346456	166470	7890	238450	51968400	23020811	13157190	0.682093	0.592691	0.211248	166470	166396	147748	57	18524	60	166413	147872	147688	147680	796	146884	0.0653	56441	10541	93	440	67515	0.15612826779234243	0.8359771902540176	0.8582	0.8696	14.191	0.5195060844667144	0.25317673817165814	1.6452305631883991e-4	0.053467106934213866	1.7318216454614727e-4	0.4262590343362505	0.002297550049645554	0.004781642337958791	0.005390032502708559	Excluded By Filtering
M300587	0	1	0	Caecum right	negative	MSEB0006	G121eI101R	L07	NA	NA	NA	Plate96_Covaris_520272	NA	0	13	G121e	ULV2_Full	TecanUDI_A_8nt	NA	0.0023	434392	91978	23424	354239	65158800	12666058	22100041	0.728065	0.582863	0.132885	91978	91896	82318	68	9497	36	91910	82399	82282	82280	458	81822	0.16760000000000003	31913	5614	18	157	37702	0.14890456739695507	0.8464537690308206	0.8107	0.8254	13.8499	0.7882603731192103	0.3391720074648397	1.5654063610747896e-4	0.021862741486951876	8.28744544098418e-5	0.18941416969004954	0.0010543472255474318	0.004979451607993216	0.005566358774914924	Excluded By Filtering
M300588	78	34.36251573774897	3.9453557704911835	Caecum right	positive	MSEB0006	G121eI101B	L07	NA	NA	5000	Plate96_Covaris_520272	Success	1	13	G121e	ULV2_Full	TecanUDI_A_8nt	NA	1.6894	100750630	97851774	1454472	13328444	15112594500	14432246746	324862065	0.527133	0.522874	0.48054	97851774	97760510	97676824	87882	82702	927	97763892	97677808	97675897	97675114	81388162	16286952	0.736	18842265	4159248	47923	528705	23578141	0.17640271130790167	0.7991412469710822	0.9736	0.9759	18.0386	0.028772584350092896	0.02149611471412139	8.72272461224312e-4	8.208583906621726e-4	9.200935021448502e-6	0.9694739774828207	0.8078178965233269	0.8317494785531431	0.8332538214391026	Retained By Filtering
M300589	74	33.28886974701788	3.9067221737741153	Caecum right	positive	MSEB0006	G121eI101B	L07	NA	NA	5000	Plate96_Covaris_520272	Success	3	13	G121e	ULV2_Full	TecanUDI_A_8nt	NA	4.5468	55023522	52091584	884814	6742494	8253528300	7714516125	218945675	0.527283	0.516739	0.29012	52091584	52084804	52047550	4329	36024	828	52087255	52048780	52046722	52046018	43510963	8535055	0.7334999999999999	10146316	2234696	25483	267713	12674208	0.17631839401720406	0.8005483261754897	0.9491	0.9533	18.1016	0.05328517502023952	0.026527524598177	7.867544356757098e-5	6.54701820068879e-4	1.5048109788391954e-5	0.9458867064162123	0.7907702273220533	0.8352781708461774	0.8360094522505065	Retained By Filtering
M300590	74	32.7930626731801	4.086424650120787	Caecum right	positive	MSEB0006	G121eI101B	L07	NA	NA	5000	Plate96_Covaris_520272	Success	1	13	G121e	ULV2_Full	TecanUDI_A_8nt	NA	3.8186	43731716	42410712	743088	4749505	6559757400	6272133004	117904568	0.514503	0.509869	0.339602	42410712	42407100	42378266	1978	27939	610	42408734	42379161	42377656	42377174	35035088	7342086	0.7387999999999999	8568695	1831606	19193	228918	10648412	0.17200743171845717	0.8046922865118292	0.9548	0.9586	18.0407	0.030207001252820723	0.01797392202339678	4.523033123145682e-5	6.388727119695006e-4	1.39486865779518e-5	0.9690260953857837	0.801136822529443	0.8260905405219323	0.8267443223089864	Retained By Filtering
M300591	0	1	0	Caecum right	positive	MSEB0006	G121eI101B	L07	NA	NA	5000	Plate96_Covaris_520272	Success	1	13	G121e	ULV2_Full	TecanUDI_A_8nt	NA	0.054	490120	228580	10368	285942	73518000	33356648	17155024	0.693518	0.604534	0.239619	228580	228450	215844	109	12523	35	228471	215927	215809	215808	43120	172688	0.4816	50121	12143	247	548	63059	0.19256569244675625	0.7948270667152983	0.8727000000000001	0.883	14.5064	0.5336244185097527	0.2333445414728366	2.223945156288256e-4	0.0255508854974292	7.141108300008162e-5	0.4403166571451889	0.08797845425610054	0.18864292589027912	0.19980723606168446	Excluded By Filtering
M300592	79	32.94371001453582	4.03906955802826	Caecum right	positive	MSEB0006	G121eI101B	L07	NA	NA	5000	Plate96_Covaris_520272	Success	1	13	G121e	ULV2_Full	TecanUDI_A_8nt	NA	10.8231	48707620	46772872	792322	3701184	7306143000	6965414755	114229398	0.519738	0.512575	0.204436	46772872	46768420	46759158	2504	9033	605	46770368	46759387	46758553	46757968	39155943	7602025	0.7576999999999999	9327170	1954451	20705	257561	11559887	0.16907180840089528	0.8068565030090692	0.9443	0.9489	18.0807	0.03972166983318011	0.015634706027516845	5.1408793942303075e-5	1.8545352862652702e-4	1.2421054446922269e-5	0.9599723410833869	0.8038976858241071	0.8371507099243339	0.8374175498815517	Retained By Filtering
M300593	76	34.17716929215635	4.034868923290351	Caecum right	positive	MSEB0006	G121eI101B	L07	NA	NA	5000	Plate96_Covaris_520272	Success	1	13	G121e	ULV2_Full	TecanUDI_A_8nt	NA	5.1171	45125458	43526312	686830	5502145	6768818700	6431298190	148188647	0.519956	0.513768	0.292619	43526312	43518360	43506096	6307	12040	526	43520005	43506320	43505570	43505092	36059671	7445421	0.7284	8625860	1871721	19764	224766	10742111	0.17424145030711374	0.8029948675823588	0.9494	0.9536	18.1036	0.035437778825424884	0.021892837372051346	1.3976589445363635e-4	2.6681169640427804e-4	1.1656391387761649e-5	0.9640919766398826	0.7990981720340655	0.828456842380765	0.8288609296585329	Retained By Filtering
M300594	71	34.80411766161397	4.013495891629089	Caecum right	positive	MSEB0006	G121eI101B	L07	NA	NA	5000	Plate96_Covaris_520272	Success	2	13	G121e	ULV2_Full	TecanUDI_A_8nt	NA	3.485	52001076	49488626	742072	6736321	7800161400	7317341779	211528924	0.528928	0.5194	0.337881	49488626	49482860	49337006	3863	144672	726	49484763	49338188	49336280	49335756	40838865	8496891	0.742	9718953	2078865	23290	274388	12095496	0.171871000577405	0.8035183509630361	0.9583	0.9618	18.0839	0.04831534639783223	0.027118531675511228	7.428692437056494e-5	0.0027820962781616287	1.3961249571066567e-5	0.9487449067400067	0.7853465378293326	0.8252171923302134	0.8277741806571283	Retained By Filtering
M300595	79	31.02678125470645	4.031263044397651	Caecum right	positive	MSEB0006	G121eI101B	L07	NA	NA	5000	Plate96_Covaris_520272	Success	1	13	G121e	ULV2_Full	TecanUDI_A_8nt	NA	5.6806	54883926	52968572	840214	5226722	8232588900	7862408096	142599481	0.51552	0.509457	0.274747	52968572	52949404	52941206	17132	7893	540	52951440	52941511	52940666	52940152	44216542	8723610	0.7561	11111641	2160997	24077	280858	13577573	0.15915929894098158	0.8183819744515459	0.9528	0.9568	18.0353	0.0348982687572314	0.017321341164017068	3.1214968112886095e-4	1.4381259824597825e-4	9.838946288208318e-6	0.9645839111436744	0.8056373736820504	0.8347693798503761	0.8352175112757515	Retained By Filtering
M300596	81	32.55729699695392	4.008106648940939	Caecum right	positive	MSEB0006	G121eI101B	L07	NA	NA	5000	Plate96_Covaris_520272	Success	1	13	G121e	ULV2_Full	TecanUDI_A_8nt	NA	3.4962	52777964	50936014	908702	2420586	7916694600	7606662834	80359500	0.519526	0.513865	0.283792	50936014	50930456	50923916	2894	6235	754	50933120	50924221	50923162	50922442	42700754	8221688	0.7879999999999999	10293473	2013742	21787	272408	12601410	0.15980291094409277	0.8168508920827113	0.954	0.9578	18.0396	0.034899982121326244	0.010150637868486174	5.483349073488322e-5	1.1813642527021315e-4	1.428626538151415e-5	0.9648428651018065	0.8090640631760634	0.8383214674002564	0.8385448993196359	Retained By Filtering
M300597	77	32.94590702523838	4.05104527977025	Caecum right	positive	MSEB0006	G121eI101B	L07	NA	NA	5000	Plate96_Covaris_520272	Success	1	13	G121e	ULV2_Full	TecanUDI_A_8nt	NA	3.5071	59786184	58024204	983212	5438710	8967927600	8612130654	130036970	0.519674	0.515382	0.381555	58024204	58018516	57988352	3157	29648	2358	58021047	57988868	57985994	57985290	48661739	9323551	0.7545999999999999	11467624	2471321	27337	307814	14274096	0.17313327583056748	0.8033870586270402	0.9597	0.9631	18.0435	0.029471357462787725	0.014500225224833439	5.2804842001623655e-5	4.959005244422357e-4	3.944055034521019e-5	0.9698777563726094	0.8139295025084725	0.8386455245469632	0.8392083405981069	Retained By Filtering
M300598	76	33.60397498369015	3.9994908083181167	Caecum right	positive	MSEB0006	G121eI101B	L07	NA	NA	5000	Plate96_Covaris_520272	Fail	4	13	G121e	ULV2_Full	TecanUDI_A_8nt	NA	5.2121	51932876	50385028	783906	4838035	7789931400	7473021906	123514047	0.519168	0.514413	0.299393	50385028	50380400	50369314	2547	10703	594	50382481	50369697	50368720	50368170	42202040	8166130	0.7424	9895888	2131889	23463	265570	12316810	0.17308775567699752	0.8034456973843065	0.957	0.9606	18.032	0.029804781079330173	0.015855601372818252	4.904407758969482e-5	2.0609295737828963e-4	1.1437841416677944e-5	0.9698706075896895	0.8126266683170021	0.8375908811641426	0.8378712190655329	Retained By Filtering
M300599	79	34.48254616695117	3.919542169687623	Caecum right	positive	MSEB0006	G121eI101B	L07	NA	NA	5000	Plate96_Covaris_520272	Success	1	13	G121e	ULV2_Full	TecanUDI_A_8nt	NA	9.712	49738156	48154838	759388	2760294	7460723400	7184003320	83830537	0.524178	0.519109	0.19433	48154838	48151562	48148980	1692	2375	421	48153146	48149187	48148559	48148140	40441151	7706989	0.7923	9445718	1900941	22056	261259	11629974	0.16345187014175613	0.8121873703243017	0.9485	0.9528	18.0923	0.031833065946393346	0.011236247814789648	3.401814896394631e-5	4.77500613412367e-5	8.46432666301501e-6	0.9680322688279799	0.8130810277727224	0.8398149112244963	0.8399317398346021	Retained By Filtering
M300600	0	1	0	Caecum right	negative	MSEB0006	G121eI101Z	L07	NA	NA	NA	Plate96_Covaris_520272	NA	0	13	G121e	ULV2_Full	TecanUDI_A_8nt	NA	0.0695	848944	150618	23678	700017	127341600	21399217	44704016	0.730935	0.539287	0.199641	150618	150320	98512	204	51473	83	150414	98847	98429	98396	884	97512	0.4576	38673	23678	53	309	62713	0.377561271187792	0.6166664009057133	0.7186	0.7393	14.5385	0.822581937088901	0.35105586862423593	2.4029853559245367e-4	0.06063179667916847	9.776852183418459e-5	0.11590399366742683	0.001041293654233966	0.005869152425340929	0.008984105044920525	Excluded By Filtering
M300601	0	1	0	Caecum right	negative	MSEB0006	G121eI101M	L07	NA	NA	5000	Plate96_Covaris_520272	Success	2	13	G121e	ULV2_Full	TecanUDI_A_8nt	NA	0.3409	7162768	4153800	123762	3795949	1074415200	596841364	209083279	0.691373	0.637648	0.282408	4153800	4148240	4092264	5311	55500	230	4148489	4092740	4092034	4091968	2379	4089589	0.4594	734889	180973	6927	1975	924764	0.19569641551790512	0.7946773447063251	0.8259000000000001	0.8395	17.8593	0.4200845259821343	0.19460193694206857	7.414731288239406e-4	0.007748401176751781	3.211049136311549e-5	0.5712830570528041	3.32134169360225e-4	5.727285858731764e-4	5.813828456136509e-4	Excluded By Filtering
M300602	3	2.19715616889955	1.317811818922585	Ileum	positive	MSEB0006	G121eD101C	L06	NA	NA	5000	Plate96_Covaris_520272	Success	2	14	G121e	ULV2_Full	TecanUDI_A_8nt	NA	0.4555	14329858	12961166	194792	3952750	2149478700	1865854518	153923919	0.477927	0.448477	0.494253	12961166	8399694	8359764	4531322	39649	403	8429844	8360045	8359361	8359252	4460766	3898486	0.5438000000000001	3606087	2128994	3827	3782	5742690	0.3707311381948181	0.6279438729933184	0.9605	0.9638	15.8051	0.0955132981778326	0.07160988336381281	0.3162154153935091	0.002766880174248761	2.8123097939979587e-5	0.5833450687368988	0.3112917099387866	0.3441639432748566	0.5336321957993371	Retained By Filtering
M300603	2	1.6636600199422062	1.2089849197984581	Ileum	positive	MSEB0006	G121eD101C	L06	NA	NA	5000	Plate96_Covaris_520272	Success	1	14	G121e	ULV2_Full	TecanUDI_A_8nt	NA	0.192	4827904	2577876	83794	2509957	724185600	377334180	149905199	0.598657	0.449789	0.374753	2577876	1010420	972808	1557027	37131	217	1020849	973289	972591	972550	516967	455583	0.3557	747459	413458	113	693	1161723	0.35590067511790674	0.6434055278237584	0.9446	0.9493	14.9904	0.46604654939286283	0.2069983150728211	0.3225057913330505	0.007690915146614349	4.4947041200487834e-5	0.20144352497481308	0.10707897257277692	0.2005399018416712	0.5315582746388361	Retained By Filtering
M300604	0	1	0	Ileum	negative	MSEB0006	G121eD101M	L06	NA	NA	5000	Plate96_Covaris_520272	Success	1	14	G121e	ULV2_Full	TecanUDI_A_8nt	NA	0.7233	10752892	298050	128442	10264201	1612933800	39238335	669386229	0.773199	0.565221	0.150809	298050	296838	211128	754	85331	297	297296	211507	210831	210644	1311	209333	0.0799	72850	46428	146	237	119661	0.3879960889512874	0.608803202380057	0.9205	0.9271	13.9525	0.9722818754247694	0.4150115950202048	7.012067079256445e-5	0.007935632572148962	2.7620476426248865e-5	0.01958952066104635	1.2192068887142175e-4	0.00439859084046301	0.006223770912060158	Excluded By Filtering
M300605	2	1.8584500890594022	1.242887309782223	Ileum	positive	MSEB0006	G121eD101C	L06	NA	NA	5000	Plate96_Covaris_520272	Success	2	14	G121e	ULV2_Full	TecanUDI_A_8nt	NA	0.0325	1912394	982374	29280	1092709	286859100	141991409	63806841	0.62075	0.480887	0.365517	982374	921710	727114	60077	191275	284	922297	730435	726830	726822	274348	452474	0.5577000000000001	311959	122597	134	956	435646	0.28141426754750415	0.7160837009865808	0.9478	0.9521	14.8374	0.4863119210790245	0.22243268907976077	0.03141455160390589	0.10001861541084107	1.485049628894464e-4	0.38005871175082123	0.14345788577040086	0.27927042043050815	0.37746243234244425	Retained By Filtering
M300606	1	1	1	Ileum	positive	MSEB0006	G121eD101C	L06	NA	NA	5000	Plate96_Covaris_520272	Success	1	14	G121e	ULV2_Full	TecanUDI_A_8nt	NA	0.0251	1311520	1051676	19178	485190	196728000	151958601	21487150	0.587469	0.545483	0.438599	1051676	1049056	980104	2576	68379	233	1049100	980677	979871	979858	553306	426552	0.7070000000000001	265109	65956	547	3939	335551	0.1965602844277025	0.7900706598996874	0.9446	0.9492	15.2751	0.1981243137733317	0.10922263226383637	0.001964133219470538	0.05213721483469562	1.7765645968037086e-4	0.7471163230450165	0.421881481029645	0.5261183102020014	0.5646797801314068	Retained By Filtering
M300607	0	1	0	Ileum	negative	MSEB0006	G121eD101R	L06	NA	NA	NA	Plate96_Covaris_520272	NA	0	14	G121e	ULV2_Full	TecanUDI_A_8nt	NA	0.0656	880198	231418	21084	736940	132029700	30426338	44245050	0.718438	0.573644	0.190069	231418	231172	210364	173	20681	117	231245	210491	210247	210230	1337	208893	0.2553	62103	22137	81	248	84569	0.26176258439853844	0.7343471011836489	0.9017	0.9098	13.9733	0.7370841560648854	0.3351143719935742	1.9654668608653963e-4	0.023495849797431943	1.3292463741112795e-4	0.23884398737556778	0.0015189764121254536	0.005777424400867694	0.006359701279550968	Excluded By Filtering
M300608	3	2.105799565458607	1.3624727093393643	Ileum	positive	MSEB0006	G121eD101C	L06	NA	NA	5000	Plate96_Covaris_520272	Success	1	14	G121e	ULV2_Full	TecanUDI_A_8nt	NA	0.0487	2422996	1947440	40054	730445	363449400	284625639	35830812	0.47167	0.400075	0.457165	1947440	1800994	1760766	145289	39907	583	1802151	1761087	1760183	1760146	1216478	543668	1	797418	114492	139	1571	913620	0.1253168713469495	0.8728114533394628	0.9634	0.9665	14.859	0.1962677610693538	0.09858542069404985	0.05996254224109326	0.016470105604796705	2.4061121025375197e-4	0.7264337208975995	0.5020553067359583	0.6246549316025141	0.6911233499948299	Retained By Filtering
M300609	3	2.203934123553796	1.3461842631713266	Ileum	positive	MSEB0006	G121eD101C	L06	NA	NA	5000	Plate96_Covaris_520272	Success	1	14	G121e	ULV2_Full	TecanUDI_A_8nt	NA	0.3051	8833250	6406798	102542	3287394	1324987500	934993756	175318445	0.499459	0.397757	0.442901	6406798	6374892	6136476	31412	237335	240	6375386	6137557	6136236	6136152	4147885	1988267	0.8881	2690141	234848	410	3597	2928996	0.08018037580112776	0.9184515786296736	0.9743	0.9765	15.2132	0.274695270710101	0.13231705582128134	0.003556109019896414	0.026868366682704554	2.717006764214757e-5	0.6946652704270795	0.4695763167577053	0.6474193505086316	0.6759749432543392	Retained By Filtering
M300610	3	2.278237677026466	1.3804843175113288	Ileum	positive	MSEB0006	G121eD101C	L06	NA	NA	5000	Plate96_Covaris_520272	Success	1	14	G121e	ULV2_Full	TecanUDI_A_8nt	NA	0.3969	9427188	4551766	111252	5306963	1414078200	669141371	320669263	0.591686	0.396257	0.415105	4551766	4162814	4118750	386099	43793	1728	4165667	4119021	4117022	4116920	3035867	1081053	0.9619	1895630	260111	262	2696	2158699	0.12049433478219984	0.878135395439568	0.9706	0.9731	15.0369	0.517166094491804	0.2267691157391437	0.04095590328738538	0.004645393727164452	1.8329962232640316e-4	0.43670710714584243	0.3220331449844853	0.6669646462493898	0.7374121916384093	Retained By Filtering
M300611	1	1	1	Ileum	positive	MSEB0006	G121eD101C	L06	NA	NA	5000	Plate96_Covaris_520272	Success	1	14	G121e	ULV2_Full	TecanUDI_A_8nt	NA	0.4475	5914334	267318	81396	5558919	887150100	38471967	362904478	0.759834	0.469293	0.327783	267318	255042	229718	11444	25097	146	255874	229945	229572	229554	85472	144082	0.404	93665	26959	79	239	120942	0.22290850159580625	0.7744621388764863	0.9286	0.9345	14.1559	0.954801673358319	0.4090677304776272	0.00193496004791072	0.004243419461937726	2.468578879718325e-5	0.03881316138046989	0.014451669452553745	0.3197390374011477	0.3723394059785497	Retained By Filtering
M300612	3	2.100729032831626	1.3291377690313377	Ileum	positive	MSEB0006	G121eD101C	L06	NA	NA	5000	Plate96_Covaris_520272	Success	1	14	G121e	ULV2_Full	TecanUDI_A_8nt	NA	NA	8375058	5635824	147282	3310141	1256258700	827980840	186800814	0.547661	0.43741	0.377908	5635824	5464674	5381644	169627	82582	218	5466197	5382092	5381426	5381360	3186350	2195010	0.937	2320248	209062	1548	1839	2532697	0.08254520773704868	0.916117482667686	0.9745	0.9766	15.3971	0.32707045133299373	0.1486961355969117	0.020253829883924386	0.009860469026005552	2.6029670481088013e-5	0.6425459978904027	0.3804570666853889	0.5653742913192463	0.5921086862800482	Retained By Filtering
M300613	1	1	1	Ileum	positive	MSEB0006	G121eD101C	L06	NA	NA	5000	Plate96_Covaris_520272	Fail	4	14	G121e	ULV2_Full	TecanUDI_A_8nt	NA	0.2718	4225568	396986	69846	3798909	633835200	57150384	246095467	0.746157	0.464218	0.312924	396986	383482	351872	13274	31400	117	383712	352082	351755	351728	90364	261364	0.4292	113168	51385	80	1963	166596	0.30844077889024946	0.6792960215131215	0.9293	0.9352	14.5336	0.9060514468114109	0.38826412133627164	0.003141352831146014	0.00743095366114094	2.7688585297881847e-5	0.08323804042438791	0.021385054032972608	0.227625155547047	0.256914433880726	Retained By Filtering
M300614	0	1	0	Ileum	negative	MSEB0006	G121eD101M	L06	NA	NA	5000	Plate96_Covaris_520272	Success	4	14	G121e	ULV2_Full	TecanUDI_A_8nt	NA	0.3166	4655762	175552	57732	4413293	698364300	24666995	287966239	0.767397	0.566714	0.297917	175552	175194	138008	321	36994	83	175231	138200	137925	137914	1675	136239	0.2516	48042	22899	65	336	71342	0.3209750217263323	0.673404165849009	0.8974	0.9057	13.8821	0.9622936052143559	0.412343871243132	6.89468233127037e-5	0.007945852902274644	1.7827371759982577e-5	0.029622218661520927	3.597692493731424e-4	0.009541332482683193	0.012145249938367388	Excluded By Filtering
M300615	0	1	0	Ileum	negative	MSEB0006	G121eD101Z	L06	NA	NA	NA	Plate96_Covaris_520272	NA	0	14	G121e	ULV2_Full	TecanUDI_A_8nt	NA	3.0337	43791720	48904	429874	42589686	6568758000	6462805	2784347318	0.775523	0.609751	0.470865	48904	47288	38070	974	9057	290	47930	38231	37780	37504	628	36876	NA	11635	8910	9	97	20651	0.4314561038206382	0.5634109728342453	0.6414	0.6663	11.4112	0.9988832592097319	0.42387728669559754	2.224164750779371e-5	2.0681991938202015e-4	6.622256444825643e-6	8.564176058853134e-4	1.4340610508105185e-5	0.012841485359070832	0.016744880546075085	Excluded By Filtering
M300616	2	1.4000931123107594	1.157886191407312	Ileum	positive	MSEB0006	G121eD101C	L06	NA	NA	5000	Plate96_Covaris_520272	Success	1	14	G121e	ULV2_Full	TecanUDI_A_8nt	NA	0.30620000000000003	5358532	2330802	122006	3075347	803779800	344636650	193596624	0.621922	0.429426	0.361728	2330802	2308536	2144798	21832	163033	1463	2308970	2145503	2143335	2143266	1347620	795646	0.8563	924696	136885	227	3266	1065074	0.12852158629353452	0.8681988293771137	0.9622	0.9653	14.9381	0.5650297506854489	0.24085778717006823	0.004074250186431657	0.03042493727759767	2.730225367693988e-4	0.3999726044371854	0.25149052016485113	0.5781786698312427	0.6287693641386557	Retained By Filtering
M300617	3	2.068324376698663	1.3422338465363945	Ileum	positive	MSEB0006	G121eD101C	L06	NA	NA	5000	Plate96_Covaris_520272	Fail	4	14	G121e	ULV2_Full	TecanUDI_A_8nt	NA	0.3743	6526366	3269466	121590	3569290	978954900	479556280	215350024	0.601865	0.433758	0.400527	3269466	2070050	1988840	1192043	79922	171	2077423	1990128	1988669	1988616	1353590	635026	0.5868	831513	616679	291	2651	1451134	0.42496351129530424	0.5730091087384074	0.9529	0.9569	15.2914	0.49903728966472305	0.21997951488878598	0.18265034477073458	0.012246018687888481	2.6201411321399994e-5	0.3047049460603343	0.20740332368733227	0.41400950491609334	0.6806693700543494	Retained By Filtering
M300618	0	1	0	Ileum	negative	MSEB0006	G121eD101M	L06	NA	NA	5000	Plate96_Covaris_520272	Success	1	14	G121e	ULV2_Full	TecanUDI_A_8nt	NA	1.0644	11345618	151344	172646	10618075	1701842700	19997833	689285629	0.778537	0.609688	0.324398	151344	150460	134368	474	15807	196	150870	134653	134172	134034	1219	132815	0.1741	49340	13533	42	212	63127	0.214377366261663	0.781598998843601	0.9088	0.9163	13.5263	0.9866605767971388	0.40502311347576364	4.177824425253873e-5	0.0013932251200419405	1.7275392138180573e-5	0.0118137240298413	1.0744236232878632e-4	0.00805449836134898	0.009094707313069819	Excluded By Filtering
M300619	2	1.5754894608674306	1.1926300432800105	Ileum	positive	MSEB0006	G121eD101C	L06	NA	NA	5000	Plate96_Covaris_520272	Success	2	14	G121e	ULV2_Full	TecanUDI_A_8nt	NA	0.4831	6064888	2877266	87666	3499307	909733200	420149936	210092089	0.595283	0.396411	0.383406	2877266	2730768	2694182	145301	36361	166	2731965	2694407	2694016	2693964	1929624	764340	0.9449	1240898	107338	144	2187	1350567	0.07947624960479562	0.9187978086240816	0.9696	0.9722	14.8587	0.5255862927724304	0.23093813548851466	0.023957738378680694	0.005995329180027727	2.737066207982736e-5	0.44419023071819297	0.31816317135617345	0.6706449803389746	0.7162768322071119	Retained By Filtering
M300620	0	1	0	Ileum	negative	MSEB0006	G121eD101Z	L06	NA	NA	NA	Plate96_Covaris_520272	NA	0	14	G121e	ULV2_Full	TecanUDI_A_8nt	NA	0.113	637182	564126	11528	203582	95577300	80738053	7871507	0.555266	0.531596	0.464062	564126	561480	304922	2506	254989	94	561620	306491	304828	304824	1566	303258	0.25989999999999996	120839	110511	165	637	232152	0.47602863641062754	0.520516730418002	0.9526	0.9566	13.9254	0.11465483959057224	0.08235749492818902	0.003932942236284139	0.4001823654779953	1.4752456911839944e-4	0.47839392826539356	0.002457696545100144	0.0027759755799236343	0.005137390756633336	Excluded By Filtering
M300621	0	1	0	Ileum	positive	MSEB0006	G121eD101C	L06	NA	NA	5000	Plate96_Covaris_520272	Fail	4	14	G121e	ULV2_Full	TecanUDI_A_8nt	NA	2.5227	26829492	97236	635778	25392025	4024423800	11853057	1703644725	0.764113	0.626046	0.333838	97236	95146	87538	1137	7334	411	96099	87812	87127	86760	2656	84104	NA	20456	16864	190	266	37776	0.4464210080474375	0.5415078356628548	0.8542000000000001	0.8659	10.9327	0.9963757793103202	0.4233263715913816	4.2378737547472016e-5	2.7335590252696546e-4	1.5318963176790676e-5	0.0032337548545458856	9.899553819356699e-5	0.027314986219095807	0.03061318579990779	Excluded By Filtering
M300622	2	1.966478606252506	1.260540888109733	Ileum	positive	MSEB0006	G121eD101C	L06	NA	NA	5000	Plate96_Covaris_520272	Success	2	14	G121e	ULV2_Full	TecanUDI_A_8nt	NA	0.2215	5652052	4926106	85292	1899965	847807800	703862907	75534191	0.533624	0.500981	0.455324	4926106	4716066	4575558	208137	139455	861	4717969	4576611	4574697	4574646	537780	4036866	0.3423	722368	551932	1524	5171	1280995	0.4308619471582637	0.5639116468058033	0.9561	0.9598	16.6366	0.12843937033841868	0.08909353157637852	0.036825032749167916	0.024673339877269353	1.5233405495915467e-4	0.809377903812633	0.09514774457135214	0.10916939261964724	0.11755663716930229	Retained By Filtering
M300623	2	1.9992344207979027	1.2658076141831323	Ileum	positive	MSEB0006	G121eD101C	L06	NA	NA	5000	Plate96_Covaris_520272	Success	2	14	G121e	ULV2_Full	TecanUDI_A_8nt	NA	0.1137	3513174	2420780	81840	1477206	526976100	350322625	78392671	0.554091	0.458835	0.408256	2420780	1349524	1312558	1061607	36725	149	1359173	1312799	1312409	1312370	828104	484266	0.4114	576842	530857	254	766	1108719	0.4788021130692267	0.5202779063044829	0.9646	0.9675	14.908	0.31094218504406557	0.14875944279066924	0.3021788843934288	0.010453510130725093	4.241179059164163e-5	0.37355678938760223	0.23571391567852887	0.3420814778707689	0.6309988798890557	Retained By Filtering
M300624	1	1	1	Ileum	positive	MSEB0006	G121eD101C	L06	NA	NA	5000	Plate96_Covaris_520272	Success	2	14	G121e	ULV2_Full	TecanUDI_A_8nt	NA	0.6964	2649582	1614384	41026	1514073	397437300	226634976	79249430	0.622209	0.526564	0.354442	1614384	1603472	1201716	10687	398493	306	1603697	1204979	1201410	1201400	275051	926349	0.6487	510234	184127	337	1668	696366	0.26441124351275047	0.7327095234402599	0.9607	0.964	15.1417	0.39070238248901146	0.19940108792003167	0.0040334664109282145	0.15039844020679488	1.154899150130096e-4	0.4534300127340841	0.10380920462171014	0.17037520193460787	0.2289420675878142	Retained By Filtering
M300625	0	1	0	Ileum	positive	MSEB0006	G121eD101C	L06	NA	NA	5000	Plate96_Covaris_520272	Fail	4	14	G121e	ULV2_Full	TecanUDI_A_8nt	NA	0.0397	1105798	910214	18834	534417	165869700	125347772	22568438	0.582534	0.549176	0.39547	910214	903412	685728	6593	216061	419	903621	687351	685309	685292	50671	634621	0.4192	244021	117584	317	1141	363063	0.3238666567510322	0.6721175112859201	0.9548	0.9586	14.7564	0.17687136348591695	0.1360612456645186	0.005962210096238192	0.19538921213458516	3.789118808317613e-4	0.6197262067755593	0.04582301650030114	0.05566932611451812	0.07394074350787694	Excluded By Filtering
M300626	0	1	0	Ileum	negative	MSEB0006	G121eD101Z	L07	NA	NA	NA	Plate96_Covaris_520272	NA	0	14	G121e	ULV2_Full	TecanUDI_A_8nt	NA	0.3401	2704082	580236	51678	2158613	405612300	83834741	135559353	0.73266	0.574705	0.28042	580236	579908	361320	226	216935	210	580010	362973	361110	361084	1368	359716	0.396	138027	96144	210	621	235002	0.4091199223836393	0.5873439374984043	0.9352	0.9406	14.4914	0.7854221876407594	0.3342091770885646	8.357734713666227e-5	0.08022500796943288	7.7660366808403e-5	0.13353293280307327	5.059018180661681e-4	0.0023576613653754678	0.003788592128147467	Excluded By Filtering
M300627	2	1.99828528886407	1.265665217890004	Ileum	positive	MSEB0006	G121eD101C	L07	NA	NA	5000	Plate96_Covaris_520272	Success	2	14	G121e	ULV2_Full	TecanUDI_A_8nt	NA	0.3207	3256580	1261562	64294	2097241	488487000	184296120	128176143	0.653121	0.460396	0.344208	1261562	953120	869214	305900	82545	403	955662	870575	868811	868752	450874	417878	0.6192	362822	196542	164	793	560321	0.350766792606381	0.647525257843272	0.946	0.9506	14.977	0.6126113898629851	0.2623941742564285	0.09393289893078015	0.02534714332213549	1.2374945494967113e-4	0.26676820468098433	0.1384501532282333	0.35739345351239177	0.518990459878078	Retained By Filtering
M300628	3	2.0865481433374278	1.450730585933401	Ileum	positive	MSEB0006	G121eD101C	L07	NA	NA	5000	Plate96_Covaris_520272	Success	1	14	G121e	ULV2_Full	TecanUDI_A_8nt	NA	0.0082	3991964	3618410	56134	809034	598794600	531100809	31701442	0.46032	0.430016	0.519652	3618410	2786456	2692714	825309	92129	246	2793101	2694327	2692468	2692412	1991335	701077	0.7409	1227540	449116	165	2232	1679053	0.2674817292843049	0.7310906802822782	0.9712	0.9736	14.7721	0.09357649517881424	0.052942097340223176	0.2067425958751131	0.023078614937409255	6.162380221865728e-5	0.6744579860940629	0.4988359113458939	0.5503342628392028	0.7396100596788308	Retained By Filtering
M300629	3	1.6407633347677293	1.2623783658086514	Ileum	positive	MSEB0006	G121eD101C	L07	NA	NA	5000	Plate96_Covaris_520272	Success	1	14	G121e	ULV2_Full	TecanUDI_A_8nt	NA	0.4048	13639050	12983946	273214	1801907	2045857500	1915584968	53763391	0.464359	0.453373	0.511928	12983946	2471976	2333448	10427866	137492	594	2556080	2334484	2332854	2332674	1462683	869991	0.17420000000000002	4916946	944576	646	2948	5865116	0.1610498411284619	0.8383373832674409	0.9607	0.964	14.7349	0.048031497794934395	0.026279147496832012	0.7645595551009784	0.010080760756797577	4.3551420370187075e-5	0.17102906727374706	0.10724229326822617	0.11265319495321376	0.6270413268206358	Retained By Filtering
M300630	3	1.6138425216439716	1.2445171779556823	Ileum	positive	MSEB0006	G121eD101C	L07	NA	NA	5000	Plate96_Covaris_520272	Success	3	14	G121e	ULV2_Full	TecanUDI_A_8nt	NA	9.279	48206734	45865964	1092316	5125089	7231010100	6788899531	156420366	0.450398	0.439633	0.267447	45865964	1936796	1922686	43575085	12860	915	2290879	1923936	1921771	1921216	715217	1205999	0.0202	20111524	468217	1699	4117	20585557	0.02274492742654474	0.9769725443911962	0.8714	0.8818	15.404	0.04855690908245309	0.021631883213660566	0.9039211202318747	2.6676770925821276e-4	1.8980750697610006e-5	0.03985368517186831	0.014836454176713153	0.015593632786176695	0.37227308121523034	Retained By Filtering
M300631	4	3.042366345756983	1.6919616567109483	Ileum	positive	MSEB0006	G121eD101C	L07	NA	NA	5000	Plate96_Covaris_520272	Success	1	14	G121e	ULV2_Full	TecanUDI_A_8nt	NA	0.3206	8350980	7365776	123698	2654841	1252647000	1060528745	98192122	0.530966	0.500568	0.483355	7365776	6552002	6445580	807369	105426	215	6558407	6446576	6445365	6445280	1885842	4559438	0.5804	1969736	642487	2218	4525	2618966	0.2453208632719936	0.7521044564916077	0.9602	0.9635	16.5742	0.11797465686661925	0.07838770379843643	0.0966795513819935	0.012624386598938088	2.574548136865374e-5	0.7717992379337515	0.22582283755918467	0.2560276065956934	0.29259271901298317	Retained By Filtering
M300632	0	1	0	Ileum	negative	MSEB0006	G121eD101M	L07	NA	NA	5000	Plate96_Covaris_520272	Fail	4	14	G121e	ULV2_Full	TecanUDI_A_8nt	NA	NA	857768	251366	21706	669986	128665200	34806025	40420518	0.716427	0.587036	0.251572	251366	250766	220290	570	29598	177	250796	221168	220113	220102	9804	210298	0.1867	83049	18329	92	381	101851	0.1799589596567535	0.8153970015021944	0.9049	0.9127	14.1764	0.7069533953236773	0.3141526846420011	6.645153468070621e-4	0.03450583374525513	2.0634950242956137e-4	0.25659852081215434	0.011429663965081467	0.039002888218772624	0.044542984616223386	Excluded By Filtering
M300633	5	1.9100453473249022	1.4087221677232722	Ileum	positive	MSEB0006	G121eD101C	L07	NA	NA	5000	Plate96_Covaris_520272	Success	3	14	G121e	ULV2_Full	TecanUDI_A_8nt	NA	0.3119	7846360	7013928	108816	1593406	1176954000	1031328580	65949304	0.439394	0.401806	0.499935	7013928	5950768	5824170	1054206	125485	353	5959722	5825283	5823817	5823710	4605035	1218675	0.8028	2623241	635095	349	5665	3264350	0.1945548118308392	0.8036028612127989	0.9772	0.9791	14.6777	0.10609148700798841	0.05603388407703275	0.13435605809572845	0.015992766072420842	4.498901401414159e-5	0.7422180476042394	0.5869008049592422	0.6565557844334872	0.7907390649603088	Retained By Filtering
M300634	4	2.1615373813462133	1.3722455212031324	Ileum	positive	MSEB0006	G121eD101C	L07	NA	NA	5000	Plate96_Covaris_520272	Success	2	14	G121e	ULV2_Full	TecanUDI_A_8nt	NA	0.435	9650450	6663142	165280	4041735	1447567500	972009264	208951065	0.511787	0.394633	0.432962	6663142	6627658	6556522	34731	70657	438	6628411	6557001	6556084	6555920	4912704	1643216	0.9216	3027535	126202	534	5025	3159296	0.03994624118791021	0.9582941895916052	0.9735	0.9758	15.0037	0.3095511608266972	0.14434633618121434	0.0035988995331823906	0.007321627488873576	4.538648456807713e-5	0.6793382691998818	0.5090647586381982	0.7372954080822531	0.7493538664291205	Retained By Filtering
M300635	0	1	0	Ileum	negative	MSEB0006	G121eD101R	L07	NA	NA	NA	Plate96_Covaris_520272	NA	0	14	G121e	ULV2_Full	TecanUDI_A_8nt	NA	0.0258	582122	243238	28840	404148	87318300	33127782	22876037	0.690045	0.591221	0.22353	243238	241590	216644	1634	24826	90	241604	216764	216554	216546	1358	215188	0.4269	85665	15483	153	250	101551	0.1524652637590964	0.843566286890331	0.9287	0.9346	13.854	0.5821528820419087	0.26198445228548883	0.0028069717344474184	0.04264741755164725	1.5460676627923356e-4	0.3719941867855879	0.0023328443178577685	0.0055830092337545946	0.006271184875268996	Excluded By Filtering
M300636	3	2.028562820708706	1.4253923640360064	Ileum	positive	MSEB0006	G121eD101C	L07	NA	NA	5000	Plate96_Covaris_520272	Success	2	14	G121e	ULV2_Full	TecanUDI_A_8nt	NA	0.1868	4403574	4069462	74698	908154	660536100	594186144	32823667	0.467453	0.445841	0.507964	4069462	4016970	3819752	51597	179771	258	4017865	3837199	3819494	3819438	2118559	1700879	0.774	1572468	200824	781	2441	1776514	0.1130438600540159	0.8851424756573829	0.9692	0.9718	14.9864	0.07587291595417722	0.04969246495384582	0.011717073449884118	0.040823885325873936	5.8588773573465554e-5	0.867349566511202	0.4810998974923551	0.520599283148485	0.554678201347947	Retained By Filtering
M300637	0	1	0	Ileum	positive	MSEB0006	G121eD101C	L07	NA	NA	5000	Plate96_Covaris_520272	Success	2	14	G121e	ULV2_Full	TecanUDI_A_8nt	NA	0.0153	1607570	1456382	33494	329033	241135500	213243466	12078241	0.499511	0.474562	0.466717	1456382	1453222	292450	2623	1155279	84	1453759	297943	292366	292344	25412	266932	0.0635	422101	116662	84	493	539340	0.21630511365743316	0.7826250602588348	0.9191	0.9258	14.2618	0.09404753758778778	0.050089020488480546	0.0016316552311874445	0.7186492656618374	5.225277903917092e-5	0.18185460042175458	0.01580770977313585	0.017448718811410743	0.08692499247461895	Excluded By Filtering
M300638	3	2.190977724637795	1.399951985099815	Ileum	positive	MSEB0006	G121eD101C	L07	NA	NA	5000	Plate96_Covaris_520272	Success	2	14	G121e	ULV2_Full	TecanUDI_A_8nt	NA	0.0925	2814026	2617896	25566	652688	422103900	382089913	21369791	0.410661	0.382956	0.450165	2617896	2606292	2581742	11422	24083	4878	2606474	2582209	2576864	2576772	1932527	644245	0.9394	1173510	58646	132	2139	1234427	0.04750868216589559	0.9506515978668646	0.9488	0.9531	15.0577	0.06969729490772296	0.05062685040341963	0.00405895325771688	0.00855820095478862	0.0017334594634164716	0.9156887676233268	0.6867480968548265	0.7381985380626274	0.7499798197124153	Retained By Filtering
M300639	5	2.069823058265589	1.4295721327814632	Ileum	positive	MSEB0006	G121eD101C	L07	NA	NA	5000	Plate96_Covaris_520272	Success	2	14	G121e	ULV2_Full	TecanUDI_A_8nt	NA	0.4279	12421758	12245838	90912	3123162	1863263700	1766576132	74838616	0.387876	0.379586	0.405169	12245838	12223434	12210148	21988	13072	151	12223850	12210362	12209997	12209910	10357462	1852448	0.7990999999999999	5710077	99005	404	9339	5818825	0.01701460346375771	0.9813110035101588	0.971	0.9735	14.8792	0.014162246599877408	0.0401653378424106	0.0017701198171788566	0.0010523470188358202	1.2156089339367262e-5	0.9829454091763823	0.83381611523908294	0.8457944650255866	0.8482832387789918	Retained By Filtering
M300640	3	1.804943770781375	1.3222037820360235	Ileum	positive	MSEB0006	G121eD101C	L07	NA	NA	5000	Plate96_Covaris_520272	Success	2	14	G121e	ULV2_Full	TecanUDI_A_8nt	NA	0.5631	973024	878404	7270	335602	145953600	125883403	11413661	0.411977	0.368235	0.185027	878404	875668	872200	2705	3455	18	875699	872213	872182	872178	752098	120080	0.6304	409282	9680	37	576	419575	0.02307096466662694	0.9754680331287612	0.9056	0.9134	14.7866	0.09724323346597823	0.0782006130715515	0.0027799930936955306	0.003550786003222942	1.8499029828657875e-5	0.8963581576610649	0.7729490742263294	0.8562096711763607	0.8623216820419685	Retained By Filtering
M300641	0	1	0	Ileum	negative	MSEB0006	G121eD101M	L07	NA	NA	5000	Plate96_Covaris_520272	Success	1	14	G121e	ULV2_Full	TecanUDI_A_8nt	NA	0.0359	1360718	955888	24248	552540	204107700	139359427	28568430	0.628143	0.571664	0.391823	955888	952888	748736	2811	202607	577	953077	750281	748159	748146	4072	744074	0.5089	234961	152754	316	946	388977	0.39270702380860567	0.6040485684243542	0.9405	0.9455	15.14	0.29751204878600856	0.1399674289602989	0.0020658211326667246	0.14889712637004876	4.2404083726385627e-4	0.5498170818641335	0.0029925377631515124	0.004259913295281455	0.005442787905034579	Excluded By Filtering
M300642	1	1	1	Ileum	positive	MSEB0006	G121eD101C	L07	NA	NA	5000	Plate96_Covaris_520272	Fail	4	14	G121e	ULV2_Full	TecanUDI_A_8nt	NA	5.1272	19019236	51972	341264	18071916	2852885400	6784450	1187592129	0.774271	0.566209	0.406129	51972	49656	48482	1530	991	309	50442	48665	48173	47864	15167	32697	0.4949	12392	11396	7	44	23839	0.4780401862494232	0.5198204622677126	0.5786	0.6064	11.2201	0.9972673981226164	0.41627754448180776	8.044487170778048e-5	5.210514239373233e-5	1.624670938412037e-5	0.0025166100257654933	7.974557968574552e-4	0.29183021627029937	0.316876984790239	Retained By Filtering
M300643	0	1	0	Ileum	negative	MSEB0006	G121eD101M	L07	NA	NA	5000	Plate96_Covaris_520272	Success	1	14	G121e	ULV2_Full	TecanUDI_A_8nt	NA	0.0752	338004	225602	13746	179865	50700600	31510390	8375388	0.641174	0.583295	0.327683	225602	225426	195826	155	29354	123	225447	196072	195703	195700	1052	194648	0.0712	72200	19055	66	242	91563	0.2081080785906971	0.7885281172526021	0.9348	0.9402	13.7616	0.3325463603981018	0.16519307463816996	4.585744547401806e-4	0.08684512609318233	3.63901018922853e-4	0.5789872309203441	0.003112389202494645	0.004663079228021028	0.005375574859478794	Excluded By Filtering
M300644	4	1.422502649177696	1.1787467386299613	Ileum	positive	MSEB0006	G121eD101C	L07	NA	NA	NA	Plate96_Covaris_520272	Success	1	14	G121e	ULV2_Full	TecanUDI_A_8nt	NA	2.0479	59871342	57772116	913036	8331977	8980701300	8496402536	237379501	0.413886	0.403646	0.537501	57772116	34705840	34644940	22895847	59765	1049	34876269	34646075	34643891	34643256	29503529	5139727	0.597	16241889	10847977	1645	36023	27127534	0.3998880620700725	0.5987233856199388	0.9914	0.9921	14.3884	0.03506228405570064	0.026432178631751176	0.38241746777615243	9.982238246805959e-4	1.7520903406507908e-5	0.5786283527768594	0.4927821561106815	0.5106880454231588	0.851638454537876	Retained By Filtering
M300645	4	1.3720298142401324	1.2232599212730668	Ileum	positive	MSEB0006	G121eD101C	L07	NA	NA	5000	Plate96_Covaris_520272	Success	1	14	G121e	ULV2_Full	TecanUDI_A_8nt	NA	0.9401	16260754	7864894	286878	8925280	2439113100	1153518460	543180544	0.584111	0.382667	0.403331	7864894	7627456	7580142	234792	46914	522	7630102	7580542	7579620	7579200	6536194	1043006	0.9688	3548150	200852	343	8047	3757392	0.05345516251697986	0.944311905704808	0.9798	0.9815	14.2553	0.5163266106848428	0.22269592336657124	0.0144391828324812	0.0028851060658072803	3.21018324242529e-5	0.4661038473369685	0.401961311265148	0.8310593887215771	0.8623857399197804	Retained By Filtering
M300646	0	1	0	Ileum	negative	MSEB0006	G121eD101Z	L07	NA	NA	NA	Plate96_Covaris_520272	NA	0	14	G121e	ULV2_Full	TecanUDI_A_8nt	NA	NA	460504	382502	10372	210562	69075600	53230765	8254634	0.609875	0.583269	0.414277	382502	381826	324808	649	56749	226	381853	325077	324582	324570	1809	322761	0.2119	125584	31408	125	601	157718	0.19914023763933095	0.79625660989868	0.955	0.9588	14.0467	0.1693839792922537	0.1195014447938201	0.0014093254347410664	0.12323237148862985	4.907666382919584e-4	0.7048147247363757	0.003928304640133419	0.004729387035884779	0.005573528052500231	Excluded By Filtering
M300647	4	2.2451900440713692	1.347451323457517	Ileum	positive	MSEB0006	G121eD101C	L07	NA	NA	5000	Plate96_Covaris_520272	Success	2	14	G121e	ULV2_Full	TecanUDI_A_8nt	NA	0.6041	13995666	13331110	210228	1885761	2099349900	1967030094	59592705	0.419027	0.404173	0.520536	13331110	11884326	11839180	1435859	44775	242	11895251	11839551	11838938	11838790	8668213	3170577	1	5582419	755186	547	6887	6345039	0.119019914613606	0.8798084613821917	0.9788	0.9806	15.0204	0.0474829850898128	0.028386266148391938	0.10259311704066101	0.003199204668073674	1.7291067106059832e-5	0.8458897204320251	0.619349804432315	0.6502243999186864	0.7321874110445409	Retained By Filtering
M300648	4	1.5263947140901866	1.2338191464778234	Ileum	positive	MSEB0006	G121eD101C	L07	NA	NA	5000	Plate96_Covaris_520272	Success	1	14	G121e	ULV2_Full	TecanUDI_A_8nt	NA	0.7228	20482600	20007118	258638	2458290	3072390000	2950312051	62358860	0.39184	0.38515	0.553702	20007118	19225666	19054444	774498	170384	474	19232620	19055282	19053970	19053726	16268855	2784871	1	9025823	525373	494	18748	9570438	0.05489539768190338	0.9430940360305348	0.9871	0.9882	14.3115	0.02321394744807788	0.02029653136483324	0.03781248474314784	0.00831847519357894	2.3141593352406434e-5	0.9302396180172439	0.7942768496187007	0.8131533487231895	0.853841133225071	Retained By Filtering
M300649	0	1	0	Ileum	positive	MSEB0006	G121eD101C	L07	NA	NA	5000	Plate96_Covaris_520272	Success	1	14	G121e	ULV2_Full	TecanUDI_A_8nt	NA	0.0118	1312614	226262	39784	1016260	196892100	30829662	63939380	0.746454	0.59383	0.181066	226262	222346	191348	3433	30749	251	222829	191597	191097	190900	12770	178130	0.4626	69323	20960	87	278	90648	0.23122407554496513	0.7647493601623864	0.9018	0.9099	13.9866	0.827624876772608	0.3247432476975968	0.002615391882152712	0.023425774827938756	1.9122148628614353e-4	0.14543498698017848	0.009728678804279096	0.056438995500791116	0.06689366160293347	Excluded By Filtering
M300650	0	1	0	Caecum right	negative	MSEB0009	G121eI102Z	L07	NA	NA	NA	Plate96_Covaris_520272	NA	0	15	G121e	ULV2_Full	TecanUDI_A_10nt	7.7737	0.1657	3722720	1629924	86434	2339159	558408000	236383692	146441089	0.6718795	0.5436755	0.3256455	1629924	1625860	995976	3676	626801	443	1626248	999059	995533	995514	3446	992068	0.36455	317149	315916	452	2215	635732	0.49693266974133754	0.498872166258738	0.65035	0.6709	15.80625	0.5621685219409464	0.2622474767553473	9.874500365324279e-4	0.1683717819228951	1.1899901147548029e-4	0.26741576051919025	9.256672540508016e-4	0.0021142090060640864	0.003461528416476313	Excluded By Filtering
M300651	81	38.68795873736173	3.924520997859318	Caecum right	positive	MSEB0009	G121eI102A	L07	11906.706	17302.784	5000	Plate96_Covaris_520272	Success	1	15	G121e	ULV2_Full	TecanUDI_A_10nt	5.1607	13.8667	48310662	45106344	760664	6399457	7246599300	6679922153	249592894	0.52248000000000006	0.5104655	0.20738045	45106344	45092162	44860386	12776	230286	4742	45093568	44861876	44855644	44855278	37129357	7725921	0.7292500000000001	8387515	2110122	19847	241423	10758907	0.19612791522410225	0.7795880194893403	0.83625	0.8488	18.22845	0.06632734612496098	0.034442761862105445	2.644550803298866e-4	0.004766773843835963	9.815638626520995e-5	0.9284757472377423	0.768554092676271	0.8231515504781323	0.8277589317359709	Retained By Filtering
M300652	80	35.32856422623813	4.097831673687024	Caecum right	positive	MSEB0009	G121eI102A	L07	14050.46	17001.916	5000	Plate96_Covaris_520272	Success	1	15	G121e	ULV2_Full	TecanUDI_A_10nt	10.4972	11.0724	55954228	46101282	870128	12008988	8393134200	6845054701	697129394	0.542808	0.5012260000000001	0.17825645	46101282	46096422	46083206	2527	12912	621	46098755	46083510	46082585	46082016	38242841	7839175	0.76125	8968496	2041118	19688	246170	11275472	0.1810228432122398	0.7953987203373837	0.80955	0.8236500000000001	18.2067	0.17608939220821704	0.08305948378616418	4.516191341251281e-5	2.3076004193999425e-4	1.1098357035682809e-5	0.8235662906474199	0.6834665112348615	0.8295396427370502	0.8298864572244409	Retained By Filtering
M300653	0	1	0	Caecum right	positive	MSEB0009	G121eI102A	L07	15132.646	18629.716	5000	Plate96_Covaris_520272	Success	1	15	G121e	ULV2_Full	TecanUDI_A_10nt	4.8088	0.2603	2095770	263302	54966	1810159	314365500	38475700	126545263	0.7234555	0.518527	0.28658095	263302	263160	246272	123	16793	38	263179	246367	246234	246232	128168	118064	0.5606	65474	17102	33	861	83470	0.20488798370672096	0.7844015814064933	0.6997	0.7188	14.2073	0.8743650305138445	0.40254182790414345	5.868964628752201e-5	0.00801280674883217	1.8131760641673467e-5	0.1174899917452774	0.0611555657347896	0.48677184373836885	0.5205172357776406	Excluded By Filtering
M300654	71	29.79212532679806	3.806120937385402	Caecum right	positive	MSEB0009	G121eI102A	L07	14807.47	19475.984	5000	Plate96_Covaris_520272	Success	1	15	G121e	ULV2_Full	TecanUDI_A_10nt	6.9306	14.7807	46043684	39833374	846198	8252473	6906552600	5910168373	429546133	0.5455414999999999	0.5057345	0.16350875	39833374	39793886	39693932	37312	98811	547	39796062	39695075	39693385	39692928	32736598	6956330	0.77435	7813596	1693646	17617	212446	9737305	0.1739337527169992	0.80243927862997	0.6931	0.7120000000000001	18.1694	0.13487865132598859	0.06219400008623695	8.103608738171342e-4	0.0021460272379594993	1.1880022458672073e-5	0.862071071463352	0.7109899807322108	0.8218384413030139	0.824746362878546	Retained By Filtering
M300655	0	1	0	Caecum right	positive	MSEB0009	G121eI102A	L07	12921.636	17630.904	5000	Plate96_Covaris_520272	NA	0	15	G121e	ULV2_Full	TecanUDI_A_10nt	5.6694	0.2435	3081280	150796	139012	2862594	462192000	21256224	201308064	0.7507284999999999	0.5773809999999999	0.2724346	150796	150606	129412	169	21043	55	150627	129563	129357	129354	2389	126965	0.20739999999999997	44402	13780	59	265	58506	0.23553139848904384	0.7589307079615766	0.6441	0.66525	13.7993	0.9510605981929587	0.43555073216325685	5.4847336171980476e-5	0.006829304704538373	1.7849724789697787e-5	0.04198060546266487	7.753271367743276e-4	0.015842595294304887	0.018468698300786988	Excluded By Filtering
M300656	6	5.43876556117452	2.426137798599681	Caecum right	positive	MSEB0009	G121eI102A	L07	15095.242	18655.456	5000	Plate96_Covaris_520272	Success	1	15	G121e	ULV2_Full	TecanUDI_A_10nt	2.2119	0.2166	2437718	1861192	53070	711453	365657700	275151882	41911112	0.567509	0.5169600000000001	0.314855	1861192	1860192	1836334	943	23699	284	1860249	1836493	1836050	1836038	1460759	375279	0.7244499999999999	379440	86086	801	11050	477377	0.180331268578084	0.794843488479755	0.75125	0.76815	15.8598	0.2365023353808767	0.11461843139088826	3.868371977398534e-4	0.009721797189010378	1.165024010160322e-4	0.7531789977347667	0.5992321507245711	0.7848513210888506	0.7956039036229098	Retained By Filtering
M300657	32	18.528949817918914	3.619522270402734	Caecum right	positive	MSEB0009	G121eI102A	L07	15154.326	19081.924	5000	Plate96_Covaris_520272	NA	0	15	G121e	ULV2_Full	TecanUDI_A_10nt	9.3405	1.471	18083628	12393206	459246	6976489	2712544200	1817704202	412298402	0.5639265	0.4811875	0.30544	12393206	12391294	12355146	1385	35791	273	12391821	12355503	12354873	12354754	9942756	2411998	0.6735499999999999	2697405	617044	5093	62919	3382461	0.1824245719315019	0.7974681747993547	0.8008500000000001	0.8153	17.3323	0.3146725867176653	0.15199693409604165	7.658861374498525e-5	0.0019791935556294346	1.5096528196664962e-5	0.6832010700507664	0.5498208655917939	0.8022747302029838	0.804771669269983	Retained By Filtering
M300658	77	34.39668444513044	4.024127298522107	Caecum right	positive	MSEB0009	G121eI102A	L07	9192.814	19234.392	5000	Plate96_Covaris_520272	Success	1	15	G121e	ULV2_Full	TecanUDI_A_10nt	13.5503	6.0576	44361260	40554510	559290	8427786	6654189000	5963187236	344077500	0.5299240000000001	0.5113725	0.23795495	40554510	40550944	40461642	2715	88347	355	40551795	40462597	40461287	40461064	33598864	6862200	0.7253999999999999	7696670	1847089	18470	222164	9784393	0.1887791097516218	0.786627233799787	0.8219	0.8353	18.139650000000003	0.0858124859393083	0.05170840503628617	6.120204881466397e-5	0.001991534956401148	8.002477837644828e-6	0.9120810364719126	0.7573920127606836	0.828486498788914	0.830399912370075	Retained By Filtering
M300659	94	34.811509309126386	3.9758424010547966	Caecum right	positive	MSEB0009	G121eI102A	L07	12511.076	19365.328	5000	Plate96_Covaris_520272	Success	1	15	G121e	ULV2_Full	TecanUDI_A_10nt	8.2757	28.9962	164889484	156324236	2376424	25613742	24733422600	22997357538	849039308	0.5134544999999999	0.5029255	0.1394464	156324236	156314144	155820332	5760	489054	1238	156318476	155825090	155819094	155818028	129248814	26569214	0.70125	15251463	3635135	33739	416080	19336417	0.1879942390568015	0.7887429713581373	0.8620749999999999	0.872875	18.257125	0.05194538664454793	0.03432761093080583	3.493248847816153e-5	0.002965950211840071	7.508059155549301e-6	0.944984629826363	0.7838511642137227	0.8267995885167799	0.8294856228061107	Retained By Filtering
M300660	0	1	0	Caecum right	positive	MSEB0009	G121eI102A	L07	11930.67	19818.576	5000	Plate96_Covaris_520272	Success	1	15	G121e	ULV2_Full	TecanUDI_A_10nt	6.0291	0.2009	1426996	414036	23450	1104183	214049400	58926176	73354911	0.7028855	0.5867964999999999	0.24809495	414036	413170	326214	822	86156	277	413214	327014	325937	325930	10130	315800	0.528	129088	43401	101	946	173536	0.25009796238244514	0.7438687073575512	0.6067	0.6285499999999999	14.88745	0.7098548279042127	0.3427008484957211	5.760352516755478e-4	0.060375782412844886	1.94114068995288e-4	0.2284028826990405	0.0070988285881670304	0.02446647151455429	0.031080293314515388	Excluded By Filtering
M300661	79	32.14276030249218	3.881098391970129	Caecum right	positive	MSEB0009	G121eI102A	L07	11699.514	20259.004	5000	Plate96_Covaris_520272	Success	1	15	G121e	ULV2_Full	TecanUDI_A_10nt	2.3819	10.9186	49054744	47274484	677046	5973589	7358211600	6983015922	172877425	0.5106075	0.5038009999999999	0.2001079	47274484	47269996	47196344	2860	72729	664	47271624	47197267	47195680	47195314	38518051	8677263	0.7232	9163135	2176574	21363	252699	11613771	0.18741320110410303	0.788988778924606	0.8219999999999998	0.8353499999999999	18.19535	0.03629129121538174	0.023494489476220008	5.8302210281639634e-5	0.0014826088991515276	1.353589777168137e-5	0.9620947976000038	0.7852054227415803	0.8147746467206284	0.8161414287867648	Retained By Filtering
M300662	82	36.774514456124244	3.8061779611217728	Caecum right	positive	MSEB0009	G121eI102A	L07	13804.91	20094.724	5000	Plate96_Covaris_520272	Success	1	15	G121e	ULV2_Full	TecanUDI_A_10nt	4.4069	16.5183	61759364	57698910	770508	9555735	9263904600	8513143025	364036049	0.531487	0.5192935000000001	0.2114453	57698910	51323244	51184134	6327432	131424	722	51371478	51191820	51183412	51183010	42709396	8473614	0.6742	9533963	5100753	25020	277795	14937531	0.34147229552193065	0.6382556126578081	0.8508500000000001	0.8623500000000002	18.201549999999997	0.06574637005653103	0.03929617852498179	0.10245299805872353	0.0021280011886132765	1.1690534896052362e-5	0.8287489812880845	0.6915452691514116	0.7402114875307003	0.8344447893939806	Retained By Filtering
M300663	0	1	0	Caecum right	negative	MSEB0009	G121eI102Z	L07	NA	NA	NA	Plate96_Covaris_520272	NA	0	15	G121e	ULV2_Full	TecanUDI_A_10nt	5.2389	0.4401	4536478	2000582	275330	2814171	680471700	286781626	181212992	0.695654	0.623652	0.21837225	2000582	1995518	1803168	4878	188667	789	1995704	1806851	1802379	1802308	6230	1796078	0.45705	563973	145656	1390	7691	718710	0.20266310472930668	0.7847017573151898	0.6718999999999999	0.6919999999999998	16.2743	0.5590010576486869	0.2663049646296826	0.0010752835128926008	0.041588871366729875	1.73923471027524e-4	0.3972923488221479	0.0013733120716115012	0.003114093798704577	0.0034566788806352743	Excluded By Filtering
M300664	12	8.824778672809794	3.0834767984499782	Caecum right	positive	MSEB0009	G121eI102A	L07	12513.988	21896.24	5000	Plate96_Covaris_520272	Success	1	15	G121e	ULV2_Full	TecanUDI_A_10nt	12.1128	4.1621	36915784	28929498	712740	14868288	5537367600	4133501666	697158614	0.5579324999999999	0.5033115	0.23581415	28929498	28813956	20564636	94552	8086218	4572	28834946	20727738	20560064	20558700	2349430	18209270	0.228	8466055	3276565	7551	27873	11778044	0.2781926268911884	0.7187997429793945	0.7182	0.7372	18.00535	0.21633797618926365	0.12590072835330637	0.0025612892306445395	0.21904500253875145	1.2384946233296847e-4	0.5569081236362202	0.06364296637990947	0.08121226299882563	0.11427911297893349	Retained By Filtering
M300665	5	3.38523169625963	1.8092980226891013	Caecum right	positive	MSEB0009	G121eI102A	L07	9669.578	19330.824	5000	Plate96_Covaris_520272	Success	1	15	G121e	ULV2_Full	TecanUDI_A_10nt	17.4471	0.3925	5290016	1454432	337358	3728625	793502400	214028266	259784735	0.6724870000000001	0.4571805	0.2411804	1454432	1450320	1404718	3446	43392	191	1450986	1406928	1404527	1404484	955622	448862	0.70245	424686	73745	289	7244	505964	0.14575147638962457	0.8393601125771794	0.69485	0.7145999999999999	15.88785	0.7250609449952514	0.32738998016893206	6.514157991204564e-4	0.008202621693393744	3.610575090888194e-5	0.2654971175890583	0.1806463345290449	0.6570413742271897	0.6804078935751493	Retained By Filtering
M300666	91	35.784747251613666	3.977582843657829	Caecum right	positive	MSEB0009	G121eI102A	L07	10924.656	21602.492	5000	Lid8_Covaris_500639	Fail	3	15	G121e	ULV2_Full	TecanUDI_A_10nt	3.4777	34.2007	63324914	58903084	979436	6298089	9498737100	8776341350	283106551	0.5231005	0.5096974999999999	0.13813505	58903084	58862898	58860816	37288	1893	617	58865796	58861005	58860199	58859588	48930195	9929393	0.7737	11478616	2463511	24795	319400	14286322	0.17243843446899768	0.803468940431274	0.84115	0.8534	18.23915	0.06982765108847996	0.02980465171522644	5.888361727581659e-4	2.9893447624737396e-5	9.743400520054398e-6	0.9294854786537886	0.7726847445856776	0.8306898667648709	0.8313037291392525	Retained By Filtering
M300667	0	1	0	Caecum right	negative	MSEB0009	G121eI102Z	L07	NA	NA	NA	Lid8_Covaris_500639	NA	0	15	G121e	ULV2_Full	TecanUDI_A_10nt	7.8204	0.4789	6055878	574510	237670	5373072	908381700	83892351	376484620	0.745249	0.5747405000000001	0.31759865	574510	574070	525318	384	43425	64	574126	530645	525254	525248	1750	523498	0.758	159290	37969	321	917	198497	0.1912824878965425	0.8024806420248165	0.6164000000000001	0.6385500000000001	15.4706	0.9051318405027314	0.4144564118806004	6.340946762798061e-5	0.007170719093086089	1.0568244604663436e-5	0.08673358347047282	2.8897543840876585e-4	0.003046074045708517	0.0033317594736200803	Excluded By Filtering
M300668	84	32.66364705163784	3.949482534032953	Caecum right	positive	MSEB0009	G121eI102A	L07	14208.788	22187.84	5000	Lid8_Covaris_500639	Fail	3	15	G121e	ULV2_Full	TecanUDI_A_10nt	17.1804	13.1104	61338584	41535730	1069440	21282425	9200787600	6176985282	1371907585	0.582721	0.5063420000000001	0.15707359999999998	41535730	41527254	41512554	6535	14172	463	41529195	41513082	41512091	41511650	34592622	6919028	0.7642500000000001	8364064	1746161	17662	218749	10346636	0.1687660607756956	0.8083848702128885	0.8017	0.8164500000000001	18.24185	0.3228449812274767	0.14910762476464515	1.0653979231082348e-4	2.3104543789272998e-4	7.5482668461991235e-6	0.6767624436847124	0.5639618612650074	0.8328401113932511	0.8333232237215336	Retained By Filtering
M300669	81	34.07187721661824	4.074391152868949	Caecum right	positive	MSEB0009	G121eI102A	L07	13658.99	21278.184	5000	Lid8_Covaris_500639	Success	1	15	G121e	ULV2_Full	TecanUDI_A_10nt	9.9624	12.2453	54514270	43504218	954538	12683522	8177140500	6462308727	737331601	0.5539000000000001	0.504005	0.19278975	43504218	43500182	43495452	2091	4548	508	43502127	43495634	43494944	43494442	36235520	7258922	0.77445	8664519	1862779	18600	228650	10774548	0.17288697400577732	0.8041654276355723	0.8244499999999999	0.8377500000000001	18.20055	0.20196642090227018	0.090169858399767	3.835692929576054e-5	8.342769700483929e-5	9.318660967119251e-6	0.7978542499055752	0.6646978855261201	0.8329196952810415	0.8331069059352457	Retained By Filtering
M300670	65	32.10112969654318	3.8534662766715964	Caecum right	positive	MSEB0009	G121eI102A	L07	15752.91	20908.008	5000	Lid8_Covaris_500639	Fail	3	15	G121e	ULV2_Full	TecanUDI_A_10nt	8.2544	4.0384	45407100	38740692	673666	9220595	6811065000	5741444094	480174395	0.549069	0.5176689999999999	0.280634	38740692	38630826	38614430	107334	16150	757	38633358	38614676	38613673	38613276	31514980	7098296	0.7426499999999998	7513705	1673412	17589	202835	9407541	0.1778798519187958	0.7986895831758799	0.8484999999999999	0.86005	17.9791	0.1468142206835495	0.07049916496172037	0.0023638153504628133	3.5567124965038506e-4	1.6671401608999474e-5	0.850379698329116	0.6940540135793741	0.8134852108475502	0.8161695474893143	Retained By Filtering
M300671	84	33.77509467829542	4.0508444856394465	Caecum right	positive	MSEB0009	G121eI102A	L07	13086.41	21703.248	5000	Lid8_Covaris_500639	Fail	3	15	G121e	ULV2_Full	TecanUDI_A_10nt	3.4847	16.133	45531580	43881160	609702	3097768	6829737000	6540893287	106574257	0.5132605	0.507242	0.1939636	43881160	43805346	43801370	74104	3723	251	43807056	43801623	43801119	43800872	36475447	7325425	0.7846	8884588	1780550	18217	237171	10920526	0.16304617561461784	0.8135677713692545	0.8295	0.84245	18.141599999999997	0.036247808663788954	0.015604445237056713	0.0016275297277186516	8.176742384077161e-5	5.512657368797656e-6	0.9619888437871034	0.8011021581065274	0.8312325152753482	0.832756183484201	Retained By Filtering
M300672	74	33.11945158544138	3.8365928724479588	Caecum right	positive	MSEB0009	G121eI102A	L07	13311.294	20916.06	5000	Lid8_Covaris_500639	Success	3	15	G121e	ULV2_Full	TecanUDI_A_10nt	3.8634	8.3524	54409810	51103046	796058	5945991	8161471500	7593077510	236045738	0.526559	0.514914	0.260642	51103046	51098488	51087894	2367	10383	560	51100679	51088105	51087334	51086840	42801281	8285559	0.7647499999999999	9994568	2077781	23312	274568	12370229	0.16796625187779465	0.807953353167512	0.8619	0.8725999999999999	18.0345	0.06077514330595898	0.028921958252258798	4.350318444412873e-5	1.9082955812563948e-4	1.0292261634436878e-5	0.9389270059939558	0.786646397037593	0.8375485289076506	0.8378142198656249	Retained By Filtering
M300673	74	31.079139051154932	3.9969348554381874	Caecum right	positive	MSEB0009	G121eI102A	L07	14520.766	22307.328	5000	Lid8_Covaris_500639	Success	1	15	G121e	ULV2_Full	TecanUDI_A_10nt	7.3979	9.7578	42141018	39517054	705328	4561675	6321152700	5869688238	180332252	0.5215194999999999	0.5105065	0.2311899	39517054	39513176	39506306	2138	6726	425	39514916	39506450	39505881	39505480	32978377	6527103	0.7611	7824651	1608070	17100	206030	9655851	0.16653840246706375	0.8103533287744394	0.83975	0.8519500000000001	18.05105	0.06226626988460507	0.028528380907488597	5.07344174742053e-5	1.5960696535617625e-4	1.008518588706139e-5	0.9374590808413789	0.7825719112907998	0.8345353122730252	0.8347798077633787	Retained By Filtering
M300674	87	36.97503136739578	3.930730091509344	Caecum right	positive	MSEB0009	G121eI102A	L07	12054.27	23154.78	5000	Lid8_Covaris_500639	Fail	3	15	G121e	ULV2_Full	TecanUDI_A_10nt	1.9289	39.7357	51504182	49348322	601872	5103657	7725627300	7330734042	171211296	0.522595	0.5149429999999999	0.12220825	49348322	48897146	48867646	445433	29115	438	48902889	48868031	48867208	48866896	40787584	8079312	0.73635	9049766	2343769	22679	262727	11678941	0.200683349629046	0.7748789894563214	0.8315	0.8443999999999999	18.2343	0.041857960194378	0.022161474965275634	0.008648482175680414	5.652939017651033e-4	8.504163797805779e-6	0.9487947211742922	0.7919276147323338	0.8265242331846664	0.834666969639324	Retained By Filtering
M300675	89	36.66519207174341	3.9183797690956563	Caecum right	positive	MSEB0009	G121eI102A	L07	13501.846	20960.876	5000	Lid8_Covaris_500639	Success	1	15	G121e	ULV2_Full	TecanUDI_A_10nt	2.8862	25.7864	69202904	65358186	1021992	6939149	10380435600	9720021622	263779711	0.51908	0.5085675000000001	0.16622009999999998	65358186	65351410	65341740	4367	9395	613	65353819	65342015	65341127	65340548	54086951	11253597	0.7532	12802797	2787266	28080	356940	15975083	0.17447583840409467	0.8014228783662658	0.8522	0.8637	18.26085	0.05555717719591652	0.025411237173900487	6.310428822466756e-5	1.3576019873385662e-4	8.85800977369389e-6	0.9441879491068756	0.7815705392941313	0.8275466978229782	0.8277700854299539	Retained By Filtering
M300676	75	32.52805365993374	4.018113890520143	Caecum right	positive	MSEB0009	G121eI102A	L07	14952.726	23717.404	5000	Lid8_Covaris_500639	Success	1	15	G121e	ULV2_Full	TecanUDI_A_10nt	14.6392	14.0929	58185716	26304374	1242756	33057431	8727857400	3882217982	2199277248	0.6345415	0.4940455	0.27575150000000004	26304374	25179748	25156816	1114129	21549	1538	25190245	25158199	25155278	25154468	19632559	5521909	0.65485	4763969	1957650	9797	129659	6861075	0.28532700779396813	0.6943473143785777	0.7140000000000001	0.7338499999999999	18.448	0.547923858151028	0.25198363667124074	0.019147809403943745	3.7034862645670633e-4	2.6432604180723667e-5	0.43231345645037694	0.33741200331710275	0.7463610044473973	0.7804799926597533	Retained By Filtering
M300677	29	19.296873717731778	3.2891683174939574	Caecum right	positive	MSEB0009	G121eI102A	L07	12773.38	21535.84	5000	Lid8_Covaris_500639	Success	1	15	G121e	ULV2_Full	TecanUDI_A_10nt	21.9632	25.0183	28518462	2041644	434390	26280970	4277769300	291264821	1827572523	0.7355400000000001	0.507495	0.24883285	2041644	2041242	2040538	298	679	33	2041346	2040563	2040505	2040480	1693984	346496	0.6562	389950	89732	916	10662	491260	0.1826568415910109	0.7937751903269145	0.33390000000000003	0.3636	18.1828	0.9284097438354144	0.4272255923198102	1.0449371358104796e-5	2.3809138094473677e-5	1.1571451503941551e-6	0.07154944049928078	0.05939955668016038	0.8297156605167209	0.8301889751431036	Retained By Filtering
M300678	92	35.60335302095125	3.96784159490512	Caecum right	positive	MSEB0009	G121eI102A	L07	12504.528	21793.468	5000	Lid8_Covaris_500639	Success	1	15	G121e	ULV2_Full	TecanUDI_A_10nt	14.0097	26.375	92309034	60490234	1429554	34311957	13846355100	8964162242	2206780760	0.5983795000000001	0.5160294999999999	0.19445285	60490234	60483046	60475316	3778	7475	817	60486456	60475571	60474499	60473720	51061307	9412413	0.7614	11683747	2455567	27179	324869	14491362	0.1694503939657294	0.806255961309917	0.8464	0.8583500000000001	18.2241	0.34469865647169484	0.15937629391001246	4.0927738448654984e-5	8.097798965158709e-5	8.850704688340688e-6	0.6551224444619365	0.5531561190424764	0.8441248053363457	0.8443553166565576	Retained By Filtering
M300679	82	34.08791414294307	3.968365423213008	Caecum right	positive	MSEB0009	G121eI102A	L07	12589.016	20536.832	5000	Lid8_Covaris_500639	Success	1	15	G121e	ULV2_Full	TecanUDI_A_10nt	3.7912	23.067	46436914	42146630	781530	6263743	6965537100	6263371788	298486383	0.5386405	0.5191840000000001	0.1314726	42146630	42093588	42088216	51270	5228	310	42095360	42088360	42087906	42087606	35032809	7054797	0.76485	8158781	1670002	19069	225719	10073571	0.1657805360184586	0.8099194416756481	0.8031999999999999	0.81785	18.2789	0.09238951580632597	0.04285188330990298	0.0011040785354513437	1.1258284734424859e-4	6.675723541835704e-6	0.9063394264313085	0.7544172508965604	0.8312125785620345	0.8323782778236424	Retained By Filtering
M300680	90	37.10207313292936	4.013522865706668	Caecum right	positive	MSEB0009	G121eI102A	L07	13215.834	22405.848	5000	Lid8_Covaris_500639	Success	1	15	G121e	ULV2_Full	TecanUDI_A_10nt	16.4297	38.1298	59197000	44482290	957466	17087584	8879550000	6596872281	1026265824	0.5769975	0.5178404999999999	0.15567215	44482290	44470160	44463722	10600	6276	322	44471690	44463884	44463400	44463098	37139695	7323403	0.7683000000000001	8681782	1748803	19927	237611	10688123	0.1636211521892104	0.8122831296009598	0.80255	0.8172499999999999	18.3006	0.24857188708887273	0.1155763325844215	1.7906312819906413e-4	1.0601888609220062e-4	5.439464837745156e-6	0.7511039072925992	0.6273915063263341	0.8349321718823379	0.8352925610356705	Retained By Filtering
M300681	2	1.9997771521676273	1.785151351808865	Caecum right	negative	MSEB0009	G121eI102Z	L07	NA	NA	NA	Lid8_Covaris_500639	NA	0	15	G121e	ULV2_Full	TecanUDI_A_10nt	2.4614	0.4145	2423634	1934862	49952	821063	363545100	280838752	40112948	0.6121435	0.5819675	0.296078	1934862	1495506	1376042	433876	117834	242	1500986	1377672	1375800	1375782	218483	1157299	0.5445	437586	295564	907	3891	737948	0.4005214459555416	0.5929767409085736	0.6834	0.70325	15.9619	0.20166906389331063	0.11033829915463034	0.1790187792381193	0.048618727085030164	9.985005986877556e-5	0.5676525415966273	0.09014686210871774	0.11291916426081033	0.15880640973642626	Retained By Filtering
M300682	6	5.17549431445498	2.9175932753834863	Caecum right	positive	MSEB0009	G121eI102A	L07	14464.852	18168.78	5000	Lid8_Covaris_500639	Fail	3	15	G121e	ULV2_Half	TecanUDI_A_10nt	4.8039	0.7489	6681556	1448040	153888	5270611	1002233400	212023470	351769769	0.709176	0.5332525	0.352473	1448040	1447240	1417624	709	29437	92	1447331	1417803	1417532	1417508	1100872	316636	0.5492	291403	69854	758	7465	369480	0.18906030096351628	0.7886840965681499	0.6441500000000001	0.6652000000000001	16.28145	0.7832780268548224	0.3509858771419911	1.0611300720969786e-4	0.004405710286645805	1.3769247762048242e-5	0.21215237887701607	0.16476281872066925	0.7602497168586503	0.7766248938277597	Retained By Filtering
M300683	75	33.02414983235044	4.062781196894515	Caecum right	positive	MSEB0009	G121eI102A	L07	15660.538	17029.204	5000	Lid8_Covaris_500639	Success	1	15	G121e	ULV2_Half	TecanUDI_A_10nt	1.7853	10.0537	43111852	41866974	632094	4185244	6466777800	6204663414	104027057	0.508715	0.504218	0.20994655	41866974	41861918	41858394	2663	3335	669	41864311	41858583	41857725	41857062	34939094	6917968	0.7340000000000001	8470997	1835776	18616	216907	10542296	0.17413436314062894	0.8035248678276535	0.82875	0.8416999999999999	18.1671	0.02887553983994935	0.016086381845375915	6.176955701183981e-5	7.73569180001824e-5	1.551777455535893e-5	0.9708945465854726	0.8104289743804094	0.8345263739385608	0.8347239947228021	Retained By Filtering
M300684	73	31.24835311790021	3.9724219411422466	Caecum right	positive	MSEB0009	G121eI102A	L07	13001.74	18200.656	5000	Lid8_Covaris_500639	Success	3	15	G121e	ULV2_Half	TecanUDI_A_10nt	0.4925	14.2643	46239638	44888600	722730	4799771	6935945700	6645669370	117856586	0.5163935	0.5124175	0.2207465	44888600	44884096	44875468	2378	8377	507	44886222	44875719	44874961	44874486	37211185	7663301	0.71195	8881061	1931151	20133	220474	11052819	0.17472022295850498	0.8035109414168458	0.8458	0.85765	18.0458	0.02921817856792045	0.01699214369570396	5.142773825348719e-5	1.811649130990169e-4	1.0964618710899078e-5	0.9704765854784589	0.804746460169087	0.8289673770177729	0.829228105253395	Retained By Filtering
M300685	0	1	0	Caecum right	negative	MSEB0009	G121eI102Z	L07	NA	NA	NA	Lid8_Covaris_500639	NA	0	15	G121e	ULV2_Half	TecanUDI_A_10nt	0.8191	30.3879	55912892	53525654	944194	11422999	8386933800	7816043557	300732773	0.5353135	0.52977	0.12448945	53525654	53451000	14173594	61962	38311350	871	53463692	15139650	14172723	14172370	68668	14103702	0.1849	16445904	5353500	3123	8512	21811039	0.24544910492342892	0.7540174496043036	0.7839000000000002	0.79985	17.064799999999998	0.042695663103958205	0.03585729662013071	0.0011081880722606872	0.6851970740486827	1.5577802700672326e-5	0.25347231189543906	0.0012281246335818221	0.001282898850708111	0.0048452023197249295	Excluded By Filtering
M300686	0	1	0	Caecum right	positive	MSEB0009	G121eI102A	L07	14173.26	17741.148	5000	Lid8_Covaris_500639	Success	1	15	G121e	ULV2_Half	TecanUDI_A_10nt	0.3531	0.0372	1708878	1617538	24916	385110	256331700	235740366	11237290	0.6016035	0.5970635	0.32849	1617538	1615254	1464772	2156	148539	453	1615382	1466715	1464319	1464310	140223	1324087	0.6241	582842	87698	524	2881	673945	0.13012634562167535	0.8648213133119171	0.7728499999999999	0.7886	15.5046	0.0534502755609236	0.043838861912124015	0.0012616465306475946	0.08692194527637433	2.650862144635252e-4	0.856883873512328	0.08205559437244789	0.0866891535160225	0.09576046055821513	Excluded By Filtering
M300687	85	35.675880690951395	3.9857944465191757	Caecum right	positive	MSEB0009	G121eI102A	L07	14317.052	18439.384	5000	Lid8_Covaris_500639	Success	1	15	G121e	ULV2_Half	TecanUDI_A_10nt	0.5805	21.8051	47124410	45579866	786158	4003749	7068661500	6772632825	103666547	0.519999	0.515442	0.17458035	45579866	45432008	45419784	144503	11974	516	45435363	45420034	45419268	45418804	37788156	7630648	0.74465	8910497	1969569	20212	244265	11144543	0.1767294540475998	0.7995390210258061	0.81965	0.8331999999999999	18.25425	0.03277587984655935	0.01466565445240234	0.003066415049015998	2.540933668983866e-4	1.0949739211589069e-5	0.9638063160896868	0.8018807238117146	0.8290536878717458	0.8319936385819406	Retained By Filtering
M300688	79	33.712642398061675	3.875361360174515	Caecum right	positive	MSEB0009	G121eI102A	L07	14710.394	18826.568	5000	Lid8_Covaris_500639	Fail	3	15	G121e	ULV2_Half	TecanUDI_A_10nt	0.6558	17.6873	49889164	48275356	819804	4509074	7483374600	7168394603	114172827	0.51981	0.5153745000000001	0.19955685	48275356	48268570	48257704	4552	10605	591	48270804	48257965	48257113	48256590	40289855	7966735	0.73565	9426138	2032066	22152	262760	11743116	0.17304316844013123	0.8026947873119877	0.84515	0.8571000000000001	18.15965	0.03234786616187836	0.0152568637951119	9.124225853934934e-5	2.1257121085452543e-4	1.1846259841114996e-5	0.9672759800104087	0.8075872949083693	0.8345843166853083	0.8349088694414587	Retained By Filtering
M300689	72	33.080404877339106	3.9751394196724297	Caecum right	positive	MSEB0009	G121eI102A	L07	14280.268	17123.5	5000	Lid8_Covaris_500639	Success	1	15	G121e	ULV2_Half	TecanUDI_A_10nt	0.8566	17.1457	39696258	38336704	650632	3617634	5954438700	5690666249	99688624	0.5170870000000001	0.5123260000000001	0.19967915	38336704	38333636	38320700	1615	12684	356	38335089	38320952	38320344	38320018	31891657	6428361	0.7534000000000001	7493704	1621952	17376	201727	9334759	0.1737540305004125	0.8027742333787086	0.8183	0.8319	18.1612	0.03424892089324893	0.01674190112999232	4.0683935498403904e-5	3.195263392332849e-4	8.968099713580056e-6	0.965330737219614	0.8033920224923972	0.8318831217206362	0.8322453554171086	Retained By Filtering
M300690	78	34.38478186608859	4.09232342539833	Caecum right	positive	MSEB0009	G121eI102A	L07	9132.332	19004.864	5000	Lid8_Covaris_500639	Success	1	15	G121e	ULV2_Half	TecanUDI_A_10nt	0.5617	14.2406	40614850	38945818	704974	3907813	6092227500	5775454387	117553466	0.506065	0.499373	0.2051733	38945818	38877026	38820150	65359	56303	733	38880459	38820723	38819417	38818768	32134586	6684182	0.73995	8044220	1763793	16226	212106	10036345	0.17574057089508183	0.80150891584536	0.8165	0.83025	18.1873	0.04109413182616703	0.019295646132715824	0.0016092389852480065	0.0013862663533165825	1.8047586043035984e-5	0.9557777019981608	0.7912028728408451	0.8251100541783459	0.8278105580269832	Retained By Filtering
M300691	93	36.235376670202186	4.001363112222057	Caecum right	positive	MSEB0009	G121eI102A	L07	9914.94	18812.936	5000	Lid8_Covaris_500639	Fail	3	15	G121e	ULV2_Half	TecanUDI_A_10nt	0.4509	43.9496	75777878	73866784	931678	9446927	11366681700	10904307079	224893208	0.51537	0.5114905000000001	0.14730205	73866784	73860692	73852636	3280	7746	740	73863504	73852946	73851896	73851164	61338315	12512849	0.72615	14491258	3248039	34827	391954	18166078	0.17879693129138827	0.7977097753296006	0.86685	0.8772999999999999	18.24105	0.025219682187458455	0.019785300049353895	4.3284400230895884e-5	1.0221980615503643e-4	9.765382978921632e-6	0.9745741890529054	0.8094488341307209	0.8303910320503463	0.8305666651374649	Retained By Filtering
M300692	82	37.0391373315396	4.074348936937496	Caecum right	positive	MSEB0009	G121eI102A	L07	12814.906	20311.484	5000	Lid8_Covaris_500639	Success	2	15	G121e	ULV2_Half	TecanUDI_A_10nt	0.9202	15.9198	62707874	60320700	925634	8824046	9406181100	8886125842	246831775	0.5157165	0.5090135	0.221198	60320700	60300044	60284028	18087	15733	698	60302613	60284311	60283330	60282692	49955883	10326809	0.7302	11923981	2673318	27623	317315	14942237	0.1789101591682691	0.7980050778206771	0.8514499999999999	0.8628999999999999	18.22845	0.038068169876082865	0.02624144404364062	2.8843267752945987e-4	2.5089353212644395e-4	1.1130978543460109e-5	0.9613257180430005	0.7966445011355352	0.82817147347428	0.8286936323281647	Retained By Filtering
M300693	0	1	0	Caecum right	negative	MSEB0009	G121eI102Z	L07	NA	NA	NA	Lid8_Covaris_500639	NA	0	15	G121e	ULV2_Half	TecanUDI_A_10nt	0.4694	0.5561	542854	445374	9656	234463	81428100	62976839	9846456	0.637772	0.6148994999999999	0.25825750000000003	445374	444872	394022	475	50447	93	444899	394425	393929	393928	1360	392568	0.55435	134424	32312	389	585	167710	0.19266591139466935	0.8015264444576948	0.6584	0.67885	14.80305	0.17956946066529858	0.12092208954893949	8.750050658188021e-4	0.09292922222181287	1.7131678130768126e-4	0.725661043300777	0.002505277662133833	0.0030536133676415775	0.003452407546556731	Excluded By Filtering
M300694	66	30.920222890197834	3.898656648214664	Caecum right	positive	MSEB0009	G121eI102A	L07	12365.162	19024.052	5000	Lid8_Covaris_500639	Success	1	15	G121e	ULV2_Half	TecanUDI_A_10nt	0.532	17.8327	16299960	15769812	282762	1772680	2444994000	2333442730	43896224	0.5176505	0.51352	0.1092195	15769812	15768020	15761850	989	6048	238	15768823	15761972	15761612	15761420	13124298	2637122	0.76585	3074555	670096	7341	85563	3837555	0.17461534753247837	0.8011754880386079	0.6968	0.7171500000000001	18.1798	0.03252449699263066	0.01795350990636378	6.0674995521461405e-5	3.7104385532234435e-4	1.4601262825184847e-5	0.9669606551181721	0.805173632327932	0.8322418808797467	0.832684999194235	Retained By Filtering
M300695	78	35.099114717678034	3.8938748607091047	Caecum right	positive	MSEB0009	G121eI102A	L07	13549.8	18825.928	5000	Lid8_Covaris_500639	Success	2	15	G121e	ULV2_Half	TecanUDI_A_10nt	0.4606	12.2113	64256154	61913690	1220152	6880731	9638423100	9163243248	180105928	0.5205685	0.5160155	0.2553855	61913690	61906384	61894634	3827	11454	822	61909863	61894930	61893812	61893000	51644593	10248407	0.7465	12073611	2589626	28932	343418	15035587	0.1722331160067113	0.8030023038009756	0.8761	0.8858000000000001	18.10995	0.03645509191228594	0.01868624422598755	5.9558497696578606e-5	1.7825529987368992e-4	1.279254902184155e-5	0.9632229155825293	0.8037299120018917	0.8341385079777994	0.8344173492963664	Retained By Filtering
M300696	80	33.902800557298825	4.002563041648343	Caecum right	positive	MSEB0009	G121eI102A	L07	12894.764	18832.324	5000	Lid8_Covaris_500639	Success	1	15	G121e	ULV2_Half	TecanUDI_A_10nt	0.3468	35.1075	39178952	38307238	502436	3782316	5876842800	5680319325	84771044	0.514885	0.512077	0.13179554999999998	38307238	38304574	38295352	1634	9043	249	38305604	38295531	38295103	38294886	32066549	6228337	0.7387	7606849	1609695	18010	200852	9435406	0.1706015618193854	0.8062026159764615	0.7913	0.8066	18.23195	0.022249548686243573	0.014424589339024008	4.17060670739738e-5	2.3081270780290396e-4	6.3554533056422745e-6	0.9774351799915424	0.8184636740666263	0.8370885157525583	0.837358518314952	Retained By Filtering
M300697	68	32.65161086714528	4.020836295246541	Caecum right	positive	MSEB0009	G121eI102A	L07	13465.594	19185	5000	Lid8_Covaris_500639	Success	1	15	G121e	ULV2_Half	TecanUDI_A_10nt	0.7059	13.5652	25197460	24605800	305394	2843870	3779619000	3638141555	67692316	0.5151125	0.5118240000000001	0.19315845	24605800	24603868	24597594	1070	6152	231	24604730	24597716	24597363	24597156	20358321	4238835	0.7239500000000001	4744376	1080532	11865	128432	5965205	0.18113912262864396	0.795341652130983	0.78365	0.7994	18.12845	0.02348093815805244	0.01790982530249742	4.246459762214128e-5	2.4415159305739547e-4	9.167590701602463e-6	0.9761760113916244	0.8079513173153167	0.8273789513041641	0.8276697110836716	Retained By Filtering
M300698	6	2.0936565695050264	1.3935966888182656	Ileum	positive	MSEB0009	G121eD102B	L02	NA	NA	NA	Lid1_Axygen_7320675	NA	NA	15	G121e	ULV2_Full	TecanUDI_A_10nt	8.8428	453.3258	113369844	108695180	2838432	14207941	17005476600	15915144972	485637684	0.4332275	0.425915	0.0371385	108695180	8711342	8690588	99161456	16462	2930	9533724	8694880	8687658	8686036	5067316	3618720	0.05219999999999999	45860724	2957393	3838	12673	48834628	0.06055934325945925	0.939102556489219	0.8419	0.8542500000000001	15.54455	0.041233751719725396	0.028557722633895482	0.8746722452930252	1.4520616258411717e-4	2.584461525765176e-5	0.0766168117863865	0.044697212426260374	0.0466195097151502	0.5833864837769496	Retained By Filtering
M300699	6	2.1177080034855273	1.393702973970749	Ileum	positive	MSEB0009	G121eD102C	L02	NA	NA	NA	Lid1_Axygen_7320675	NA	NA	15	G121e	ULV2_Full	TecanUDI_A_10nt	5.5028	419.3922	181547320	174103538	4398872	29254077	27232098000	25294582865	983847250	0.432437	0.424758	0.03977285	174103538	15865790	15839726	157039376	20259	4652	17064162	15845531	15835074	15832662	9846028	5986634	0.06385	72270039	5732092	6662	21635	78030428	0.07345970215618963	0.92617765725955	0.87625	0.8861500000000001	15.52985	0.041001883145397024	0.03612822082235456	0.8650052008479112	1.1159074119078155e-4	2.5624173356015392e-5	0.08720956057076469	0.05423394848241219	0.05655271634973897	0.6218807677445524	Retained By Filtering
M300700	6	2.3280026366872946	1.4451772405397632	Ileum	positive	MSEB0009	G121eD103A	L07	NA	NA	NA	Lid1_Axygen_7320675	NA	NA	15	G121e	ULV2_Full	TecanUDI_A_10nt	3.9223	428.7599	150316378	143328690	4221346	21572534	22547456700	20928634295	719951560	0.4504565	0.442794	0.03999255	143328690	15280838	15257624	126819037	16840	4639	16509653	15263998	15252985	15250494	9022534	6227960	0.09365	59345516	5386625	4500	18385	64755026	0.083184662762702	0.9164619283760306	0.8722	0.8824000000000001	15.4895	0.04648653788078901	0.03193049972682728	0.8436807664431616	1.1203037369620494e-4	3.086157384659707e-5	0.10145597041993654	0.06002362563579067	0.0629499509135261	0.5916224090839287	Retained By Filtering
M300701	6	2.4368588455114466	1.4896224804425893	Ileum	positive	MSEB0009	G121eD103C	L07	NA	NA	NA	Lid1_Axygen_7320675	NA	NA	15	G121e	ULV2_Full	TecanUDI_A_10nt	3.994	384.5973	152640832	145528044	4494368	20006947	22896124800	21314922063	652160058	0.4661515000000001	0.459951	0.0337127	145528044	10388444	10355450	133650907	24700	5857	11877137	10363744	10349593	10346468	4299001	6047467	0.0433	63321544	2650867	4212	12970	65989593	0.04017098574922261	0.9595686398611368	0.8316	0.8447	15.60905	0.04659819988402579	0.02848342519516665	0.8755907921151792	1.6181777625530762e-4	3.837112208612699e-5	0.06778309489298381	0.02816416121211918	0.02954070488297087	0.4155042087792665	Retained By Filtering
M300702	0	1	0	Caecum right	negative	MSEB0009	G121eI102R	NA	NA	NA	NA	NA	NA	NA	15	G121e	ULV2_Full	TecanUDI_A_10nt	1.7518	0.0133	299718	8946	9966	282347	44957700	1250724	19845757	0.7465525	0.5383215	0.234770525	8946	8904	7090	37	1794	1	8909	7110	7089	7088	1432	5656	NA	2293	1064	1	0	3358	0.31685527099463967	0.6828469326980345	0.6589	0.6796500000000001	10.7713	0.9701519428262567	0.4414317680842214	1.2344937574653507e-4	0.005985626488899566	3.3364696147712183e-6	0.023648896629498393	0.0047778244883523845	0.16007154035323048	0.2020316027088036	Excluded By Filtering
M300703	0	1	0	Caecum right	negative	MSEB0009	G121eI102R	NA	NA	NA	NA	NA	NA	NA	15	G121e	ULV2_Full	TecanUDI_A_10nt	1.456	0.0117	289410	8466	17024	268398	43411500	1174441	19040909	0.7450110000000001	0.5380944999999999	0.21079352	8466	8420	6758	42	1658	10	8424	6762	6748	6746	1524	5222	NA	2158	1061	24	0	3243	0.32716620413197656	0.6654332408263953	0.62205	0.6445000000000001	10.80205	0.9707473826059915	0.4386143994102945	1.4512283611485435e-4	0.005728896720914965	3.455305621782246e-5	0.023309491724543035	0.005265885767596144	0.18001417434443656	0.22591165134894753	Excluded By Filtering
M300704	42	22.77485791460195	3.6959611914646304	Colon	positive	MSEB0010	G121eO301A	L06	10676.96738	15665.82062	5000	Lid8_Covaris_500639	Success	1	15	G121e	ULV2_Full	TecanUDI_A_8nt	42.0008	6.9493	16023182	3182898	1696134	11889655	2403477300	471045321	813481944	0.70324	0.5010401428571428	0.290978929	3182898	3155354	3152896	27134	2402	59	3155764	3152952	3152837	3152784	2680433	472351	0.7535333333333334	693599	141653	1272	16181	852705	0.16612192962396138	0.8134102649802687	0.4498285714285714	0.4781142857142857	16.309128571428573	0.8013566843339855	0.33846042315440217	0.0016934214440053167	1.4990780233289493e-4	3.6821650031810163e-6	0.19676391368456028	0.16728468789782205	0.842136003101576	0.8501797141827667	Retained By Filtering
M300705	50	32.62359059093959	3.6504782533655824	Colon	positive	MSEB0010	G121eO301A	L06	10812.31548	15756.81368	5000	Lid8_Covaris_500639	Success	2	15	G121e	ULV2_Full	TecanUDI_A_8nt	23.2121	10.0666	17662348	4124340	1777082	12709618	2649352200	606783463	857387524	0.7005088571428572	0.5176397142857143	0.2831031138571429	4124340	4122516	4121430	1582	1042	47	4122758	4121474	4121383	4121340	3432125	689215	0.7509999999999999	785598	180374	2057	21663	989692	0.18225266042364696	0.7937802872004623	0.4089857142857143	0.4373	16.73277142857143	0.7664897102016108	0.32362157209600145	8.956906522281182e-5	5.899555370554357e-5	2.661027854280756e-6	0.2333404369566266	0.19431872817815615	0.8321634491821722	0.832769196426405	Retained By Filtering
M300706	48	28.510581176961743	3.781323476188512	Colon	positive	MSEB0010	G121eO301A	L06	11055.41592	15656.03642	5000	Lid8_Covaris_500639	Success	1	15	G121e	ULV2_Full	TecanUDI_A_8nt	26.7266	6.6376	19058652	3827408	1666078	14289408	2858797800	566741075	956102151	0.7078180000000001	0.5097532857142857	0.33216188214285713	3827408	3824418	3822306	2783	2083	49	3824625	3822335	3822257	3822212	3224205	598007	0.7273000000000001	736490	168278	1780	19872	926420	0.1816433151270482	0.7949849960061312	0.4414714285714286	0.4699428571428571	16.527328571428573	0.7991774024731655	0.3344420339906516	1.4602291914454392e-4	1.0929419352428492e-4	2.5710107934181286e-6	0.20054996544351616	0.169172772554953	0.8423990857520285	0.8435442618044211	Retained By Filtering
M300707	62	31.91834014247995	3.8953727454066156	Colon	positive	MSEB0010	G121eO301A	L06	11216.84194	15649.18748	5000	Lid8_Covaris_500639	Success	1	15	G121e	ULV2_Full	TecanUDI_A_8nt	63.8298	15.0784	25189802	6072748	2507764	17853501	3778470300	899218930	1208340005	0.6969865714285715	0.5129247142857143	0.311263006	6072748	6071836	6069242	574	2549	102	6072174	6069287	6069140	6069064	5079735	989329	0.7497833333333334	1142731	267824	2774	32385	1445714	0.18525379155213273	0.7904267372384857	0.4926428571428571	0.5205285714285715	16.70012857142857	0.7589203757933468	0.3197960838808234	2.2786999278517553e-5	1.0119174418282447e-4	4.049257711513572e-6	0.24093337454577848	0.2016583933450529	0.8364804533301893	0.8369882077368108	Retained By Filtering
M300708	72	35.49408975922983	3.8184001308185946	Colon	positive	MSEB0010	G121eO301A	L06	11879.87418	15812.03134	5000	Lid8_Covaris_500639	Fail	3	15	G121e	ULV2_Full	TecanUDI_A_8nt	40.8097	15.0228	19894302	9737338	1344228	9851635	2984145300	1444641006	642731133	0.6378582857142857	0.508464	0.187313914	9737338	9735974	9734570	879	1368	115	9736459	9734606	9734455	9734350	8106452	1627898	0.75	1873063	430698	4399	52443	2360603	0.1824525343736325	0.7934680249071954	0.5633428571428571	0.5899571428571428	16.733914285714285	0.5105463865985346	0.2153819832432422	4.4183505407729306e-5	6.876340773353093e-5	5.780549626722264e-6	0.4893034196424685	0.4074760702838431	0.8325121301119464	0.8327676732396102	Retained By Filtering
M300709	0	1	0	Colon	negative	MSEB0010	G121eO301M	L06	8479.77238	19536.22158	5000	Lid8_Covaris_500639	Success	2	15	G121e	ULV2_Full	TecanUDI_A_8nt	28.0124	6.3929	18131414	12010	2241228	16560537	2719712100	1576152	1144607284	0.7554985714285715	0.5321252857142857	0.393361119	12010	11602	8506	394	3048	9	11616	8554	8497	8490	675	7815	NA	2288	1961	13	8	4270	0.4592505854800937	0.535831381733021	0.2437142857142857	0.26492857142857146	12.2117	0.9993376137128632	0.4208560472264693	2.1730241226635716e-5	1.6810602857559814e-4	4.963760686287346e-7	4.6824809140643965e-4	3.72282051471551e-5	0.05620316402997502	0.07950530035335689	Excluded By Filtering
M300710	0	1	0	Colon	negative	MSEB0010	G121eO301Z	L06	NA	NA	NA	Lid8_Covaris_500639	NA	0	15	G121e	ULV2_Full	TecanUDI_A_8nt	39.2419	7.2805	24091356	17384	3176770	21907767	3613703400	2286427	1514333326	0.7567988571428571	0.56316	0.4251287608571429	17384	17080	13500	283	3549	12	17101	13531	13488	13484	392	13092	NA	4298	2175	14	10	6497	0.3347698937971371	0.6615360935816531	0.2649142857142857	0.2874714285714286	12.542771428571427	0.9992784133861125	0.4190530207874836	1.1746951894281086e-5	1.4731424831379355e-4	4.981039672486679e-7	5.597028245317532e-4	1.6271396263456487e-5	0.022549470777726646	0.029071492138831208	Excluded By Filtering
M300711	69	33.93215217512821	3.8351382390099302	Colon	positive	MSEB0010	G121eO301A	L06	12278.12556	15716.47232	5000	Lid8_Covaris_500639	Success	1	15	G121e	ULV2_Full	TecanUDI_A_8nt	20.1001	14.3358	17774952	9323242	1216918	8217701	2666242800	1383832184	535020370	0.6277227142857142	0.5062764285714285	0.18768273227142857	9323242	8878332	8875360	440903	2852	127	8882339	8875480	8875233	8875116	7454121	1420995	0.7077	1786447	578446	3840	47061	2415794	0.23944342936525215	0.7394864793935244	0.5374285714285714	0.5654571428571429	16.7492	0.47548426572403685	0.20066453437773935	0.02480473646286077	1.6045050360754843e-4	7.144885679578769e-6	0.49930463947244413	0.41936096367517617	0.799520274170723	0.8398899800295568	Retained By Filtering
M300712	71	36.10382479268289	3.8338705831260764	Colon	positive	MSEB0010	G121eO301A	L06	12139.9368	15889.8483	5000	Lid8_Covaris_500639	Success	1	15	G121e	ULV2_Full	TecanUDI_A_8nt	23.1047	21.9153	13371120	9542726	547944	4197106	2005668000	1413677255	250392917	0.5977735714285715	0.5213952857142857	0.11576864264285712	9542726	9539980	9533432	2286	6490	108	9540440	9533490	9533324	9533226	7980239	1552987	0.7434166666666667	1861489	383324	4847	52417	2302077	0.16651224090245462	0.8086128309348471	0.5238714285714285	0.5527000000000001	16.7815	0.2863181244353502	0.12484265441738114	1.7096548381885735e-4	4.853744488120666e-4	8.07710947175704e-6	0.7129713890833378	0.5968265186461568	0.8362640821920277	0.8370974316563984	Retained By Filtering
M300713	0	1	0	Colon	negative	MSEB0010	G121eO301M	L06	8681.18818	19729.90424	5000	Lid8_Covaris_500639	Success	2	15	G121e	ULV2_Full	TecanUDI_A_8nt	22.4542	10.5055	20102418	7080	2778498	18148268	3015362700	822223	1258178275	0.7613077142857143	0.6437257142857143	0.22761572242857145	7080	6722	6140	201	540	39	6879	6182	6101	6066	81	5985	NA	1902	706	77	0	2685	0.26294227188081937	0.7083798882681565	0.5168285714285714	0.5450571428571428	8.530328571428571	0.9996478035627356	0.4172560319194769	9.998797159625275e-6	2.686244013033656e-5	1.940065120524307e-6	3.017547441307807e-4	4.029366019550484e-6	0.011440677966101695	0.013353115727002967	Excluded By Filtering
M300714	63	32.63969600517891	3.9243958185693826	Colon	positive	MSEB0010	G121eO301A	L06	12138.95838	16135.2228	5000	Lid8_Covaris_500639	Success	1	15	G121e	ULV2_Full	TecanUDI_A_8nt	25.5087	8.2488	21134334	8036002	1678236	12684752	3170150100	1185505296	832163788	0.6658037142857143	0.51512	0.24021548037142856	8036002	8034442	8031994	1057	2409	115	8034945	8032033	8031879	8031766	6716224	1315542	0.7383500000000001	1616055	332317	3888	42430	1994690	0.1666008251908818	0.81017852398117	0.5319857142857143	0.5592857142857143	16.711457142857142	0.6197655435936614	0.26249980655490096	5.001340472806004e-5	1.1398513906328915e-4	5.4413827282184525e-6	0.380034024256454	0.3177873501951848	0.8357668402770433	0.8362076285588997	Retained By Filtering
M300715	69	35.43536732310665	3.797576672003582	Colon	positive	MSEB0010	G121eO301A	L06	12164.84958	16944.14066	5000	Lid8_Covaris_500639	Success	3	15	G121e	ULV2_Full	TecanUDI_A_8nt	17.5315	15.9507	18951116	9243334	1163956	9705089	2842667400	1361869913	622205411	0.6458392857142857	0.5209021428571429	0.16176838787142858	9243334	9240580	9239790	2055	704	175	9241279	9239876	9239615	9239444	7815387	1424057	0.7411500000000001	1708218	401277	4722	51823	2166040	0.18525835164632232	0.7886364056065447	0.5469714285714286	0.5739428571428572	16.74277142857143	0.5122538429926765	0.2188808338956573	1.0843688572219177e-4	3.7148208052760584e-5	9.234284672206111e-6	0.48754089205089557	0.41239719075119374	0.8455160226818592	0.8458720026876076	Retained By Filtering
M300716	56	33.257245685037006	3.6423909953460805	Colon	positive	MSEB0010	G121eO301A	L06	12650.44174	17948.62884	5000	Lid8_Covaris_500639	Success	1	15	G121e	ULV2_Full	TecanUDI_A_8nt	28.6607	19.8474	19914488	4127876	1564006	14982198	2987173200	608267086	997886765	0.7071607142857143	0.5199974285714286	0.27193906157142855	4127876	4126474	4121644	1164	4720	63	4126712	4121754	4121581	4121518	3419231	702287	0.7459666666666667	752862	179061	2156	22310	956389	0.1872261182426816	0.7871922408141457	0.4143	0.4426	16.422614285714285	0.7927199534328977	0.33405721670239946	5.844990842847679e-5	2.3701337438351416e-4	3.1635259716443627e-6	0.20696078151745603	0.1716956519293893	0.8283269652479871	0.829604771834067	Retained By Filtering
M300717	57	33.10964117956959	3.8405654022045623	Colon	positive	MSEB0010	G121eO301A	L06	13434.73288	19286.92338	5000	Lid8_Covaris_500639	Success	2	15	G121e	ULV2_Full	TecanUDI_A_8nt	25.7311	12.5207	13930828	5611560	1061454	8131577	2089624200	827808536	531492784	0.6656002857142858	0.5272811428571429	0.1963966634857143	5611560	5608656	5607352	2517	1253	89	5609043	5607403	5607263	5607188	4682763	924425	0.7410666666666667	1126929	220913	2921	30809	1381572	0.15989973740058427	0.8156860445926813	0.4522857142857143	0.4813285714285714	16.734614285714287	0.5971840295494281	0.2543485015152485	1.8067842055045113e-4	8.994440244327185e-5	6.388708553432717e-6	0.40250213411578983	0.3361439104696433	0.8344850629771401	0.8351357222194083	Retained By Filtering
M300718	83	40.16352812748892	3.858345333153954	Colon	positive	MSEB0010	G121eO301A	L06	13238.1966	20246.16108	5000	Lid8_Covaris_500639	Success	2	15	G121e	ULV2_Full	TecanUDI_A_8nt	15.9616	12.2326	17557926	14811194	532914	3538511	2633688900	2194456105	184486202	0.5702787142857143	0.5203954285714286	0.09899503924285714	14811194	14809542	14806286	930	3183	159	14810264	14806359	14806127	14805978	12333394	2472584	0.7473333333333333	2851523	613619	7107	79767	3552016	0.17275231868324917	0.8027900212161206	0.5840571428571428	0.6113714285714286	16.843514285714285	0.156438294591286	0.07004859305896	5.296753158658944e-5	1.8128564843023032e-4	9.055739271255614e-6	0.8432646315971488	0.7024402540482287	0.8327076129041319	0.8330009675821483	Retained By Filtering
M300719	0	1	0	Colon	negative	MSEB0010	G121eO301Z	L06	NA	NA	NA	Lid8_Covaris_500639	NA	0	15	G121e	ULV2_Full	TecanUDI_A_8nt	17.3401	5.7602	24825972	21256	3213418	22530634	3723895800	2783636	1562124564	0.7569371428571429	0.5727321428571429	0.42599861485714285	21256	20984	17480	241	3450	16	21015	17534	17464	17456	797	16659	NA	5221	2354	14	28	7617	0.3090455559931732	0.6854404621241958	0.25525714285714285	0.27699999999999997	12.867514285714286	0.9991437998882783	0.41948664729018464	9.707575598651283e-6	1.389673685284105e-4	6.444863467984255e-7	7.031346043570822e-4	3.210347614989657e-5	0.03749529544599172	0.04565765352887259	Excluded By Filtering
M300720	0	1	0	Colon	negative	MSEB0010	G121eO301M	L06	7385.37528	20281.04734	5000	Lid8_Covaris_500639	Success	2	15	G121e	ULV2_Full	TecanUDI_A_8nt	31.0608	5.6545	18080698	489010	2068852	16158967	2712104700	71367633	1106648409	0.7502901428571429	0.530052	0.4034935952857142	489010	469400	43414	19315	423708	35	469695	45692	43379	43368	3197	40171	NA	174661	14245	63	108	189077	0.07533967642812188	0.9237559301237064	0.2867571428571429	0.31058571428571424	13.446957142857142	0.9729540308676137	0.4080404451199838	0.0010682662804278906	0.02343427228307226	1.9357659754064806e-6	0.002398579966326521	1.7681839495355765e-4	0.0065376986155702334	0.07371794871794872	Excluded By Filtering
M300721	77	40.18347764759629	3.739563762483734	Colon	positive	MSEB0010	G121eO301A	L06	10372.8246	20398.47932	5000	Lid8_Covaris_500639	Success	1	15	G121e	ULV2_Full	TecanUDI_A_8nt	27.37	17.2117	20273764	12573474	1138440	7785997	3041064600	1864247067	489839931	0.6181922857142857	0.5226698571428572	0.1535738149857143	12573474	12571536	12569906	1131	1569	178	12572343	12569967	12569728	12569560	10463113	2106447	0.7410666666666667	2370080	527767	6315	68473	2972635	0.17754181054855372	0.7972993657142569	0.5890571428571428	0.6150857142857142	16.7999	0.379815509344984	0.1610751481569974	5.578638480747828e-5	7.739066115201893e-5	8.779820066959445e-6	0.6199914332632066	0.5160912892149677	0.8321576837077803	0.8324168069526697	Retained By Filtering
M300722	50	29.754085262960352	3.7286853559489677	Colon	positive	MSEB0010	G121eO301A	L06	11173.1095	20408.58966	5000	Lid8_Covaris_500639	Success	1	15	G121e	ULV2_Full	TecanUDI_A_8nt	38.764	16.2035	23645072	3388812	2648432	18754827	3546760800	500256851	1284937729	0.7215204285714286	0.5175434285714285	0.320532844	3388812	3368962	3367942	19423	852	54	3369389	3368110	3367888	3367834	2846975	520859	0.7095666666666667	653468	150266	1676	18341	823751	0.18241677400088133	0.7932834072432082	0.39652857142857145	0.4243	16.627014285714285	0.8566799881176086	0.3622848569319927	8.214396640450069e-4	3.603287822511177e-5	2.283773972014126e-6	0.1424328079863745	0.12040458155509105	0.8401100444639596	0.8453430305650457	Retained By Filtering
M300723	0	1	0	Colon	positive	MSEB0010	G121eO301A	L06	11634.7341	20391.95652	5000	Lid8_Covaris_500639	Success	1	15	G121e	ULV2_Full	TecanUDI_A_8nt	22.1238	18.9195	60	16	14	35	9000	2400	2505	0.6801587142857143	0.4747618571428571	0	16	16	16	0	0	0	16	16	16	16	13	3	NA	0	0	0	0	0	NA	NA	NA	NA	NA	0.7333333333333333	0.2783333333333333	0	0	0	0.26666666666666666	0.21666666666666667	0.8125	0.8125	Excluded By Filtering
M300724	64	36.19562379000552	3.761512853202951	Colon	positive	MSEB0010	G121eO301A	L06	13295.24592	18310.96776	5000	Lid8_Covaris_500639	Success	1	15	G121e	ULV2_Full	TecanUDI_A_8nt	18.8641	7.7592	17813582	6740658	1308972	10631703	2672037300	997925050	697101383	0.6723218571428572	0.5310017142857143	0.23701804494285716	6740658	6732292	6718664	7904	13461	1750	6732754	6718831	6716914	6716816	5592238	1124578	0.7447166666666667	1304341	272407	3396	37888	1618032	0.16835699170350155	0.8061280617441435	0.5014	0.5293857142857142	16.720000000000002	0.6216000802084611	0.26088759427123265	4.437063808952068e-4	7.556593614916978e-4	9.82396465797839e-5	0.3770615028465359	0.31393113412002144	0.8296279087293852	0.8325727547099697	Retained By Filtering
M300725	21	17.635409492617473	3.0114086743987563	Colon	positive	MSEB0010	G121eO301A	L06	12939.0334	18128.53828	5000	Lid8_Covaris_500639	Fail	3	15	G121e	ULV2_Full	TecanUDI_A_8nt	27.9712	12.6265	14707212	911232	1666170	12636042	2206081800	132415154	870961220	0.7386991428571429	0.5412545714285715	0.28469604785714286	911232	910104	908632	636	1266	150	910596	908838	908482	908380	760335	148045	0.6926833333333333	161853	40750	588	4925	208116	0.19580426300716908	0.7777057025889408	0.25767142857142855	0.2818	16.3037	0.9380418260102594	0.3948000568247288	4.324409004235473e-5	8.608021697110234e-5	1.0199077840178002e-5	0.061764255523072624	0.05169810566407828	0.834403313316477	0.8370230520266849	Retained By Filtering
M300726	0	1	0	Colon	negative	MSEB0010	G121eO301R	L06	NA	NA	NA	Lid8_Covaris_500639	NA	0	15	G121e	ULV2_Full	TecanUDI_A_8nt	12.9963	1.6211	16106214	184970	2125324	14476495	2415932100	25118822	996380989	0.754172	0.5028045714285715	0.35915832757142857	184970	183366	117776	1562	65242	10893	183408	118124	106883	106790	2183	104607	NA	39663	36594	50	339	76646	0.4774417451660882	0.5174829736711636	0.46972857142857144	0.49802857142857143	13.214014285714288	0.9885156126697435	0.4124209405554072	9.698120241044854e-5	0.004050734704009272	6.763228155294596e-4	0.0066303601827220225	1.3553774959155517e-4	0.011801913823863329	0.020441988950276244	Excluded By Filtering
M300727	68	35.64856506469771	3.9420088749448	Colon	positive	MSEB0010	G121eO301A	L06	12777.0937	17606.38202	5000	Lid8_Covaris_500639	Success	1	15	G121e	ULV2_Full	TecanUDI_A_8nt	17.138	15.6097	17278612	9153410	1120994	8126101	2591791800	1353481692	519507576	0.6311472857142857	0.5137079999999999	0.19208805007142857	9153410	9152062	9124466	847	27049	154	9152563	9125013	9124312	9124168	7638609	1485559	0.75755	1792701	402326	4200	49263	2248490	0.17893163856632674	0.7972910708964683	0.5423142857142857	0.5700571428571428	16.736114285714287	0.4702462211663761	0.20044340598654567	4.9020141201156665e-5	0.0015654613923849901	8.91275294566485e-6	0.5280613975242919	0.4420846419839742	0.8345096526868129	0.8371841684633602	Retained By Filtering
M300728	0	1	0	Colon	negative	MSEB0010	G121eO301Z	L06	NA	NA	NA	Lid8_Covaris_500639	NA	0	19	G121e	ULV2_Full	TecanUDI_A_8nt	23.3844	10.6306	34764800	39422	3947968	31833596	5214720000	5361518	2177433077	0.7578368571428572	0.5746461428571429	0.46086048614285713	39422	38092	32722	1253	5307	20	38169	32785	32702	32690	666	32024	NA	10826	4321	17	198	15362	0.28127847936466605	0.7047259471422992	0.24637142857142855	0.2671857142857143	13.722157142857142	0.9988660369108984	0.4175551279838611	3.604220360824742e-5	1.526544090574374e-4	5.752945508100147e-7	9.403189432989691e-4	1.915730854197349e-5	0.016894120034498503	0.020373202814316305	Excluded By Filtering
M300729	9	8.553401206585653	2.574277699799695	Colon	positive	MSEB0010	G121eO301A	L06	12551.78818	21653.41792	5000	Lid8_Covaris_500639	Success	1	19	G121e	ULV2_Full	TecanUDI_A_8nt	28.1866	16.9512	38097118	329964	4534744	34472818	5714567700	47732825	2377320757	0.7544161428571429	0.5222484285714286	0.4230627942857143	329964	328648	327562	1210	1028	26	328754	327620	327536	327512	270787	56725	0.5791833333333334	62989	15546	156	1799	80490	0.1931420052180395	0.7825692632625171	0.25894285714285714	0.28045714285714285	15.514242857142856	0.991338872404994	0.4160106033917491	3.1760932677374705e-5	2.6983668423422476e-5	6.824663219931754e-7	0.008596765771101111	0.007107807997444846	0.8206561927967899	0.8268002393805418	Retained By Filtering
M300730	15	13.448922154293497	2.9090423959338025	Colon	positive	MSEB0010	G121eO301A	L06	12478.73282	21318.48324	5000	Lid8_Covaris_500639	Success	2	19	G121e	ULV2_Full	TecanUDI_A_8nt	20.6327	11.463	30391696	720458	3996984	27078550	4558754400	104595743	1879181645	0.7518565714285714	0.523601	0.34955643485714283	720458	719934	718946	334	944	57	720124	718990	718889	718842	597625	121217	0.7493	139487	34294	365	3798	177944	0.19272355347749853	0.783881445848132	0.2953571428571429	0.3192428571428571	15.868914285714286	0.9762942482709751	0.41221383740260276	1.098984406793224e-5	3.1061116168048006e-5	1.8755123109944244e-6	0.023652579309821998	0.019664088506281454	0.829507063562345	0.8313718452733703	Retained By Filtering
M300731	63	35.28676067905052	3.5008578130036936	Colon	positive	MSEB0010	G121eO301A	L06	12362.87926	20562.75016	5000	Lid8_Covaris_500639	Fail	3	19	G121e	ULV2_Full	TecanUDI_A_8nt	39.7107	30.0626	31634480	6967822	3472164	23035123	4745172000	1021043136	1562393667	0.7035812857142857	0.5263731428571429	0.32920079142857145	6967822	6964706	6962272	2543	2370	129	6965279	6962336	6962143	6962020	5876126	1085894	0.70815	1253921	309475	3548	39715	1606659	0.19262021374790791	0.780452479337557	0.5119571428571429	0.5395285714285714	16.6724	0.7797396385210061	0.3292596489653062	8.038697016672946e-5	7.491825375349935e-5	4.07782900177275e-6	0.22007695400714664	0.18575067458039457	0.8433232077398074	0.8440260154380481	Retained By Filtering
M300732	0	1	0	Colon	positive	MSEB0010	G121eO301A	L06	12575.2964	20313.68812	5000	Lid8_Covaris_500639	Success	2	19	G121e	ULV2_Full	TecanUDI_A_8nt	28.1418	25.1872	15530436	190516	1685384	13453734	2329565400	25719550	929358114	0.7532931428571429	0.5582221428571429	0.30930246657142857	190516	188374	187446	1072	596	199	189444	187778	187247	187048	120793	66255	0.4714	27617	22566	196	991	51370	0.4392836285769904	0.5376094997080008	0.3766000000000001	0.4045428571428571	13.733457142857144	0.9877327333244218	0.39894055517823196	6.902575046830623e-5	3.8376256790215034e-5	1.2813548827605355e-5	0.012043963221637822	0.0077778241383564505	0.6340307375758466	0.645786108378598	Excluded By Filtering
M300733	29	21.62334844151614	3.3767816016554737	Colon	positive	MSEB0010	G121eO301A	L06	12653.67	19720.44008	5000	Lid8_Covaris_500639	Success	1	19	G121e	ULV2_Full	TecanUDI_A_8nt	14.6658	13.5221	28834124	1551280	3082272	25098646	4325118600	226501713	1712335290	0.743315	0.5272524285714286	0.42356102671428575	1551280	1550754	1549024	296	1593	58	1550984	1549161	1548966	1548918	1269025	279893	0.74285	291924	67475	748	8048	368195	0.18325887097869337	0.7928516139545622	0.33795714285714284	0.3641285714285714	16.271328571428572	0.9461998568085509	0.3959048175002646	1.0265614450433799e-5	5.524703993088189e-5	2.0115055342066228e-6	0.05371822636262506	0.0440112208714924	0.8180502552730649	0.8192977291244598	Retained By Filtering
M300734	0	1	0	Colon	negative	MSEB0010	G121eO301M	L06	17189.2718	29742.57816	5000	Lid8_Covaris_500639	Success	1	19	G121e	ULV2_Full	TecanUDI_A_8nt	15.0022	10.8312	36948218	40004	4119230	33686822	5542232700	5247973	2304128109	0.757628	0.5633967142857143	0.42177091285714285	40004	39770	34634	167	4391	42	39837	35379	34592	34572	4511	30061	NA	8309	4910	17	66	13302	0.3691174259509848	0.6246429108404751	0.2569857142857143	0.27852857142857146	13.768242857142855	0.9989172955513037	0.41574005165824235	4.519839089398033e-6	1.1884199665596863e-4	1.1367259985312418e-6	9.356878862195736e-4	1.2208978522320075e-4	0.11276372362763723	0.13048131435844035	Excluded By Filtering
M300735	57	34.104233817832196	3.6704653905647477	Colon	positive	MSEB0010	G121eO301A	L06	11471.31336	19136.4	5000	Lid8_Covaris_500639	Success	1	19	G121e	ULV2_Full	TecanUDI_A_8nt	27.3472	29.709	63583828	5031612	6887756	54168787	9537574200	728445565	3718200354	0.7352977142857143	0.5317821428571429	0.4237363722857143	5031612	5030532	5021594	623	7859	120	5030989	5022673	5021474	5021360	4172060	849300	0.7016333333333332	932060	213144	2812	27516	1175532	0.18131705474627657	0.7928835625061674	0.4334	0.4613857142857143	16.79667142857143	0.9208664819614195	0.3898475939510908	9.798088910280771e-6	1.236006111491117e-4	1.8872723422691695e-6	0.07897228207147264	0.06561511206906259	0.8291696577558046	0.8308625551643379	Retained By Filtering
M300736	75	37.63617548895655	3.8006509765048158	Colon	positive	MSEB0010	G121eO301A	L06	13507.3447	18129.9332	5000	Lid8_Covaris_500639	Success	2	19	G121e	ULV2_Full	TecanUDI_A_8nt	20.6264	26.1442	30973352	9309670	3018156	20464878	4646002800	1372548298	1373851113	0.6848958571428572	0.5173031428571429	0.2396701794285714	9309670	9303234	9266378	5800	36630	241	9303870	9266604	9266137	9265996	7588191	1677805	0.75715	1774721	417861	4081	50438	2247101	0.1859555934512957	0.7897824797372259	0.5379571428571429	0.5651714285714285	16.780228571428573	0.6994296903996701	0.2957060449898997	1.8725774336597473e-4	0.0011826295068095955	7.780882095034467e-6	0.2991602587927842	0.24499095222241365	0.8150870009355863	0.8189288016096704	Retained By Filtering
M300737	0	1	0	Colon	positive	MSEB0010	G121eO301A	L06	13457.11914	17998.49878	5000	Lid8_Covaris_500639	Success	1	19	G121e	ULV2_Full	TecanUDI_A_8nt	12.5003	10.3941	25445734	375458	3040278	22973852	3816860100	54367982	1582877341	0.7528295714285714	0.5096105714285714	0.37013911514285713	375458	173898	161918	199447	11823	86	176011	162075	161832	161812	49971	111841	0.32134999999999997	102666	48119	71	659	151515	0.3175857175857176	0.6775962775962776	0.2371	0.25707142857142856	15.077557142857144	0.985244756547404	0.4147066697571651	0.00783813113820965	4.646358403337864e-4	3.3797413743301726e-6	0.006359101293757138	0.001963826235077361	0.1330934485348561	0.30882134823128077	Excluded By Filtering
M300738	68	37.23865209132121	3.7009537856558468	Colon	positive	MSEB0010	G121eO301A	L06	13010.05838	17942.33102	5000	Lid8_Covaris_500639	Success	1	19	G121e	ULV2_Full	TecanUDI_A_8nt	12.1192	21.3821	35401942	9021226	3429124	25307346	5310291300	1313629917	1693665265	0.6990211428571429	0.5373215714285714	0.3100993542857143	9021226	9018654	9017214	2071	1376	116	9019155	9017278	9017098	9016982	7556027	1460955	0.7217333333333333	1684885	356229	5011	49314	2095439	0.17000208548184892	0.8040725594970791	0.5361428571428571	0.5633571428571428	16.781785714285714	0.7451770866129321	0.31894018036261024	5.84996156425543e-5	3.886792425116114e-5	3.2766564048943983e-6	0.25470303295790947	0.2134353815957328	0.837583162199905	0.8379773853380211	Retained By Filtering
M300739	0	1	0	Colon	negative	MSEB0010	G121eO301R	L06	NA	NA	NA	Lid8_Covaris_500639	NA	0	19	G121e	ULV2_Full	TecanUDI_A_8nt	13.9415	12.3918	59797686	27428	7320324	54235765	8969652900	2893242	3777728749	0.7511198571428571	0.5832727142857143	0.4184812667142857	27428	26574	25180	432	1220	97	26996	25354	25083	24986	97	24889	NA	6487	2918	25	101	9531	0.3061588500681985	0.6806211310460603	0.6679714285714285	0.6899142857142857	8.2269	0.9995413200437221	0.4211677743962645	7.224359818873259e-6	2.0402127266262445e-5	1.622136348219227e-6	4.1784225563510936e-4	1.622136348219227e-6	0.0035365320110835644	0.003882174017449772	Excluded By Filtering
M300740	0	1	0	Colon	negative	MSEB0010	G121eO301M	L06	17787.8361	12522.87874	5000	Lid8_Covaris_500639	Success	2	19	G121e	ULV2_Full	TecanUDI_A_8nt	15.6225	11.0383	24873786	179000	3010386	22526361	3731067900	25640435	1557835721	0.7519158571428571	0.5138921428571428	0.3970694242857143	179000	177984	174130	957	3800	71	178043	174184	174059	174026	1335	172691	0.37034	26644	10172	69	188	37073	0.27437757937043133	0.7186901518625415	0.3089	0.3343	14.574971428571429	0.9928036688906144	0.4175307881692531	3.847423950660346e-5	1.5277127494785073e-4	2.854410663499316e-6	0.006996361551072281	5.367096106720545e-5	0.0074581005586592175	0.007671267511751118	Excluded By Filtering
M300741	62	34.04726493628844	3.7258534960541114	Colon	positive	MSEB0010	G121eO301A	L06	12684.36776	17716.75106	5000	Lid8_Covaris_500639	Success	1	19	G121e	ULV2_Full	TecanUDI_A_8nt	22.8563	43.5393	16670480	6802488	1307482	9683989	2500572000	1000355472	631211460	0.6631394285714286	0.523406	0.1987970892	6802488	6770264	6750266	31424	19842	1619	6771064	6750422	6748647	6748518	5537277	1211241	0.7405499999999999	1295010	309419	3301	36674	1644404	0.1881648305404268	0.7875254499502555	0.4846714285714286	0.5137285714285714	16.746828571428573	0.5919440831937652	0.25242682874158395	0.0018850087100071504	0.001190247671332799	9.711777945206137e-5	0.40481845753691553	0.3321606216497665	0.8140076101567544	0.8205174825050477	Retained By Filtering
M300742	69	35.56029925406285	3.8666618762661535	Colon	positive	MSEB0010	G121eO301A	L06	12621.54598	17543.53628	5000	Lid8_Covaris_500639	Success	2	19	G121e	ULV2_Full	TecanUDI_A_8nt	14.1965	41.2795	19391712	8552398	1386254	10684885	2908756800	1259733256	693802201	0.6540375714285714	0.5182212857142857	0.19501767168571427	8552398	8503978	8482986	47500	20736	171	8504898	8483242	8482815	8482714	6993516	1489198	0.7214333333333333	1650806	391088	4061	45967	2091922	0.18695152113702135	0.7891336292653359	0.5139571428571429	0.5424142857142857	16.790071428571427	0.558966325407473	0.2385219008340608	0.002449500075083623	0.0010693228117249266	8.818200270301044e-6	0.4374401806297453	0.3606445887810215	0.8177257419498016	0.824443214754146	Retained By Filtering
M300743	63	35.02377745968155	3.7180533211840383	Colon	positive	MSEB0010	G121eO301A	L06	12372.90116	16657.59968	5000	Lid8_Covaris_500639	Success	2	19	G121e	ULV2_Full	TecanUDI_A_8nt	10.7763	13.692	34810024	7039646	3594822	26329575	5221503600	1021192800	1768995341	0.7082802857142857	0.5206818571428571	0.354934165	7039646	7033862	7032128	5341	1677	100	7034305	7032185	7032028	7031932	5870282	1161650	0.7177500000000001	1300232	308410	3512	37657	1649811	0.18693656424887456	0.7881096683195833	0.4864857142857143	0.5142571428571429	16.815685714285713	0.7977695734998631	0.33879040914574876	1.5343281578892332e-4	4.8175778333275495e-5	2.872735738418336e-6	0.20200882366527526	0.16863768895993866	0.8338888063405461	0.8348035788741984	Retained By Filtering
M300744	30	22.399800173440607	3.1752484431926598	Colon	positive	MSEB0010	G121eO301A	L06	11994.45138	14153.12974	5000	Lid8_Covaris_500639	Success	1	19	G121e	ULV2_Full	TecanUDI_A_8nt	10.8566	8.4398	24819276	1756482	2635388	21324827	3722891400	257155615	1459981090	0.739006	0.5241322857142857	0.335769154	1756482	1754428	1749806	1586	4436	132	1754896	1749992	1749674	1749566	1434632	314934	0.7564333333333333	315674	87261	847	9721	413503	0.2110286987035161	0.7634140502003613	0.33735714285714286	0.3636428571428571	16.359457142857142	0.9292291201403297	0.39216322291861644	6.390194460144606e-5	1.7873204681715938e-4	5.318446839464616e-6	0.07049222547829356	0.05780313656208183	0.8167644188781895	0.819993072567711	Retained By Filtering
M300745	47	30.03705405231403	3.422468955614814	Colon	positive	MSEB0010	G121eO301A	L06	12007.49698	14299.24046	5000	Lid8_Covaris_500639	Success	1	19	G121e	ULV2_Full	TecanUDI_A_8nt	13.0091	11.9991	37946444	3272650	4671454	31844048	5691966600	477758247	2201063055	0.7326442857142857	0.5233467142857143	0.3794653938571429	3272650	3271568	3241542	799	29568	96	3271851	3242000	3241446	3241368	2642740	598628	0.6870833333333333	609351	154051	1621	18216	783239	0.19668453690380583	0.7779885833059896	0.38215714285714286	0.4096	16.68617142857143	0.9137560821245859	0.38669641086790635	2.10559914388816e-5	7.792034478909276e-4	2.5298813243211933e-6	0.08541954550471186	0.06964394344829782	0.8075229554031137	0.8153162491886142	Retained By Filtering
M300746	0	1	0	Colon	negative	MSEB0010	G121eO301Z	L06	NA	NA	NA	Lid8_Covaris_500639	NA	0	19	G121e	ULV2_Full	TecanUDI_A_8nt	9.7368	6.7276	30198210	8854	3627348	27565674	4529731500	1029291	1898541858	0.7542897142857143	0.564963	0.4007447497142857	8854	8700	7902	78	743	23	8776	7957	7879	7860	477	7383	NA	1677	901	20	15	2613	0.344814389590509	0.6417910447761194	0.3568	0.3833	11.304185714285714	0.9997068038138684	0.41912900532846153	2.582934551418776e-6	2.4604107329540394e-5	7.616345472132289e-7	2.602803278737382e-4	1.5795638218291746e-5	0.053873955274452226	0.06068702290076336	Excluded By Filtering
M300747	68	37.78390881827889	3.6144229390824982	Colon	positive	MSEB0010	G121eO301A	L06	12029.34836	14662.47546	5000	Lid8_Covaris_500639	Success	3	19	G121e	ULV2_Full	TecanUDI_A_8nt	9.6362	21.8339	35216960	9787084	3755070	23926054	5282544000	1435356290	1618266823	0.6927191428571429	0.5351101428571429	0.31366890985714285	9787084	9722288	9720238	62930	1989	181	9724154	9720299	9720057	9719882	8132479	1587403	0.7142833333333333	1765527	434707	5141	51806	2257181	0.19258845435966368	0.7821822884385434	0.5565714285714286	0.5830714285714286	16.775342857142856	0.7220917421605954	0.30634232729533345	0.0017869231188609124	5.6478469464712456e-5	5.139569116698318e-6	0.2760000295312259	0.23092507132926862	0.8309399408444844	0.8366849515251317	Retained By Filtering
M300748	54	31.478372778733604	3.5557428809371823	Colon	positive	MSEB0010	G121eO301A	L06	12076.59094	15671.86506	5000	Lid8_Covaris_500639	Success	1	19	G121e	ULV2_Full	TecanUDI_A_8nt	18.7212	19.243	47813730	4618030	5510930	39918298	7172059500	674280114	2726936788	0.7331524285714286	0.5156377142857143	0.380470602	4618030	4613390	4604156	4136	8910	128	4613894	4604480	4604028	4603920	3778627	825293	0.68345	849871	216115	2154	24518	1092658	0.19778832901054128	0.7778014712746348	0.42542857142857143	0.4533571428571429	16.777371428571428	0.9034162362986531	0.38021669898304666	8.650234984804574e-5	1.863481472790347e-4	2.67705531444629e-6	0.09628866018191845	0.07902807415359563	0.8182335324803001	0.8207412379016142	Retained By Filtering
M300749	0	1	0	Colon	negative	MSEB0010	G121eO301M	L06	8706.30096	29038.14926	5000	Lid8_Covaris_500639	Success	1	19	G121e	ULV2_Full	TecanUDI_A_8nt	7.9535	5.8353	33979592	58876	3895132	31052391	5096938800	8097887	2133944174	0.7574184285714286	0.6249557142857143	0.4223110955714286	58876	57874	53674	937	4006	25	57939	53868	53649	53636	950	52686	NA	20068	4335	24	57	24484	0.17705440287534716	0.8196373141643523	0.2499142857142857	0.27112857142857144	14.236314285714286	0.9982673129212382	0.4186717278221979	2.757537524288108e-5	1.1789429372783522e-4	7.357357322006691e-7	0.0015784768692926037	2.7957957823625427e-5	0.016135607038521637	0.01771198448803043	Excluded By Filtering
M300750	61	33.631773119038755	3.7288726306588105	Colon	positive	MSEB0010	G121eO301A	L06	12060.51008	16688.9842	5000	Lid8_Covaris_500639	Success	1	19	G121e	ULV2_Full	TecanUDI_A_8nt	9.5492	11.7964	42515480	6498154	4796614	33496256	6377322000	947787652	2288008602	0.7181958571428572	0.5166561428571429	0.3591899012857143	6498154	6495772	6494054	1742	1651	167	6496412	6494121	6493887	6493728	5434022	1059706	0.6940500000000001	1207600	294729	3220	34627	1540176	0.19136059774986755	0.7840662365859487	0.4857	0.5134857142857142	16.795485714285714	0.8471579293001044	0.35877263246234076	4.097331136800055e-5	3.883291450549306e-5	3.927981055370891e-6	0.152737967441506	0.1278127872483152	0.8362408770244596	0.8368108427085336	Retained By Filtering
M300751	67	36.97639341073712	3.7323326889309523	Colon	positive	MSEB0010	G121eO301A	L06	11931.1964	19713.76962	5000	Lid8_Covaris_500639	Success	1	19	G121e	ULV2_Full	TecanUDI_A_8nt	13.5771	15.8728	33272966	8305184	3244036	23489875	4990944900	1216465199	1575375817	0.697719	0.5219067142857142	0.25042820585714287	8305184	8299258	8296806	5158	2359	201	8300026	8296899	8296605	8296410	6871252	1425158	0.7150833333333333	1554381	358431	3825	46208	1962845	0.18260789822935583	0.7919020605294865	0.5066428571428571	0.5347285714285714	16.810628571428573	0.7503924357089176	0.31564680607874473	1.5502074567082477e-4	7.089839841750206e-5	6.040940263636251e-6	0.2493438667295245	0.20651155655915976	0.8273449450367385	0.8282199168073902	Retained By Filtering
M300752	0	1	0	Colon	negative	MSEB0010	G121eO301M	L07	13243.9702	30714.35286	5000	Lid8_Covaris_500639	Success	1	15	G121e	ULV2_Full	TecanUDI_A_8nt	3.8345	0.2827	4583592	78044	627154	4059796	687538800	10756594	282911862	0.7513898571428571	0.5606077142857143	0.2501874629714286	78044	77256	57300	764	19758	37	77280	57498	57263	57260	1415	55845	NA	21031	10141	47	164	31383	0.32313673007679317	0.6701398846509257	0.4752	0.5047	12.581514285714285	0.9829731791136733	0.4114849401953752	1.6668150219303988e-4	0.004310593089437279	8.072271703066067e-6	0.01249238588425846	3.08709850265905e-4	0.018130798011378197	0.024711840726510653	Excluded By Filtering
M300753	55	30.721152931292163	3.6209724219358215	Colon	positive	MSEB0010	G121eO301A	L07	13884.29948	20066.12646	5000	Lid8_Covaris_500639	Success	1	15	G121e	ULV2_Full	TecanUDI_A_8nt	11.2501	9.5927	21783290	7767908	1839952	13796201	3267493500	1137456917	896619588	0.6636615714285714	0.497749	0.22472345	7767908	5870048	5867578	1884216	2341	125	5883692	5867707	5867453	5867358	4878827	988531	0.5148833333333334	1129246	1100028	2883	30438	2262595	0.4861798068147415	0.4990932977399844	0.4731	0.5015428571428572	16.717814285714287	0.6434006066117652	0.2744059285810362	0.08649822868813664	1.0746769656925102e-4	5.738343473368807e-6	0.26935132388174604	0.22397108058516413	0.6280747660760143	0.8315202515339953	Retained By Filtering
M300754	0	1	0	Colon	negative	MSEB0010	G121eO301R	L07	NA	NA	NA	Lid8_Covaris_500639	NA	0	15	G121e	ULV2_Full	TecanUDI_A_8nt	14.0441	8.7953	23444132	9900	3317928	21122024	3516619800	1106797	1466349294	0.7610588571428571	0.6096254285714285	0.20507416985714289	9900	9506	8518	203	883	54	9697	8623	8464	8414	83	8331	NA	2327	899	35	8	3269	0.27500764759865404	0.711838482716427	0.5627714285714286	0.5893857142857143	9.024942857142856	0.999577719490745	0.416976920280094	8.65888316957096e-6	3.766400905778896e-5	2.3033482322996647e-6	3.588957782698033e-4	3.5403315422383734e-6	0.008383838383838384	0.00986451152840504	Excluded By Filtering
M300755	62	32.19498603665866	3.8688234873212823	Colon	positive	MSEB0010	G121eO301A	L07	13715.67514	19528.97232	5000	Lid8_Covaris_500639	Success	1	15	G121e	ULV2_Full	TecanUDI_A_8nt	14.8582	11.3145	27759756	6492506	2597050	20184105	4163963400	952977991	1349845669	0.6998508571428571	0.5183457142857143	0.3093700955714286	6492506	6491398	6489252	683	2085	99	6491823	6489313	6489153	6489058	5432549	1056509	0.6906	1290252	274430	3218	34666	1602566	0.17124411724696517	0.8051162947423071	0.49168571428571434	0.5196000000000001	16.732285714285712	0.7661180451297915	0.32417327899664056	2.460396265730866e-5	7.510872934185732e-5	3.566313767311211e-6	0.2337577462856662	0.1956987302049773	0.8367414677783894	0.8371860753902954	Retained By Filtering
M300756	86	35.91843417785024	3.9296111030201115	Colon	positive	MSEB0010	G121eO301A	L07	13508.6447	19087.25324	5000	Lid8_Covaris_500639	Success	1	15	G121e	ULV2_Full	TecanUDI_A_8nt	7.7826	14.4922	19192550	17785300	405666	3117687	2878882500	2622456520	112784156	0.5564502857142857	0.5258407142857143	0.08002695165714285	17785300	17781426	17778804	2891	2548	189	17782409	17778878	17778615	17778430	14885871	2892559	0.7195333333333334	3584675	715556	9201	93385	4402817	0.16252231241952594	0.8141776049288444	0.5745142857142858	0.6004857142857143	17.0515	0.07332272157686186	0.03917636652416345	1.5063136477435254e-4	1.3275984691976835e-4	9.84757106273007e-6	0.9263193270305405	0.775606732820808	0.8369760982384329	0.8372995253236647	Retained By Filtering
M300757	67	32.868965202759824	3.9502248851838253	Colon	positive	MSEB0010	G121eO301A	L07	13209.3237	18911.46378	5000	Lid8_Covaris_500639	Fail	3	15	G121e	ULV2_Full	TecanUDI_A_8nt	7.9119	6.2982	28509168	8757876	2631892	18606096	4276375200	1294498116	1248412701	0.6832535714285715	0.5207641428571429	0.2634615775714286	8757876	8755478	8748996	1681	6329	191	8756195	8749149	8748805	8748644	7438195	1310449	0.7358	1791060	355359	4394	46893	2197706	0.16169542240863882	0.8149679711480972	0.5804142857142858	0.6062428571428571	16.5731	0.6928049250683148	0.2919324527464288	5.896348851709738e-5	2.2199876194212333e-4	6.69959923067555e-6	0.3068712492767239	0.2609053691079305	0.8493149480536148	0.8502111870136675	Retained By Filtering
M300758	80	39.610746707216414	3.75779715037146	Colon	positive	MSEB0010	G121eO301A	L07	13454.4955	18211.87688	5000	Lid8_Covaris_500639	Fail	3	15	G121e	ULV2_Full	TecanUDI_A_8nt	6.0383	10.7557	19807412	14664330	852978	5849363	2971111800	2169604240	334822955	0.599456	0.5320728571428571	0.13068423831428572	14664330	14658612	14655416	4631	3113	229	14659699	14655499	14655187	14654972	12303244	2351728	0.7549333333333333	2764497	596952	7877	82575	3451901	0.17293427592506275	0.8008621915866069	0.5852999999999999	0.6125285714285714	16.8669	0.25965441623570007	0.1126928158677839	2.33801366882256e-4	1.5716338913937875e-4	1.1561328658181089e-5	0.7398731343600062	0.6211434386279238	0.8389912120090042	0.8395269537191883	Retained By Filtering
M300759	88	38.31020256872412	4.0174973547108745	Colon	positive	MSEB0010	G121eO301A	L07	13356.62736	17525.29242	5000	Lid8_Covaris_500639	Success	1	15	G121e	ULV2_Full	TecanUDI_A_8nt	3.86	10.9793	19249204	16868806	491022	3572916	2887380600	2495496542	162468388	0.5597822857142857	0.5145272857142857	0.1096191998	16868806	16862840	16859342	4634	3392	328	16864172	16859448	16859014	16858712	13996825	2861887	0.7142666666666666	3390897	719210	8118	91720	4209945	0.17083596103987106	0.8054492398356748	0.6226714285714285	0.6483	16.751414285714286	0.12366215247134375	0.05626843513459916	2.4073722736794726e-4	1.7621507881572662e-4	1.703966564019998e-5	0.8758134622086191	0.7271378598304636	0.8297460413025083	0.8302428441745727	Retained By Filtering
M300760	64	31.798645337775582	3.8727697052701147	Colon	positive	MSEB0010	G121eO301A	L07	12866.49454	15050.06616	5000	Lid8_Covaris_500639	Success	1	15	G121e	ULV2_Full	TecanUDI_A_8nt	4.4884	23.1672	21348604	18904848	534638	3470471	3202290600	2801899568	163502702	0.5249255714285714	0.47685442857142857	0.08180697214142857	18904848	18885012	8446648	14672	10362254	218	18890176	8522758	8446430	8446266	6871274	1574992	0.33695	4678771	1741919	3859	43866	6468415	0.2692961104072636	0.7233257297189497	0.5069857142857143	0.5367571428571428	16.751528571428572	0.11446912407012655	0.051058046387170486	6.872580520955843e-4	0.4853832128789311	1.0211440523230466e-5	0.3956355179008426	0.3218605769257793	0.36346623892453406	0.8135280134440473	Retained By Filtering
M300761	96	38.087332070602805	3.984308723727844	Colon	positive	MSEB0010	G121eO301A	L07	12921.93834	15311.99024	5000	Lid8_Covaris_500639	Success	3	15	G121e	ULV2_Full	TecanUDI_A_8nt	4.252	33.5825	23205464	21053868	528846	3475824	3480819600	3120160896	147435076	0.5559427142857143	0.5201935714285715	0.07319684337142857	21053868	21047496	21046144	4811	1262	318	21049057	21046234	21045826	21045508	17438606	3606902	0.7511833333333334	4118424	898051	10259	113349	5140083	0.17471527210747376	0.801236867186775	0.6245142857142857	0.6497571428571429	16.901471428571426	0.09271936988633367	0.042356425480941325	2.0732186178220785e-4	5.4383743414912974e-5	1.3703669101380605e-5	0.9069203701335168	0.7514870635639951	0.8282851398137387	0.8286141631743933	Retained By Filtering
M300762	0	1	0	Colon	negative	MSEB0010	G121eO301Z	L07	NA	NA	NA	Lid8_Covaris_500639	NA	0	15	G121e	ULV2_Full	TecanUDI_A_8nt	3.3239	0.326	4317454	124010	643184	3823539	647618100	17479285	263333480	0.7567732857142857	0.55931	0.04418586111428571	124010	123780	83394	200	38954	59	123810	84826	83335	83332	947	82385	NA	31018	18739	81	83	49921	0.3753730894813806	0.6213417199174696	0.4664571428571429	0.4972428571428571	11.778628571428571	0.9712770535598063	0.4066184685079061	4.632359719408707e-5	0.009022447025492339	1.3665461172255686e-5	0.01930119000688832	2.1934223271400229e-4	0.007636480928957342	0.011364181826909231	Excluded By Filtering
M300763	100	41.579019656433466	3.9234960836436463	Colon	positive	MSEB0010	G121eO301A	L07	12995.94598	15577.54522	5000	Lid8_Covaris_500639	Fail	3	15	G121e	ULV2_Full	TecanUDI_A_8nt	3.0883	59.0011	25006014	23782154	438678	2419300	3750902100	3534838252	81956880	0.5565878571428572	0.5296917142857143	0.06531429999999999	23782154	23777096	23775990	3547	1006	307	23778607	23776090	23775683	23775378	19840828	3934550	0.7565500000000001	4469569	980223	12154	129738	5591684	0.1753001421396488	0.7993243180408621	0.6230571428571428	0.6475142857142857	15.699228571428572	0.048942626361802404	0.021849911785220947	1.418458775556952e-4	4.0230322193693084e-5	1.2277046633661806e-5	0.9507863988238989	0.7934422495324525	0.8342738004303563	0.8345115690694802	Retained By Filtering
M300764	96	40.60636118456477	3.816121656007553	Colon	positive	MSEB0010	G121eO301A	L07	12999.10738	16205.10154	5000	Lid8_Covaris_500639	Success	2	15	G121e	ULV2_Full	TecanUDI_A_8nt	2.7702	25.5451	21307922	19871968	398662	2329017	3196188300	2955257762	93535742	0.5590972857142857	0.5244182857142857	0.07356072672857143	19871968	19866854	19865152	3809	1634	253	19868159	19865220	19864899	19864646	16562590	3302056	0.7448666666666667	3693616	832084	10218	110017	4645935	0.17909936320676031	0.7950210237551752	0.6378428571428572	0.6627714285714287	15.671028571428572	0.06739061650404014	0.02926477829857521	1.7875980585999892e-4	7.668509392891527e-5	1.18735182154318e-5	0.9322657554312429	0.7772972887736308	0.8334650096054905	0.8337722202550198	Retained By Filtering
M300765	0	1	0	Colon	negative	MSEB0010	G121eO301M	L07	13266.8	30315.89878	5000	Lid8_Covaris_500639	Success	1	15	G121e	ULV2_Full	TecanUDI_A_8nt	6.5176	4.0591	28901236	57016	3806854	26032036	4335185400	7852386	1800770764	0.7569994285714285	0.5463858571428571	0.4052815607142857	57016	56906	50816	61	5996	15	56955	50910	50801	50790	20354	30436	NA	13246	4661	97	324	18328	0.2543103448275862	0.7227193365342646	0.32435714285714284	0.35019999999999996	13.483	0.9980272124001894	0.41538494847302265	2.1106363755515507e-6	2.0746517553782128e-4	5.190089448077584e-7	0.00175736428711907	7.042605375078076e-4	0.3569875122772555	0.40074817877534946	Excluded By Filtering
M300766	96	39.284202965848394	4.015687734647199	Colon	positive	MSEB0010	G121eO301A	L07	13128.59698	18741.54252	5000	Lid8_Covaris_500639	Success	2	15	G121e	ULV2_Full	TecanUDI_A_8nt	1.4557	28.6455	19963652	19487694	266670	1792892	2994547800	2892098454	41217918	0.548658	0.5307861428571429	0.07964401428571428	19487694	19481244	19479440	5466	1739	230	19482228	19479505	19479210	19478984	16279054	3199930	0.76435	3889171	780463	10093	105266	4784993	0.16310640370842758	0.8127850970732873	0.5689857142857143	0.5927428571428571	15.650414285714286	0.02384122904967488	0.01376432127748971	2.7379759975779984e-4	8.710831064376397e-5	1.152093815299926e-5	0.9757224780315746	0.8154346709710227	0.8353504524445017	0.8357239782115946	Retained By Filtering
M300767	82	34.78208895132525	3.8504028795320595	Colon	positive	MSEB0010	G121eO301A	L07	13103.6842	20085.08362	5000	Lid8_Covaris_500639	Success	1	15	G121e	ULV2_Full	TecanUDI_A_8nt	2.286	3.945	19998684	19026202	361376	2272568	2999802600	2820810692	71460669	0.5418378571428571	0.5108032857142857	0.19532526157142857	19026202	19023222	19010578	1750	12509	329	19024452	19010713	19010249	19009978	15693173	3316805	0.76	3829226	809308	8571	101045	4748150	0.17044701620631192	0.8064669397554837	0.6689571428571429	0.6914	15.377957142857143	0.0486272996763187	0.02382179047381318	8.750575787886842e-5	6.254911573181515e-4	1.6451082481227264e-5	0.9505614469432089	0.7847102839366831	0.8248190048649752	0.8255229437929913	Retained By Filtering
M300768	67	32.80707234474137	3.8317190118008457	Colon	positive	MSEB0010	G121eO301A	L07	12299.77816	15261.2528	5000	Lid8_Covaris_500639	Success	1	15	G121e	ULV2_Full	TecanUDI_A_8nt	9.6043	13.3994	19900918	8922280	1432288	11200880	2985137700	1303998428	708510389	0.6517381428571428	0.5172842857142858	0.1668836691857143	8922280	8920908	8918990	769	1865	158	8921511	8919043	8918832	8918682	7470220	1448462	0.7029833333333333	1748207	386057	4543	46996	2185803	0.17662021691799307	0.7998008054705753	0.5388142857142857	0.5662285714285714	16.73222857142857	0.55166490309643	0.23734596531342592	3.864143352583032e-5	9.37142698643349e-5	7.93933224587931e-6	0.4481543012236923	0.3753706236064085	0.8372546030835167	0.8375923707112778	Retained By Filtering
M300769	0	1	0	Colon	negative	MSEB0010	G121eO301M	L07	11581.66596	28330.7851	5000	Lid8_Covaris_500639	Success	1	15	G121e	ULV2_Full	TecanUDI_A_8nt	9.1376	3.8683	14538534	26660	1745060	13213255	2180780100	3499186	907165774	0.7557604285714286	0.5626948571428572	0.3159224471428571	26660	26488	21200	134	5202	20	26526	21286	21180	21174	387	20787	NA	6971	3357	15	47	10390	0.32309913378248317	0.6709335899903753	0.32480000000000003	0.3512571428571429	12.687014285714286	0.9981662525258737	0.4159822322296503	9.21688527880459e-6	3.578077404503095e-4	1.3756545192245655e-6	0.0014564054395030475	2.6618914946995342e-5	0.014516129032258065	0.01827713233210541	Excluded By Filtering
M300770	0	1	0	Colon	negative	MSEB0010	G121eO301Z	L07	NA	NA	NA	Lid8_Covaris_500639	NA	0	15	G121e	ULV2_Full	TecanUDI_A_8nt	3.3037	0.1741	1079406	557920	93824	568104	161910900	80648295	34691042	0.6596991428571428	0.5710457142857143	0.16398415557142856	557920	557508	487132	343	70067	144	557577	487441	486988	486974	5083	481891	0.6521333333333333	211777	38722	85	941	251525	0.1539489116390021	0.84197197097704	0.5670857142857143	0.5942285714285714	12.722328571428571	0.48312312512622685	0.21426007761058705	3.1776736464314635e-4	0.06491255375641788	1.3340670702219554e-4	0.4511499843432406	0.004709071470790417	0.009110625179237167	0.010437928924336823	Excluded By Filtering
M300771	50	30.484031341575783	3.79489718619031	Colon	positive	MSEB0010	G121eO301A	L07	12230.63648	14216.24098	5000	Lid8_Covaris_500639	Success	1	15	G121e	ULV2_Full	TecanUDI_A_8nt	11.8152	11.4152	35217072	3762658	4017524	28651966	5282560800	551977225	2000882998	0.7240854285714285	0.5159672857142857	0.30787782457142854	3762658	3761076	3759018	1049	1992	163	3761609	3759084	3758855	3758720	3098606	660114	0.6943833333333334	732671	170141	1733	20330	924875	0.1839610758210569	0.7921838086227868	0.4172571428571428	0.44515714285714286	16.647185714285715	0.8931581251274949	0.3787714091241505	2.978668981907411e-5	5.65634758051436e-5	4.628437026224099e-6	0.10673005410557698	0.08798590638085983	0.8235151852759406	0.824377979737783	Retained By Filtering
M300772	83	39.39317791555867	3.7573934729930176	Colon	positive	MSEB0010	G121eO301A	L07	12192.80424	14393.51548	5000	Lid8_Covaris_500639	Success	2	15	G121e	ULV2_Full	TecanUDI_A_8nt	5.3012	10.0001	18893568	15048766	677702	4295362	2834035200	2234724498	243005362	0.5877377142857143	0.5327455714285715	0.11520941947142856	15048766	15034756	15031750	12640	2931	259	15036126	15031825	15031491	15031246	12524597	2506649	0.7395	2799522	624392	7710	82859	3514483	0.17766254666760375	0.7965672333597857	0.6039142857142857	0.6303	16.81032857142857	0.20349793114778533	0.08574535771468188	6.690107448206712e-4	1.5513215926181862e-4	1.3708368900993184e-5	0.7955747691489505	0.6629026873060716	0.8322673766074906	0.8332374441879269	Retained By Filtering
M300773	87	41.667617826364946	3.495195698350372	Colon	positive	MSEB0010	G121eO301A	L07	12122.68414	16011.33192	5000	Lid8_Covaris_500639	Fail	3	15	G121e	ULV2_Full	TecanUDI_A_8nt	5.1451	9.0053	19721800	16640224	566472	4048952	2958270000	2465346291	205080784	0.5849792857142857	0.5375231428571429	0.1014076330857143	16640224	16632100	16628916	6965	3067	247	16633259	16629033	16628669	16628422	13985019	2643403	0.7246166666666667	2921612	707208	9539	91187	3729546	0.18962308012825155	0.7833693430782191	0.6422428571428571	0.6668857142857143	16.685071428571426	0.15625226906266163	0.06932456604704777	3.5316249023922765e-4	1.555131884513584e-4	1.2524211785942459e-5	0.8431493068584004	0.7091147359774462	0.8404345398235024	0.8410310371002131	Retained By Filtering
M300774	97	38.99366765369828	4.019064196164509	Colon	positive	MSEB0010	G121eO301A	L07	12155.62428	16716.4693	5000	Lid8_Covaris_500639	Fail	3	15	G121e	ULV2_Full	TecanUDI_A_8nt	4.0113	17.0548	22922994	20924410	503528	3259272	3438449100	3104337491	137189743	0.5581958571428571	0.5214415714285714	0.08603634957285715	20924410	20915054	20912750	8139	2173	269	20916271	20912881	20912481	20912224	17525212	3387012	0.7391	4076484	887185	10628	113805	5088102	0.17436462555192486	0.8011796933316195	0.6394571428571428	0.664	15.627214285714285	0.08718686572966865	0.03989872730702921	3.5505833138550747e-4	9.479564493189676e-5	1.1734941779420262e-5	0.912281528320428	0.7645254367732243	0.8375486811814526	0.8380367387036405	Retained By Filtering
M300775	77	34.24459318999142	3.881035804137998	Colon	positive	MSEB0010	G121eO301A	L07	12941.42922	17792.20912	5000	Lid8_Covaris_500639	Success	1	15	G121e	ULV2_Full	TecanUDI_A_8nt	6.7765	25.0493	16826302	13597144	553824	4060546	2523945300	2011435475	213881225	0.5761348571428572	0.5198207142857143	0.09108484732857144	13597144	13595142	13593734	1132	1337	177	13596012	13593805	13593557	13593384	11358791	2234593	0.7334833333333333	2672861	571699	7103	72059	3323722	0.17200566112328286	0.8041770641467608	0.5848571428571429	0.6120571428571429	16.803571428571427	0.19191133024951057	0.08474083214085504	6.727562598127622e-5	7.945893280650734e-5	1.051924540519955e-5	0.8078652100740852	0.6750616386179209	0.8353806505248456	0.8356117211137418	Retained By Filtering
M300776	64	33.10198104638734	3.762584654464238	Colon	positive	MSEB0010	G121eO301A	L07	10481.8709	16446.69692	5000	Lid8_Covaris_500639	Success	1	19	G121e	ULV2_Full	TecanUDI_A_8nt	16.9113	20.7243	36180034	6422492	3873524	27929345	5427005100	935747042	1889231784	0.7129658571428571	0.5160098571428572	0.320719007	6422492	6415468	6413244	6414	2170	142	6416078	6413298	6413102	6412964	5310032	1102932	0.7173666666666666	1220128	290421	3139	33746	1547434	0.18767908679788609	0.7884846785064823	0.4867	0.5146142857142857	16.743085714285712	0.8224851861664917	0.34811682487639456	1.7728009874175353e-4	5.997783197218665e-5	3.924816654401154e-6	0.17725146416390875	0.1467669156972047	0.8267868609256345	0.8280152516059657	Retained By Filtering
M300777	0	1	0	Colon	positive	MSEB0010	G121eO301A	L07	10486.43686	16559.54136	5000	Lid8_Covaris_500639	Success	2	19	G121e	ULV2_Full	TecanUDI_A_8nt	10.3482	11.6891	34290892	76414	4426754	31011511	5143633800	10462514	2145375616	0.7562541428571429	0.5521018571428572	0.38978752757142854	76414	76102	73342	177	2679	43	76237	73423	73299	73264	37502	35762	0.7524200000000001	15294	6417	30	317	22058	0.29091486082147067	0.6933538852117146	0.25552857142857144	0.27731428571428574	15.371814285714285	0.9977715948596496	0.41709338172558086	5.161720494176705e-6	7.812570171694571e-5	1.2539772951954705e-6	0.0021365440129116503	0.001093643174986524	0.4907739419478106	0.511874863507316	Excluded By Filtering
M300778	67	34.05592892142554	3.800215934567583	Colon	positive	MSEB0010	G121eO301A	L07	10349.8842	16974.87142	5000	Lid8_Covaris_500639	Success	1	19	G121e	ULV2_Full	TecanUDI_A_8nt	13.5957	21.6996	45134914	8575852	4323464	34821883	6770237100	1243536680	2331753596	0.7100294285714286	0.5166594285714285	0.32248358885714284	8575852	8574270	8568822	1016	5333	156	8574836	8568937	8568666	8568522	7125271	1443251	0.682	1637116	383606	4154	45655	2070531	0.1852693825883312	0.7906744694959892	0.5260714285714285	0.5533	16.805699999999998	0.8099951625032453	0.3444123982009434	2.2510289927659994e-5	1.1815686632304207e-4	3.456304358971416e-6	0.18984243550347743	0.1578660590779014	0.8308528412104127	0.8315635998833871	Retained By Filtering
M300779	0	1	0	Colon	negative	MSEB0010	G121eO301Z	L07	NA	NA	NA	Lid8_Covaris_500639	NA	0	19	G121e	ULV2_Full	TecanUDI_A_8nt	12.5535	10.9474	39655556	20276	5375492	35778825	5948333400	2387002	2488802982	0.7556278571428572	0.5748498571428571	0.4224607364285714	20276	20102	17650	88	2422	24	20188	17680	17626	17608	90	17518	NA	3700	3061	27	10	6798	0.45027949396881434	0.5442777287437481	0.39278571428571424	0.42084285714285713	11.8338	0.9994886971197681	0.41840341060909597	2.219108969245066e-6	6.107593094899489e-5	6.052115370668363e-7	4.440235310280355e-4	2.269543264000636e-6	0.0044387453146577235	0.005111313039527487	Excluded By Filtering
M300780	74	33.71060079827524	3.856181416655382	Colon	positive	MSEB0010	G121eO301A	L07	10386.11188	17635.7851	5000	Lid8_Covaris_500639	Success	2	19	G121e	ULV2_Full	TecanUDI_A_8nt	9.69	15.1949	32035954	11994214	2749312	20004023	4805393100	1742876023	1298232524	0.665687	0.5157068571428571	0.2393917662857143	11994214	11992208	11991088	1171	1055	185	11993043	11991153	11990903	11990722	10012583	1978139	0.6922833333333334	2314313	526494	5798	62928	2909533	0.18095481302325836	0.7954242141264595	0.5807571428571429	0.6071285714285715	16.783385714285714	0.6256014726453909	0.2701615657624347	3.655268077860269e-5	3.293174912162753e-5	5.774761694313833e-6	0.37428952482576294	0.3125420582137183	0.834784421888754	0.8350275321202509	Retained By Filtering
M300781	0	1	0	Colon	negative	MSEB0010	G121eO301M	L07	9381.64688	30091.13282	5000	Lid8_Covaris_500639	Success	2	19	G121e	ULV2_Full	TecanUDI_A_8nt	13.2278	9.4381	55151954	22754	6932334	50085324	8272793100	2733202	3470012371	0.7579668571428572	0.5751378571428571	0.45561769557142856	22754	22596	19556	86	2923	34	22668	19673	19522	19502	805	18697	NA	3978	3435	180	66	7659	0.44849197023110066	0.5193889541715628	0.3358714285714286	0.3624285714285714	12.684528571428572	0.9995874307553999	0.41944870723286914	1.5593282515430006e-6	5.299902882860687e-5	6.164786110751398e-7	3.536048786231581e-4	1.4596037703396692e-5	0.03537839500747121	0.041277817659727205	Excluded By Filtering
M300782	71	32.98706079207285	3.8692206698909573	Colon	positive	MSEB0010	G121eO301A	L07	10499.6086	18348.85048	5000	Lid8_Covaris_500639	Success	1	19	G121e	ULV2_Full	TecanUDI_A_8nt	15.3199	22.3122	39855452	10216340	3465394	28877466	5978317800	1475553405	1910979626	0.6932307142857143	0.5139961428571428	0.31232169285714284	10216340	10212388	10210828	3129	1484	184	10213211	10210904	10210644	10210468	8483908	1726560	0.6944166666666667	1956404	455222	4952	53899	2470477	0.18426482011368656	0.7919134644847938	0.5681571428571428	0.5945	16.712657142857143	0.7436651828713422	0.3196517297892728	7.850870691417576e-5	3.723455450963145e-5	4.616683308471825e-6	0.2561874847135092	0.21286693725114447	0.830425377385639	0.8309029517550028	Retained By Filtering
M300783	57	32.207747206229335	3.7886608446963272	Colon	positive	MSEB0010	G121eO301A	L07	10505.17912	19231.33282	5000	Lid8_Covaris_500639	Success	1	19	G121e	ULV2_Full	TecanUDI_A_8nt	14.2651	13.8741	29071946	5310694	2970882	22483524	4360791900	766336870	1513714195	0.7090332857142857	0.5191132857142857	0.28455246100000003	5310694	5308958	5306446	1096	2175	183	5309598	5306783	5306263	5306084	4411079	895005	0.6951166666666667	1016868	233218	2956	29834	1282876	0.18179309613711692	0.7926471459439571	0.4436857142857143	0.4720285714285714	16.795142857142856	0.8173258164417339	0.34711910811428537	3.769957470339275e-5	7.481439322981681e-5	6.294728257957001e-6	0.18251561144204106	0.15172974660863775	0.8306031189144018	0.831324758522481	Retained By Filtering
M300784	51	28.673632666653933	3.7420421979893335	Colon	positive	MSEB0010	G121eO301A	L07	11637.20456	19482.30058	5000	Lid8_Covaris_500639	Success	2	19	G121e	ULV2_Full	TecanUDI_A_8nt	10.462	9.2572	50347740	4582276	6504730	42112296	7552161000	664962249	2911248068	0.7339111428571429	0.519275	0.33598658785714286	4582276	4580856	4579306	935	1493	95	4581341	4579363	4579211	4579118	3814362	764756	0.6965166666666667	891488	198748	2139	24472	1116847	0.1779545452510505	0.7982185563465721	0.44212857142857137	0.4700714285714286	16.666514285714285	0.9089874540545415	0.38548543496358195	1.8570843497642596e-5	2.965376400211807e-5	1.886877146819301e-6	0.09094982217672531	0.07576034197364172	0.8324164672752143	0.8329905453408276	Retained By Filtering
M300785	0	1	0	Colon	negative	MSEB0010	G121eO301M	L07	9262.83192	30609.57778	5000	Lid8_Covaris_500639	Success	1	19	G121e	ULV2_Full	TecanUDI_A_8nt	14.8866	13.0614	47497102	27596	5440992	43295550	7124565300	3303912	2995210931	0.7534152857142857	0.5759847142857143	0.4052263631428571	27596	27276	23908	180	3207	65	27416	24069	23843	23796	200	23596	NA	5200	4208	206	282	9896	0.4252223120452708	0.5254648342764754	0.3752285714285714	0.40277142857142856	12.265328571428572	0.9994189961315956	0.4204061307431627	3.789704896100819e-6	6.751990889886293e-5	1.3685045458141846e-6	5.009989872645283e-4	4.210783217889799e-6	0.007247427163357008	0.008404773911581778	Excluded By Filtering
M300786	41	26.243508565335922	3.7238270410749563	Colon	positive	MSEB0010	G121eO301A	L07	11099.17694	18995.86744	5000	Lid8_Covaris_500639	Success	2	19	G121e	ULV2_Full	TecanUDI_A_8nt	15.9527	15.7421	50684406	2677406	6030920	43981830	7602660900	387169744	3022146063	0.741656	0.5087835714285714	0.420135388	2677406	2676458	2674786	543	1518	130	2676863	2674940	2674656	2674532	2173881	500651	0.7242666666666666	527829	122321	1345	14105	665600	0.1837755408653846	0.7930123197115385	0.3664571428571428	0.3934142857142857	16.632442857142856	0.9471749555474716	0.39751162162184556	1.0713354320459038e-5	2.9950040254984936e-5	2.5648914579367863e-6	0.05276834062137376	0.04289052928823907	0.8119355077265085	0.8128079978104581	Retained By Filtering
M300787	90	38.53970550868824	3.9372088968697323	Colon	positive	MSEB0010	G121eO301A	L07	10460.97366	19686.93828	5000	Lid8_Covaris_500639	Success	3	19	G121e	ULV2_Full	TecanUDI_A_8nt	11.7853	38.148	38202246	16950650	2809750	21904390	5730336900	2462489207	1389094579	0.6510831428571429	0.5133392857142858	0.21908294571428572	16950650	16937350	16935850	11863	1417	338	16938787	16935933	16935512	16935178	14077378	2857800	0.7223166666666667	3298866	756464	7546	90630	4153506	0.18212661785007653	0.7942364835876005	0.6450999999999999	0.66872857142857145	16.772142857142857	0.5562917949902736	0.2424106301673118	3.1053148026951086e-4	3.709205997992893e-5	8.847647334661947e-6	0.4433032026441587	0.3684960826648779	0.8304919280381579	0.8312506665120378	Retained By Filtering
M300788	54	29.287320698865372	3.728107214268062	Colon	positive	MSEB0010	G121eO301A	L07	10442.08368	20914.3589	5000	Lid8_Covaris_500639	Success	1	19	G121e	ULV2_Full	TecanUDI_A_8nt	12.8241	19.1697	33511326	4350956	3411596	27288393	5026698900	629990930	1851047219	0.7237405714285714	0.5115564285714286	0.3225070057142857	4350956	4349360	4347728	1124	1393	108	4349832	4347967	4347620	4347514	3609313	738201	0.7180833333333334	827529	199942	2048	24366	1053885	0.18971899211014484	0.7852175521997182	0.42572857142857146	0.4536857142857143	16.734242857142856	0.8701646124059669	0.3682431066241107	3.354089897845284e-5	4.1568035833616374e-5	3.22279100504707e-6	0.129732676051076	0.10770427287777273	0.8295448172769386	0.8302015818695466	Retained By Filtering
M300789	0	1	0	Colon	negative	MSEB0010	G121eO301R	L07	NA	NA	NA	Lid8_Covaris_500639	NA	0	19	G121e	ULV2_Full	TecanUDI_A_8nt	14.7499	12.6487	43478834	24488	5295572	39499728	6521825100	3116053	2727492663	0.756673	0.5462178571428572	0.4321156181428571	24488	24350	21180	82	2582	24	24406	21768	21156	21136	216	20920	NA	5827	2039	146	28	8040	0.25360696517412934	0.7247512437810946	0.33497142857142864	0.35967142857142853	12.821085714285717	0.9994367834243209	0.41821002881540015	1.8859751390757166e-6	5.938521718406708e-5	5.519927236319171e-7	4.8612159194517495e-4	4.967934512687254e-6	0.008820646847435479	0.010219530658591975	Excluded By Filtering
M300790	0	1	0	Colon	positive	MSEB0010	G121eO301A	L07	10801.29326	21241.46384	5000	Lid8_Covaris_500639	Success	1	19	G121e	ULV2_Full	TecanUDI_A_8nt	8.3214	7.0703	40880976	41536	3917648	37766014	6132146400	5327973	2571121783	0.7563142857142857	0.5498267142857143	0.440504767	41536	41024	29428	341	11193	66	41195	29831	29362	29316	5556	23760	NA	8073	5498	15	453	14039	0.39162333499537005	0.5750409573331434	0.3285142857142857	0.35450000000000004	13.4397	0.9989839772905618	0.4192857794458397	8.341288133629686e-6	2.737948330783492e-4	1.6144428645734877e-6	7.171061669369146e-4	1.3590673569045906e-4	0.13376348228043144	0.18952108063855916	Excluded By Filtering
M300791	43	24.334441354722504	3.827969475416778	Colon	positive	MSEB0010	G121eO301A	L07	11146.55684	21763.21792	5000	Lid8_Covaris_500639	Success	2	19	G121e	ULV2_Full	TecanUDI_A_8nt	12.5788	15.3812	41962482	3554690	4782744	35391848	6294372300	514088469	2429613009	0.7330068571428571	0.5084502857142857	0.3975123424285714	3554690	3480468	3478256	72888	2033	97	3481802	3478435	3478159	3478068	2951450	526618	0.6984333333333334	697060	192427	1706	19448	910641	0.21130939634828655	0.765460812768149	0.4350428571428571	0.463	16.43792857142857	0.9152888525516675	0.38599766477111624	0.0017369801910192063	4.844803984664205e-5	2.3115887187035316e-6	0.08288518300704902	0.07033544869914987	0.8302974380325711	0.8485889292561273	Retained By Filtering
M300792	87	37.42007121688863	4.143842353744596	Colon	positive	MSEB0010	G121eO301A	L07	11630.3341	20543.5896	5000	Lid8_Covaris_500639	Fail	3	19	G121e	ULV2_Full	TecanUDI_A_8nt	10.3018	22.1943	33761158	15522968	2436090	19402903	5064173700	2243610652	1212692537	0.639533	0.4998067142857142	0.22098158557142855	15522968	15516256	15334926	5362	180134	661	15517606	15336122	15334265	15333970	12468876	2865094	0.6790833333333333	3130576	823278	6889	80188	4040931	0.20373473340673223	0.774716519534731	0.6158285714285714	0.6406714285714286	16.861228571428573	0.5402122166544169	0.23946503592481436	1.588215664877372e-4	0.005335539734744881	1.95787123178654e-5	0.45418969337485404	0.3693260758413559	0.8032533469114927	0.813153801657366	Retained By Filtering
M300793	0	1	0	Colon	negative	MSEB0010	G121eO301Z	L07	NA	NA	NA	Lid8_Covaris_500639	NA	0	19	G121e	ULV2_Full	TecanUDI_A_8nt	9.5209	3.4391	37889704	205430	4822868	34305808	5683455600	28707798	2386733803	0.7543195714285714	0.5801294285714286	0.4252663782857143	205430	205006	183210	336	21616	1199	205094	183390	182011	181968	7337	174631	0.6485166666666666	64067	17258	56	2254	83635	0.2063490165600526	0.7660309678962157	0.3624714285714286	0.3896142857142857	14.294757142857144	0.9945782104816654	0.41994412747765636	8.867844414936574e-6	5.70497990694253e-4	3.164448051639569e-5	0.004802571168146365	1.936409954535406e-4	0.035715328822469944	0.04032027609249978	Excluded By Filtering
M300794	90	38.20674017048432	3.936633937261545	Colon	positive	MSEB0010	G121eO301A	L07	11673.93686	21223.36474	5000	Lid8_Covaris_500639	Success	1	19	G121e	ULV2_Full	TecanUDI_A_8nt	11.3579	27.4276	45052674	17322724	3655524	28020456	6757901100	2514716195	1805561865	0.6614438571428571	0.5085531428571428	0.26731182014285715	17322724	17318582	17315166	2956	3268	291	17319768	17315314	17314875	17314598	14320007	2994591	0.6891166666666666	3360002	787429	8362	91350	4247143	0.18540204556333517	0.791120525021173	0.6615857142857143	0.6843571428571429	16.731042857142857	0.6155006470870076	0.267177906021738	6.561208775310428e-5	7.25373148772479e-5	6.459106067710876e-6	0.3843189862603938	0.31785032337925156	0.8266602296497941	0.8270481936687182	Retained By Filtering
M300795	0	1	0	Colon	positive	MSEB0010	G121eO301A	L07	11602.686	22068.26416	5000	Lid8_Covaris_500639	Success	1	19	G121e	ULV2_Full	TecanUDI_A_8nt	12.9159	13.5467	55127454	72516	6820106	50065451	8269118100	9692170	3484905852	0.7536864285714285	0.54368	0.38951986114285714	72516	72228	67154	172	4978	29	72344	67250	67125	67096	34736	32360	0.5745	13762	7313	44	370	21489	0.3403136488435944	0.6404206803480851	0.2993	0.32394285714285714	15.079428571428572	0.9986845755655612	0.42143621724304553	3.1200425109420074e-6	9.02998349969146e-5	5.260536791704547e-7	0.0012171068157800285	6.301034689539626e-4	0.47901152849026424	0.5177059735304638	Excluded By Filtering
M300796	0	1	0	Colon	negative	MSEB0010	G121eO301M	L07	13661.80424	28676.17836	5000	Lid8_Covaris_500639	Fail	3	19	G121e	ULV2_Full	TecanUDI_A_8nt	NA	NA	6539488	105572	752730	5918912	980923200	15032358	404492471	0.7529705714285714	0.562262	0.2676870007428571	105572	105318	92242	214	12968	28	105358	92350	92214	92212	405	91807	0.4557	28688	17973	21	172	46854	0.38359585094122167	0.612284970333376	0.42707142857142855	0.4568	13.251	0.9838562284998459	0.4123589604160652	3.272427443861048e-5	0.0019830298641116857	4.281680767668662e-6	0.014100798105295093	6.193145396092171e-5	0.003836244458758004	0.00439205309504186	Excluded By Filtering
M300797	78	33.23248891822104	3.8874778043075278	Colon	positive	MSEB0010	G121eO301A	L07	12879.97508	20904.88182	5000	Lid8_Covaris_500639	Success	3	19	G121e	ULV2_Full	TecanUDI_A_8nt	11.8032	22.0192	38076740	13684102	3387192	24055589	5711511000	1990248010	1569176633	0.6666334285714286	0.5048352857142857	0.2651572007142857	13684102	13680792	13676896	2087	3772	277	13682015	13677020	13676619	13676346	11331472	2344874	0.6932333333333334	2760163	611045	6200	70683	3448091	0.17721255036482506	0.8004901842787792	0.6262428571428572	0.6504142857142857	16.6822	0.6406178154957594	0.2747393173190072	5.481036454276285e-5	9.90631025660285e-5	7.274782452489368e-6	0.35917849059557094	0.2975956450053235	0.8280756749693915	0.8285452854146861	Retained By Filtering
M300798	99	33.44687846094603	4.023271075179454	Colon	positive	MSEB0010	G121eO301A	L07	12256.4919	21371.44612	5000	Lid8_Covaris_500639	Success	2	19	G121e	ULV2_Full	TecanUDI_A_8nt	7.6652	28.7097	42306872	27309056	2226486	16520103	6346030800	4014109754	989903645	0.595735	0.4969807142857143	0.18740942957142856	27309056	24834904	24819850	2447811	14670	571	24861245	24820234	24819279	24818782	20830618	3988164	0.6713	5393355	2178580	10771	123194	7705900	0.2827158411087608	0.6998994277112343	0.7394571428571429	0.7584285714285715	16.586814285714286	0.35450070617369206	0.1559878412503135	0.05785847273227858	3.4675217775495196e-4	1.3496625323659003e-5	0.5866371307242946	0.4923696084172803	0.7627732719871386	0.8393086332762019	Retained By Filtering
M300799	0	1	0	Colon	positive	MSEB0010	G121eO301A	L07	11843.31104	19915.7264	5000	Lid8_Covaris_500639	Success	1	19	G121e	ULV2_Full	TecanUDI_A_8nt	10.5559	14.2156	52840468	82174	6401418	47756193	7926070200	10208152	3296969490	0.7565221428571428	0.5617285714285715	0.419649978	82174	81356	73966	499	7228	83	81675	74128	73883	73806	5257	68549	NA	12371	11244	44	660	24319	0.4623545376043423	0.508696903655578	0.27735714285714286	0.3006714285714286	15.513828571428572	0.9984448661582634	0.41596521438833584	9.443519690249526e-6	1.36789098839927e-4	1.570765800181785e-6	0.0013967703692556242	9.948814230789932e-5	0.06397400637671283	0.07122727149554237	Excluded By Filtering
M300800	0	1	0	Caecum right	positive	MSEB0011	G121eI103A	L06	10737.62062	16484.23918	5000	Lid8_Covaris_500639	Success	1	15	G121e	ULV2_Half	TecanUDI_A_10nt	2.3072	2e-4	295602	290610	2076	56540	44340300	42266569	1397975	0.540033	0.537946	0.567858	290610	287518	278834	3022	8650	20	287588	278868	278814	278808	211353	67455	0.647	57249	15751	176	1743	74919	0.21024039295772767	0.764145276899051	0.9379	0.9431	14.2131	0.016887571802626504	0.03152831622699891	0.01022320552634962	0.02926231892882998	6.765854087590747e-5	0.9431871232265004	0.7149917794872835	0.72727366573758645	0.7580593096324352	Excluded By Filtering
M300801	61	36.15289211529851	3.772934280774985	Caecum right	positive	MSEB0011	G121eI103A	L06	11138.6973	16511.96108	5000	Lid8_Covaris_500639	Success	1	15	G121e	ULV2_Half	TecanUDI_A_10nt	2.71	9.0495	16827366	16550028	148712	2418974	2524104900	2432327985	51168342	0.54687	0.545465	0.267515	16550028	16546746	16544546	1856	2147	438	16548172	16544599	16544108	16543682	13911453	2632229	0.7120000000000001	3096976	663622	9777	92680	3863055	0.1717868371017239	0.801690889723289	0.9139	0.921	18.0547	0.0164813673155977	0.020271876180740347	1.1029652531477595e-4	1.275897844023836e-4	2.602902914217234e-5	0.9831415088968767	0.8267160172305041	0.84056975613576	0.8408921907468966	Retained By Filtering
M300802	0	1	0	Caecum right	negative	MSEB0011	G121eI103M	L06	8927.79872	17754.02248	5000	Lid8_Covaris_500639	Success	2	15	G121e	ULV2_Half	TecanUDI_A_10nt	2.6879	0.0015	40026	39048	304	3587	6003900	5777752	99929	0.537216	0.533798	0.551292	39048	38912	37018	131	1890	7	38917	37022	37011	37008	24636	12372	NA	8107	2185	13	136	10441	0.20927114261086105	0.7764581936596111	0.8908	0.8996	12.5799	0.02443411782341478	0.01664401472376289	0.0032728726327886874	0.0472193074501574	1.7488632388947185e-4	0.924599010643082	0.6154999250487183	0.6309157959434543	0.6656939040207522	Excluded By Filtering
M300803	60	33.57986289596491	3.8502597463227026	Caecum right	positive	MSEB0011	G121eI103A	L06	11622.11188	16524.68054	5000	Lid8_Covaris_500639	Success	1	15	G121e	ULV2_Half	TecanUDI_A_10nt	0.8138	11.7932	15244658	15070118	111640	1751628	2286698700	2226302318	34763677	0.532001	0.530891	0.330189	15070118	15068616	15066746	949	1831	195	15069169	15066785	15066551	15066362	12619913	2446449	0.7519	2891300	607809	8174	83490	3590773	0.16926968092942662	0.8052026680606098	0.9197	0.9263	17.9539	0.011449256519890443	0.015202561229426509	6.225131452604578e-5	1.201076468885035e-4	1.2791365998502557e-5	0.9883043620919538	0.8278252618064637	0.8374130182656832	0.8376217828829547	Retained By Filtering
M300804	34	22.841117815755972	3.5328122262652157	Caecum right	positive	MSEB0011	G121eI103A	L06	12248.56416	16527.94194	5000	Lid8_Covaris_500639	Success	1	15	G121e	ULV2_Half	TecanUDI_A_10nt	3.6187	12.6933	2666732	2608730	32164	143728	400009800	388682581	2893876	0.513963	0.510634	0.0886628	2608730	2608378	2607904	181	463	47	2608549	2607915	2607857	2607810	2157931	449879	0.7537999999999999	501042	110190	1192	14000	626424	0.17590322209877016	0.7998448335312823	0.6286	0.6542	18.199	0.021750217119680566	0.007234512754437516	6.787333710324097e-5	1.7362074629171585e-4	1.7624568198079146e-5	0.9779047913326123	0.8092042994946623	0.8271959919194397	0.8274878154466775	Retained By Filtering
M300805	0	1	0	Caecum right	negative	MSEB0011	G121eI103Z	L06	NA	NA	NA	Lid8_Covaris_500639	NA	0	15	G121e	ULV2_Half	TecanUDI_A_10nt	1.5204	0.0182	473940	464792	4102	81071	71091000	67769863	2069009	0.542887	0.540979	0.566283	464792	464140	447380	584	16552	82	464208	447588	447298	447286	336449	110837	0.4677	90669	25580	287	2366	118902	0.21513515331954047	0.7625523540394611	0.9378	0.943	14.5752	0.01930202135291387	0.029103669944156082	0.001232223488205258	0.034924252015023	1.7301768156306705e-4	0.9437608136050977	0.7098978773684432	0.7238700321864404	0.7522010525703912	Excluded By Filtering
M300806	59	33.36578466880657	4.0158605806297425	Caecum right	positive	MSEB0011	G121eI103A	L06	12747.25504	16541.31368	5000	Lid8_Covaris_500639	Success	1	15	G121e	ULV2_Half	TecanUDI_A_10nt	1.1623000000000001	9.4502	14945338	14783428	100146	2089261	2241800700	2175358251	42833956	0.529707	0.528657	0.362502	14783428	14776848	14773896	5781	2891	230	14777647	14773957	14773666	14773440	12363646	2409794	0.7268000000000001	2887347	615163	8063	79648	3590221	0.17134404817976387	0.8042254223347254	0.9259	0.932	17.9259	0.010833478640630275	0.019106942022098575	3.8680958570492017e-4	1.9343824810118046e-4	1.538941441137029e-5	0.9884982193109316	0.8272577040412201	0.8363179365435405	0.8368833528277774	Retained By Filtering
M300807	28	21.374398956704468	3.4798606356119524	Caecum right	positive	MSEB0011	G121eI103A	L06	13483.0501	16527.28966	5000	Lid8_Covaris_500639	Fail	3	15	G121e	ULV2_Half	TecanUDI_A_10nt	2.4428	1.1089	13117706	12930710	111106	1774402	1967655900	1901939468	38491819	0.54132	0.540161	0.606199	12930710	12923456	12893262	6420	29801	343	12924290	12893655	12892919	12892718	10643007	2249711	0.7251000000000001	2525207	530728	7303	69998	3133236	0.16938653839034148	0.8059421633097539	0.9752	0.9773	17.1774	0.014255236395753953	0.01956227153335093	4.894148412839867e-4	0.0022718149042218203	2.6147864573272186e-5	0.9828485254967598	0.811346663814542	0.8230798618173325	0.8255052968660294	Retained By Filtering
M300808	60	33.730478747812306	3.8433037096162668	Caecum right	positive	MSEB0011	G121eI103A	L06	12989.96544	14210.7718	5000	Lid8_Covaris_500639	Success	2	15	G121e	ULV2_Half	TecanUDI_A_10nt	2.023	18.3557	8851282	8723520	66258	481925	1327692300	1299790721	9170977	0.521398	0.519373	0.128294	8723520	8403878	8402460	316481	1384	189	8407039	8402494	8402271	8402092	7052935	1349157	0.7725	1633281	475522	3965	45411	2158179	0.22033482857538697	0.7567866242790797	0.8219	0.8358	18.1766	0.014434293247012129	0.006907456644886771	0.0357553854910509	1.5636153045400656e-4	2.135283905766419e-5	0.9492514191729514	0.796826380630512	0.8084964555592238	0.8394260619855151	Retained By Filtering
M300809	72	37.04832724543586	3.8821489649676066	Caecum right	positive	MSEB0011	G121eI103A	L06	12867.98908	14539.37932	5000	Lid8_Covaris_500639	Success	1	15	G121e	ULV2_Half	TecanUDI_A_10nt	0.0909	29.8701	21378020	21040838	205136	1622039	3206703000	3125205156	31729696	0.530376	0.52853000000000006	0.22064	21040838	20939586	20927534	98118	11632	311	20942720	20927954	20927223	20926924	17539473	3387451	0.7481	4001218	870915	10801	113793	4996727	0.17429709487830733	0.8007677825904838	0.9185	0.9252	18.1085	0.015772368067763057	0.009894803478837921	0.004589667331212152	5.441102590417635e-4	1.4547652214751412e-5	0.9788990748441624	0.820444222617436	0.8335919415376897	0.8381295311245933	Retained By Filtering
M300810	56	32.83605277189428	3.788181218770958	Caecum right	positive	MSEB0011	G121eI103A	L06	12837.8842	14848.52736	5000	Lid8_Covaris_500639	Success	1	15	G121e	ULV2_Half	TecanUDI_A_10nt	2.0773	5.8129	12684186	12502258	106604	938487	1902627900	1858305284	17337666	0.534401	0.532752	0.385467	12502258	12499052	12494878	2305	4117	243	12499953	12494935	12494635	12494408	10560604	1933804	0.7381	2372756	488242	6842	68105	2935945	0.16629807438490843	0.8081745400543947	0.9283	0.9342	17.8335	0.014342899102867145	0.009112483844055897	1.8172234308137708e-4	3.245773910915529e-4	1.9157713392093113e-5	0.9850382200324088	0.8325803484748647	0.8446957341625809	0.8452264405004223	Retained By Filtering
M300811	64	34.53274899531111	3.9745977091375373	Caecum right	positive	MSEB0011	G121eI103A	L06	12938.91374	15317.87508	5000	Lid8_Covaris_500639	Success	1	15	G121e	ULV2_Half	TecanUDI_A_10nt	0.585	9.3099	16651596	16476086	112968	1498755	2497739400	2442163840	29612324	0.532142	0.530995	0.355733	16476086	16472560	16444644	2972	27729	177	16473114	16444831	16444467	16444324	13661647	2782677	0.7626000000000001	3205679	653575	9007	89626	3957887	0.16513230418149888	0.8099470752954796	0.9287	0.9346	17.9591	0.010540130807881718	0.011855649952913423	1.7848139001210454e-4	0.0016652457818457761	1.0629611720101785e-5	0.9875524244042433	0.820440695294313	0.82918036480266	0.8307819159972766	Retained By Filtering
M300812	0	1	0	Caecum right	negative	MSEB0011	G121eI103R	NA	NA	NA	NA	Lid8_Covaris_500639	NA	0	15	G121e	ULV2_Half	TecanUDI_A_10nt	1.758	0.0175	49642	46218	554	25065	7446300	6188087	897167	0.572673	0.571569	0.477015	46218	46044	35950	170	10050	13	46048	35994	35937	35936	521	35415	NA	14166	4832	33	39	19070	0.25338227582590456	0.7428421604614578	0.9134	0.9205	11.9485	0.06897385278594738	0.12048493882868001	0.003424519560049958	0.20244953869707102	2.6187502518029086e-4	0.7239031465291487	0.010495145239917812	0.011272664329914752	0.0144979964381122	Excluded By Filtering
M300813	0	1	0	Caecum right	negative	MSEB0011	G121eI103M	L06	7483.54342	20472.49152	5000	Lid8_Covaris_500639	Success	3	15	G121e	ULV2_Half	TecanUDI_A_10nt	0.2086	0.1636	2769448	2723146	31110	684912	415417200	394906332	13992151	0.525174	0.524055	0.636675	2723146	2720208	625558	2414	2079622	632	2720732	640586	624926	624876	5832	619044	0.17679999999999998	841362	220040	314	1622	1063338	0.206933261107945	0.7912460572273351	0.9747	0.9769	13.9938	0.016718855165361472	0.03368216578418034	8.716538458205389e-4	0.7509157059457335	2.2820432086105246e-4	0.2256319670923592	0.0021058348089583196	0.0021416405877613615	0.009333051677452806	Excluded By Filtering
M300814	61	35.42316153260377	3.8124277031121223	Caecum right	positive	MSEB0011	G121eI103A	L06	12798.89968	16162.57508	5000	Lid8_Covaris_500639	Success	1	15	G121e	ULV2_Half	TecanUDI_A_10nt	2.6783	11.7526	14886520	14679570	123038	1922724	2232978000	2161412791	41380145	0.536262	0.534843	0.247443	14679570	14678296	14662198	702	15857	200	14678868	14662439	14661998	14661798	12345197	2316601	0.7112999999999999	2745058	601593	8161	78888	3433700	0.17520255118385414	0.7994460785741329	0.9035	0.9114	18.0388	0.013901838710457515	0.01853137155851961	4.715675658246521e-5	0.0010651918648549158	1.3434973385317724e-5	0.9849043295545231	0.829286965657521	0.8409781076693663	0.841997482164193	Retained By Filtering
M300815	56	33.07376166190886	3.677309170314109	Caecum right	positive	MSEB0011	G121eI103A	L06	12954.7946	17561.436420000002	5000	Lid8_Covaris_500639	Success	2	15	G121e	ULV2_Half	TecanUDI_A_10nt	0.2876	9.923	12561032	12346570	123108	1243415	1884154800	1827417703	24949908	0.54187	0.539969	0.289252	12346570	12342290	12336970	3450	5226	221	12343120	12337064	12336749	12336536	10348796	1987740	0.7491	2284949	484603	6918	65657	2842127	0.17050715889895138	0.8039573882518269	0.9093	0.9168	17.9206	0.017073597137560036	0.013241962921517914	2.746589611426832e-4	4.160486176613514e-4	1.759409577174869e-5	0.9821275831476267	0.8238810314311754	0.8381919836845375	0.8388737324642833	Retained By Filtering
M300816	68	38.03094703339583	3.772769220807099	Caecum right	positive	MSEB0011	G121eI103A	L06	12298.56686	17532.22062	5000	Lid8_Covaris_500639	Success	3	15	G121e	ULV2_Half	TecanUDI_A_10nt	0.2416	21.2048	19305004	19056618	153978	2572202	2895750600	2807147101	52462658	0.532449	0.531286	0.239849	19056618	18264420	18254196	782423	10142	212	18274195	18254278	18253984	18253792	15290108	2963684	0.6859000000000001	3386854	1126387	10308	99119	4622668	0.2436659954813973	0.7326621769073617	0.9136	0.9207	18.1027	0.012866405000485885	0.01811711892591855	0.040529543531822115	5.253560165022499e-4	1.0981608706219382e-5	0.9455471752298005	0.7920282223199746	0.8023516029969221	0.8376400914396307	Retained By Filtering
M300817	0	1	0	Caecum right	negative	MSEB0011	G121eI103Z	L06	NA	NA	NA	Lid8_Covaris_500639	NA	0	15	G121e	ULV2_Half	TecanUDI_A_10nt	1.8675	0.0717	1297542	1266126	9682	311626	194631300	182050656	8875199	0.498752	0.493876	0.612856	1266126	1264056	1066788	1841	196688	98	1264285	1067368	1066690	1066668	473979	592689	0.4215	244116	181334	471	3772	429693	0.4220082710214037	0.5681172371902731	0.9742	0.9764	14.8963	0.024211933024133322	0.04560006021641946	0.0014188365386245687	0.15158507393209622	7.552742030701125e-5	0.8220681873881539	0.36528990969078456	0.37435373730576577	0.4443547570565537	Excluded By Filtering
M300818	59	33.23161962345088	3.8942844710831594	Caecum right	positive	MSEB0011	G121eI103A	L06	12361.31188	17184.33796	5000	Lid8_Covaris_500639	Success	2	15	G121e	ULV2_Half	TecanUDI_A_10nt	1.4058	5.6849	18514262	18295780	121652	1933357	2777139300	2707197283	37855195	0.535399	0.534093	0.35593	18295780	18292702	18277152	1577	15460	411	18294203	18277242	18276741	18276340	15305477	2970863	0.7456	3524279	736301	10202	101032	4371814	0.1684200196989167	0.8061365373732734	0.9299	0.9357	17.9832	0.011800740423787889	0.013631003313373585	8.517757823671287e-5	8.350319337600387e-4	2.2199102508109692e-5	0.987149258231303	0.8266857733783826	0.8365577745250544	0.83744759618173	Retained By Filtering
M300819	54	31.874249798625964	3.81973705189862	Caecum right	positive	MSEB0011	G121eI103A	L06	12388.1815	16727.70514	5000	Lid8_Covaris_500639	Success	1	15	G121e	ULV2_Half	TecanUDI_A_10nt	9.5694	1.121	12152502	11862748	111130	1574438	1822875300	1744617857	36164619	0.530713	0.525604	0.306673	11862748	11861330	11850098	788	11158	224	11861960	11850172	11849874	11849674	9944681	1904993	0.7303000000000001	2265571	482165	6082	64162	2817980	0.17110305963846442	0.8039698649387149	0.9064	0.9141	17.9201	0.023843155919661647	0.019839326913914518	6.484261430279953e-5	9.181648355211133e-4	1.8432418278968396e-5	0.9750810162384668	0.8183237492987041	0.8383117469915066	0.8392366743591427	Retained By Filtering
M300820	56	33.66936105978916	3.6489916892927816	Caecum right	positive	MSEB0011	G121eI103A	L06	12429.47514	16253.89602	5000	Lid8_Covaris_500639	Success	1	15	G121e	ULV2_Half	TecanUDI_A_10nt	0.0953	11.3253	12141262	12003426	84902	1725920	1821189300	1765080800	36187559	0.544223	0.54339	0.342323	12003426	12002698	11980802	403	21618	107	12003023	11981080	11980695	11980600	10078544	1902056	0.7232	2202336	487479	7438	65656	2762909	0.17643686418915716	0.7971076861380523	0.9124	0.9196	17.914	0.01135269134295924	0.019870289705743383	3.3192595629680015e-5	0.001780539782437773	8.81292241284308e-6	0.9867672734514749	0.8301067879105154	0.839638949746514	0.841238669181844	Retained By Filtering
M300821	26	20.15888524246394	3.404626094582653	Caecum right	positive	MSEB0011	G121eI103A	L06	12344.87874	15766.96744	5000	Lid8_Covaris_500639	Fail	3	15	G121e	ULV2_Half	TecanUDI_A_10nt	1.3351	0.7628	14822176	14640656	95236	2297960	2223326400	2147628361	49665557	0.544027	0.543022	0.633217	14640656	14633788	14565594	5743	67819	305	14634913	14565969	14565289	14565026	12142760	2422266	0.6759000000000001	2753855	622088	8409	76745	3461097	0.1797372335996362	0.7956595842300865	0.974	0.9762	17.1604	0.012246514951650824	0.022338401145238954	3.874599788856913e-4	0.004575509021077607	2.0577275563318098e-5	0.9826509953734188	0.8192292413745458	0.8293863335085532	0.8336929848254304	Retained By Filtering
M300822	55	32.68741352073808	3.801981198011147	Caecum right	positive	MSEB0011	G121eI103A	L06	12320.97052	15543.6964	5000	Lid8_Covaris_500639	Success	2	15	G121e	ULV2_Half	TecanUDI_A_10nt	0.5103	10.8414	14800098	14637688	101806	1834066	2220014700	2159103859	37179221	0.544662	0.543874	0.372736	14637688	14636524	14625256	674	11205	171	14637014	14625319	14625085	14624918	12305512	2319406	0.7376	2773381	576280	8460	80162	3438283	0.16760691310168477	0.8066180125370715	0.9337	0.9392	17.8884	0.010973575985780635	0.01674728595265608	4.554023899030939e-5	7.570895814338526e-4	1.1553977547986507e-5	0.9881635918897294	0.8314480079794067	0.8406731992101485	0.8414072475483282	Retained By Filtering
M300823	3	2.7580826011078736	1.0723415040199493	Caecum right	negative	MSEB0011	G121eI103M	L06	8397.2201	20245.35472	5000	Lid8_Covaris_500639	Success	2	15	G121e	ULV2_Half	TecanUDI_A_10nt	2.6732	0.0554	2691800	2622702	31442	357661	403770000	385295981	8595420	0.499727	0.495268	0.597357	2622702	2317794	2222424	297909	94887	296	2324793	2222907	2222128	2221986	1731297	490689	0.6037	424902	297676	931	16815	740324	0.4020888151674132	0.5739405989809867	0.9631	0.9662	15.631	0.02566981202169552	0.02128791143472769	0.11067278401069916	0.03525039007355673	1.099635931347054e-4	0.8254647447804443	0.6431744557545137	0.66011960184573	0.7791664753963347	Retained By Filtering
M300824	58	32.39710997601152	3.7046741583821463	Caecum right	positive	MSEB0011	G121eI103A	L06	11719.47418	16323.69454	5000	Lid8_Covaris_500639	Success	1	15	G121e	ULV2_Half	TecanUDI_A_10nt	1.342	23.046	11358542	11207068	86850	1445055	1703781300	1653192208	28176230	0.543983	0.542698	0.172215	11207068	11129780	11118246	75867	11371	188	11131201	11118409	11118058	11117880	9269511	1848369	0.7162999999999999	2087781	485681	6449	57351	2637262	0.1841610731129482	0.7916471704366119	0.8640000000000001	0.8748999999999999	18.0541	0.013335690443368523	0.016537468746722364	0.006679290352582224	0.0010010967956978986	1.6551420067822084e-5	0.9788122454448819	0.8160828211930722	0.8271129433675248	0.8337480706753446	Retained By Filtering
M300825	61	33.401032196766984	3.8411660272005137	Caecum right	positive	MSEB0011	G121eI103A	L06	11961.39744	16158.99384	5000	Lid8_Covaris_500639	Success	3	15	G121e	ULV2_Half	TecanUDI_A_10nt	0.796	41.3966	10790296	10694034	67472	1140314	1618544400	1583974963	20282571	0.532018	0.531273	0.128599	10694034	10693268	10687764	453	5453	94	10693581	10687815	10687670	10687580	8967697	1719883	0.7154	2069715	440256	5928	58229	2574128	0.1710311219954874	0.8040450979904651	0.8442000000000001	0.8565999999999999	18.1886	0.00892116397919019	0.012531365219267386	4.198216619822107e-5	5.053614840593808e-4	8.711531175789802e-6	0.9904807059973146	0.8310890637291136	0.8385700849651311	0.8390764794275224	Retained By Filtering
M300826	0	1	0	Caecum right	negative	MSEB0011	G121eI103M	L06	9454.23738	12723.73648	5000	Lid8_Covaris_500639	Success	1	15	G121e	ULV2_Half	TecanUDI_A_10nt	3.2464	0.1335	331716	313282	4006	124932	49757400	43563286	4301692	0.513296	0.503068	0.51564	313282	312616	159434	637	152541	120	312645	160075	159314	159302	32807	126495	0.3867	67720	50502	114	427	118763	0.4252334481277839	0.5702112610829972	0.9389	0.944	13.3923	0.05557163356606253	0.08645331146723904	0.0019203173799274078	0.459854212639728	3.61755236407047e-4	0.480236105584295	0.09890086700671659	0.10472034780166112	0.20594217272852822	Excluded By Filtering
M300827	32	22.698237649691738	3.580951470975587	Caecum right	positive	MSEB0011	G121eI103A	L06	13426.28548	16219.42974	5000	Lid8_Covaris_500639	Success	1	15	G121e	ULV2_Half	TecanUDI_A_10nt	1.2969	0.7683	5120852	5033382	36736	746358	768127800	738089415	18604195	0.528754	0.526447	0.328786	5033382	5031944	5005250	1226	26588	66	5032156	5005356	5005184	5005122	4195524	809598	0.7181000000000001	976331	215271	2651	26147	1220400	0.1763938053097345	0.800009013438217	0.8484	0.8605000000000002	17.7219	0.017081141966219685	0.024220181849947366	2.3941328513302082e-4	0.0051921047513187255	1.2888480276329018e-5	0.9774002451154613	0.8193019442858337	0.8335397551785261	0.8382461006944486	Retained By Filtering
M300828	59	35.698852302645506	3.761340227460472	Caecum right	positive	MSEB0011	G121eI103A	L06	13625.12878	16318.35016	5000	Lid8_Covaris_500639	Success	2	15	G121e	ULV2_Half	TecanUDI_A_10nt	8.1542	5.4133	9752822	9531896	102798	979111	1462923300	1408469168	22485522	0.539793	0.536531	0.188131	9531896	9529910	9521294	1070	8545	287	9530826	9521365	9521007	9520720	8005645	1515075	0.7506	1780008	372666	5214	52758	2210646	0.1685778727123203	0.8051981185590095	0.856	0.8675	18.1052	0.02265252047048536	0.015370267190357827	1.0971183520010926e-4	8.761566652195641e-4	2.942738009573024e-5	0.9762015547910133	0.8208542101968025	0.8398796000292073	0.8408655017687738	Retained By Filtering
M300829	57	34.1694238538419	3.768409899685561	Caecum right	positive	MSEB0011	G121eI103A	L06	13735.13796	15891.15292	5000	Lid8_Covaris_500639	Success	1	15	G121e	ULV2_Half	TecanUDI_A_10nt	0.4564	10.7669	11682368	11510184	105086	1246861	1752355200	1700921459	26098386	0.540526	0.538976	0.265759	11510184	11504240	11492038	5302	12147	172	11504882	11492093	11491866	11491698	9662670	1829028	0.7541	2168586	443821	6270	62157	2680834	0.16555333153787216	0.8089221488536776	0.8887	0.8978	18.0369	0.014738792683127257	0.014893319573565907	4.538463434810477e-4	0.0010397720736069949	1.4723042451667333e-5	0.9836788226496546	0.8271157012003046	0.8394887518739926	0.8408391866893822	Retained By Filtering
M300830	0	1	0	Caecum right	negative	MSEB0011	G121eI103Z	L06	NA	NA	NA	Lid8_Covaris_500639	NA	0	15	G121e	ULV2_Half	TecanUDI_A_10nt	0.1587	0.0047	601702	587522	6440	104957	90255300	85439346	2923055	0.55535	0.553393	0.594434	587522	543606	410814	43417	131990	280	544105	411616	410534	410522	60018	350504	0.544	156128	86866	87	1456	244537	0.3552264074557224	0.638463708968377	0.9677	0.9704	13.8743	0.023566483076340114	0.03238651912962452	0.07215698136286733	0.2193610790723647	4.653466333833027e-4	0.6822679665349293	0.09974705086571094	0.10215447251336972	0.14619922927394877	Excluded By Filtering
M300831	61	36.14020662647787	3.803125484866628	Caecum right	positive	MSEB0011	G121eI103A	L06	13557.47546	15842.13192	5000	Lid8_Covaris_500639	Success	2	15	G121e	ULV2_Half	TecanUDI_A_10nt	0.1126	17.0872	14715688	14549952	105464	1916036	2207353200	2143098115	40077162	0.544106	0.543353	0.285295	14549952	14548750	14538944	724	9736	112	14549228	14539014	14538832	14538720	12211510	2327210	0.7404999999999999	2707539	565466	8091	81659	3362755	0.16815557481886131	0.8051549993978152	0.9088	0.9163	18.0379	0.011262538319649072	0.01815620717155732	4.91991947641184e-5	6.616068511373712e-4	7.610925156880195e-6	0.9879741946146181	0.8298293630579827	0.83928180656541	0.8399302001826846	Retained By Filtering
M300832	0	1	0	Caecum right	negative	MSEB0011	G121eI103M	L06	8606.62826	16865.69512	5000	Lid8_Covaris_500639	Success	1	15	G121e	ULV2_Half	TecanUDI_A_10nt	3.0084	0.0145	871272	843640	11440	132275	130690800	123364851	3570327	0.477387	0.470921	0.533985	843640	379828	235674	459344	143414	167	384296	236414	235507	235490	83323	152167	0.1308	283970	66453	144	1016	351583	0.189010845234269	0.8076897915997077	0.9297	0.9356	14.1234	0.03171455067992544	0.02731888549155717	0.5272107906600924	0.16460301719784406	1.9167378269931777e-4	0.27028298855007393	0.09563374009494165	0.09876606135318382	0.35382818803346217	Excluded By Filtering
M300833	55	32.638259199466724	3.8320179320862824	Caecum right	positive	MSEB0011	G121eI103A	L06	NA	NA	5000	Lid8_Covaris_500639	Success	1	15	G121e	ULV2_Half	TecanUDI_A_10nt	0.3675	39.118	9078276	8943002	86648	730046	1361741400	1327794368	14384520	0.526373	0.524654	0.11991	8943002	7790240	7786330	1140135	3819	152	7802867	7786421	7786178	7786072	6492189	1293883	0.6429	1492857	839804	3958	43416	2380035	0.35285363450537494	0.6272416161947199	0.8156	0.83	18.1615	0.01490084681276489	0.010563327222040836	0.12558937401770998	4.2067458623201145e-4	1.67432671137119e-5	0.8576597583065331	0.7151345696033036	0.7259518671694359	0.8338208277549963	Retained By Filtering
M300834	54	32.08390357346091	3.721023059881244	Caecum right	positive	MSEB0011	G121eI103A	L06	12919.30366	14314.45228	5000	Lid8_Covaris_500639	Success	1	15	G121e	ULV2_Half	TecanUDI_A_10nt	0.8108	18.0121	11910012	11733684	104844	1147202	1786501800	1737354897	23041442	0.535977	0.534342	0.245052	11733684	11724922	11717306	8048	7561	158	11725636	11717361	11717148	11716994	9865749	1851245	0.7419	2228856	461778	6318	64017	2760969	0.16725214951707174	0.8072730986838317	0.8862000000000001	0.8955	18.0299	0.014805022866475701	0.012897519610671537	6.757339959019353e-4	6.34844028704589e-4	1.3266149521931632e-5	0.9837936351365557	0.8283576036699207	0.8408057520553647	0.8420034182828804	Retained By Filtering
M300835	61	33.041660360512616	3.8626512737101826	Caecum right	positive	MSEB0011	G121eI103A	L06	11266.93378	14345.81156	5000	Lid8_Covaris_500639	Success	2	15	G121e	ULV2_Half	TecanUDI_A_10nt	1.6895	11.6144	12551438	12361552	102774	804829	1882715700	1839590208	14942134	0.528741	0.526724	0.234633	12361552	12273208	12269376	86339	3776	308	12275213	12269432	12269068	12268768	10260216	2008552	0.7603	2392533	524218	6140	67602	2990493	0.17529484268981738	0.8000463468732413	0.8844	0.8937	18.0743	0.01512862510255797	0.00793647920394991	0.006878813407674882	3.008420230415033e-4	2.4539020947241263e-5	0.9774790745092315	0.8174534264520129	0.8300103417434963	0.8362873925075444	Retained By Filtering
M300836	65	35.64974904887395	3.873001223849564	Caecum right	positive	MSEB0011	G121eI103A	L06	11220.6219	14576.61002	5000	Lid8_Covaris_500639	Success	2	15	G121e	ULV2_Half	TecanUDI_A_10nt	0.1096	20.7	17943698	17743536	136960	1648806	2691554700	2633111262	28718357	0.537848	0.536825	0.260026	17743536	17734924	17709390	7987	25227	184	17735549	17709697	17709206	17709054	14668398	3040656	0.7354	3396472	720274	10096	95584	4222426	0.17058297765313116	0.8043887566057996	0.911	0.9183	18.1148	0.011155002720175071	0.010669802475127109	4.4511449089256855e-4	0.0014058974911414582	1.025429652237794e-5	0.9869233198195824	0.8174679489144322	0.8266896744820198	0.8282993546690862	Retained By Filtering
M300837	59	32.8659714599007	3.752487384292571	Caecum right	positive	MSEB0011	G121eI103A	L06	11229.65382	14972.21374	5000	Lid8_Covaris_500639	Success	2	15	G121e	ULV2_Half	TecanUDI_A_10nt	0.2332	32.5861	9492276	9386506	68286	354427	1423841400	1402436349	5696184	0.532809	0.531549	0.186254	9386506	9357640	9349104	28296	8295	122	9358210	9349345	9348982	9348886	7757368	1591518	0.7598	1786784	371637	4765	51812	2214998	0.1677820928055014	0.8066752204742397	0.8474	0.8595	18.1141	0.011142743847734726	0.004000574783118401	0.002980949985019399	8.738683957356487e-4	1.2852555066877534e-5	0.9848940338439379	0.8172295032297838	0.8264382934395397	0.8297638884461742	Retained By Filtering
M300838	0	1	0	Caecum right	negative	MSEB0011	G121eI103R	NA	NA	NA	NA	Lid8_Covaris_500639	NA	0	15	G121e	ULV2_Half	TecanUDI_A_10nt	0.0885	2e-4	45726	43214	568	12530	6858900	6213831	366128	0.486334	0.471302	0.590255	43214	43172	16526	23	26552	1	43191	16620	16525	16524	964	15560	NA	11673	6523	17	0	18213	0.3581507714270027	0.6409158293526602	0.9737	0.9759	10.589	0.05493592266981586	0.0533799880447302	5.029961072475179e-4	0.5806762017233084	2.1869395967283383e-5	0.3613698989633906	0.02108209771246118	0.022307585504697552	0.058339385136770755	Excluded By Filtering
M300839	28	23.111217604511605	3.3646600515613247	Caecum right	positive	MSEB0011	G121eI103A	L06	11750.52138	14739.7842	5000	Lid8_Covaris_500639	Fail	3	15	G121e	ULV2_Half	TecanUDI_A_10nt	2.8936	1.2343	12464010	12209710	136818	1201479	1869601500	1805997795	27472107	0.519141	0.516453	0.549623	12209710	8501260	8408840	3675837	90512	412	8533873	8410748	8408428	8408204	6508003	1900201	0.4572	2098677	1706395	4316	48338	3857726	0.4423318296841196	0.5440191968014317	0.9522	0.9562	17.2503	0.02040274357931356	0.014694097645942197	0.29491608238440115	0.007261868371414978	3.305517245252531e-5	0.6745986243592552	0.5221435958411458	0.5330186384443202	0.7740063157363927	Retained By Filtering
M300840	51	32.738500752519805	3.63359400202837	Caecum right	positive	MSEB0011	G121eI103A	L06	NA	NA	5000	Lid8_Covaris_500639	Success	1	15	G121e	ULV2_Half	TecanUDI_A_10nt	0.3133	11.6792	9443774	9305744	85200	976556	1416566100	1376424847	19986841	0.542289	0.540967	0.339054	9305744	9135352	9111226	167593	24037	120	9138151	9111315	9111106	9110992	7591896	1519096	0.7390000000000001	1683331	449771	5301	52542	2190945	0.20528630339876172	0.7683127600190786	0.9009	0.909	17.8531	0.014615978739008367	0.014109359951505264	0.017746400962157714	0.0025452748022136065	1.270678438514094e-5	0.9647617573228668	0.8039048795534497	0.815829019152042	0.8332677715006226	Retained By Filtering
M300841	0	1	0	Caecum right	negative	MSEB0011	G121eI103Z	L06	NA	NA	NA	Lid8_Covaris_500639	NA	0	15	G121e	ULV2_Half	TecanUDI_A_10nt	0.1533	1e-4	676626	663694	5896	128803	101493900	96221530	3579594	0.542979	0.541545	0.612321	663694	641296	464338	22230	176387	297	641464	464909	464041	464036	86132	377904	0.3194	160398	100965	146	1486	262995	0.3839046369702846	0.6098899218616324	0.9757	0.9778	13.8889	0.019112478680984767	0.03526905557870966	0.03285419123710883	0.26068611019972626	0.00043894263596137303	0.6858087037743155	0.1272963202714646	0.12977667419021416	0.18561490918808024	Excluded By Filtering
M300886	56	32.790642280620375	3.7979769154070695	Caecum right	positive	MSEB0011	G121eI103A	L06	NA	NA	5000	Lid8_Covaris_500639	Success	1	15	G121e	ULV2_Half	TecanUDI_A_10nt	2.0198	15.2582	10335490	10208152	75576	1082492	1550323500	1510345186	21159611	0.538681	0.537409	0.223534	10208152	10187602	10170996	19622	16492	185	10188530	10171110	10170811	10170638	8491939	1678699	0.7217	1980029	413149	6048	56425	2455651	0.16824418453599474	0.8063153110926593	0.8697	0.8802	18.0686	0.012320460858653048	0.01364851335866353	0.0018985069890251939	0.00159566696886166	1.7899490009665723e-5	0.984049909583387	0.8216290664496797	0.8318781891178736	0.8349465392436541	Retained By Filtering
M301037	57	33.011234944313614	3.775899493723235	Caecum right	positive	MSEB0011	G121eI103A	L06	12952.2438	14374.78818	5000	Lid8_Covaris_500639	Success	1	15	G121e	ULV2_Half	TecanUDI_A_10nt	1.4619	19.4912	9145950	8989660	82760	938786	1371892500	1329404025	19442276	0.543812	0.541719	0.173068	8989660	8985416	8977258	3411	8114	242	8986249	8977302	8977016	8976778	7538949	1437829	0.7399	1684939	352694	5060	48470	2091163	0.16865925803010096	0.8057425461334196	0.8472	0.8594000000000002	18.0787	0.017088438051815286	0.014171865506954808	3.729519623439883e-4	8.87168637484351e-4	2.6459799146070118e-5	0.981503069664715	0.8242937037705214	0.8386244863543226	0.839827942720651	Retained By Filtering
M301038	73	38.971682608965494	3.8052690597553145	Caecum right	positive	MSEB0011	G121eI103A	L06	11132.23796	14468.76634	5000	Lid8_Covaris_500639	Success	3	15	G121e	ULV2_Half	TecanUDI_A_10nt	1.2614	36.3921	30623512	30121182	277354	3110826	4593526800	4457837121	61492287	0.549736	0.548173	0.264797	30121182	30116050	30100294	2816	15423	716	30118366	30100627	30099578	30098866	25182596	4916270	0.7565000000000001	5594579	1164522	18317	165234	6942652	0.1677344622775274	0.8058273697140517	0.9412	0.9461	18.1017	0.016403409249729422	0.013386726512622066	9.195548831890999e-5	5.036326336443711e-4	2.3380727853813763e-5	0.9828678696290615	0.8223288040901383	0.8360427555598582	0.8366626171231833	Retained By Filtering
M301039	56	34.01122145130285	3.731485348037351	Caecum right	positive	MSEB0011	G121eI103A	L06	11247.03924	14610.85472	5000	Lid8_Covaris_500639	Success	1	15	G121e	ULV2_Half	TecanUDI_A_10nt	0.5631	16.1877	13867498	13682020	109618	1563891	2080124700	2020737822	32160406	0.547119	0.546044	0.305132	13682020	13679480	13662826	1808	16547	194	13680212	13662933	13662632	13662440	11402369	2260071	0.7581	2559210	534413	7890	75347	3176860	0.16822050704154418	0.8055784642697507	0.905	0.9128	18.0098	0.013375015449794908	0.015460806748749245	1.3037679904478805e-4	0.001193221733293201	1.3989545915204026e-5	0.9852130499676294	0.8222369312762836	0.8333834477657539	0.834577791375479	Retained By Filtering
M301040	0	1	0	Caecum right	negative	MSEB0011	G121eI103M	L06	11318.03776	14675.1002	5000	Lid8_Covaris_500639	Success	2	15	G121e	ULV2_Half	TecanUDI_A_10nt	0.7872	0.0147	725508	708650	6940	136079	108826200	102629449	4098058	0.576752	0.576385	0.608727	708650	703848	547408	4708	155676	143	703942	548172	547265	547258	53175	494083	0.3521	199550	86808	315	1435	288108	0.30130367778749634	0.6926222111152762	0.9748	0.977	14.0212	0.023236132475451685	0.03765690614943828	0.006489246155797042	0.21457516664185647	1.971032710872933e-4	0.7543100834174123	0.07329347160885889	0.07503704226345868	0.09716623603492319	Excluded By Filtering
M301041	62	33.175487019629024	3.775172303136356	Caecum right	positive	MSEB0011	G121eI103A	L06	11461.88748	14723.80334	5000	Lid8_Covaris_500639	Success	1	15	G121e	ULV2_Half	TecanUDI_A_10nt	0.1091	24.2091	18516834	18351404	110712	2152357	2777525100	2709976358	43487365	0.538297	0.537608	0.268505	18351404	18342316	18322086	8537	20122	185	18342867	18322194	18321901	18321758	15264770	3056988	0.7498	3544163	744014	10035	94493	4392705	0.16937490680571538	0.8068292771765917	0.9191	0.9258	17.9701	0.00893403267534828	0.01565687561203317	4.610399380369236e-4	0.0010866868493825672	9.990908813029268e-6	0.9894649376885919	0.8243725682262961	0.8318039317318718	0.8331498538513608	Retained By Filtering
M301042	33	20.343913976656882	2.653949333507405	Caecum right	positive	MSEB0011	G103bI301A	L06	NA	NA	NA	Lid8_Covaris_500639	Fail	3	15	G103b	ULV2_Half	TecanUDI_A_10nt	1.9516	2.4741	18026856	17812470	123466	1387747	2704028400	2646565123	25540749	0.518433	0.51677	0.515421	17812470	17571160	17451230	238673	118986	666	17573797	17452174	17450564	17450270	14429624	3020646	0.6947	3237333	935342	8170	140321	4321166	0.21645592879329328	0.749180429541471	0.971	0.9734	17.1566	0.011892589589665553	0.009445444064122996	0.013239857244102909	0.006600485409102952	3.694487824166344e-5	0.9680151658170454	0.8004515041336104	0.8100855187405228	0.8268997557057857	Retained By Filtering
M301043	0	1	0	Caecum right	negative	MSEB0011	G103bI301M	L06	37045.87604	21898.70604	5000	Lid8_Covaris_500639	Success	2	15	G103b	ULV2_Half	TecanUDI_A_10nt	0.9262	3e-4	760088	745890	6358	176761	114013200	107380066	4786776	0.528367	0.526502	0.617689	745890	737410	446802	8153	289132	839	737737	448278	445963	445936	48908	397028	0.4081	172242	135327	130	723	308422	0.4387722017236125	0.5584621071129816	0.9659	0.9688	13.8334	0.018679416067613225	0.04198440180610666	0.010726389575943839	0.38039279662354886	0.0011038195577354202	0.5866899622149014	0.0643451810842955	0.0655699902130341	0.1096749309317929	Excluded By Filtering
M301044	34	20.444335517706115	2.800518071648073	Caecum right	positive	MSEB0011	G103bI301A	L06	39826.46454	16381.5368	5000	Lid8_Covaris_500639	Success	2	15	G103b	ULV2_Half	TecanUDI_A_10nt	2.1715	4.0761	11485756	11270146	106200	1123836	1722863400	1668223947	22477713	0.503238	0.499882	0.42116	11270146	11252712	11238736	15906	13865	2035	11254240	11238847	11236701	11236292	9356249	1880043	0.6798000000000001	1972554	599654	4894	86981	2664083	0.22508833245811036	0.7404251293972448	0.959	0.9625	17.0699	0.01877194674865111	0.013046718039282743	0.0013848457167294865	0.001207147357126514	1.7717597344049448e-4	0.9782805763939265	0.8145958350499523	0.8301799284587795	0.8326811905564576	Retained By Filtering
M301045	35	20.846460263357155	2.6440484558009603	Caecum right	positive	MSEB0011	G103bI301A	L06	40015.9332	16372.07874	5000	Lid8_Covaris_500639	Success	1	15	G103b	ULV2_Half	TecanUDI_A_10nt	1.2268	8.4202	16464278	16223044	137762	1284267	2469641700	2408378632	25460671	0.517908	0.51596	0.384928	16223044	16163552	16140026	58076	23300	390	16164968	16140252	16139636	16139356	13684568	2454788	0.7034	2883028	755803	7296	128607	3774734	0.20022682392984512	0.7637698444446681	0.9646	0.9675	17.1979	0.014651963481180285	0.01030945946531434	0.003527394277477579	0.0014151850448589365	2.3687646673604516e-5	0.9802650319679976	0.8311672093972174	0.8435265292999267	0.8479004986320396	Retained By Filtering
M301046	33	20.88077925495863	2.6708666046497243	Caecum right	positive	MSEB0011	G103bI301A	L06	40430.65048	16268.04008	5000	Lid8_Covaris_500639	Success	1	15	G103b	ULV2_Half	TecanUDI_A_10nt	1.3784	4.4248	17264318	16951848	164292	1577494	2589647700	2510622895	32638287	0.526583	0.524127	0.447978	16951848	16939078	16920450	11339	18421	469	16940509	16920657	16919981	16919550	14452418	2467132	0.7119	3089702	752395	8162	143953	3994212	0.1883713233048221	0.7735448193536046	0.9699	0.9725	17.1437	0.01809918005449158	0.012603369562585676	6.567881801065064e-4	0.0010669984183562884	2.7165857348086383e-5	0.9800300249335073	0.837126494078712	0.8525570781427488	0.8541845380048524	Retained By Filtering
M301047	0	1	0	Caecum right	negative	MSEB0011	G103bI301Z	L06	NA	NA	NA	Lid8_Covaris_500639	NA	0	15	G103b	ULV2_Half	TecanUDI_A_10nt	0.0247	NA	1580388	1550762	14288	250092	237058200	226272882	6859603	0.556601	0.555648	0.644109	1550762	1523388	1344178	26931	178441	214	1523831	1344947	1343964	1343926	707593	636333	0.5627	354359	132926	877	7058	495220	0.26841807681434515	0.7155587415694035	0.9809	0.9825	14.734	0.018746029456057627	0.02893636668126224	0.017040752017858905	0.1129096146009714	1.3540978544509323e-4	0.850377249131226	0.4477337210862143	0.4562872961808453	0.5265118763979564	Excluded By Filtering
M301048	31	20.310986998862596	2.588049131347598	Caecum right	positive	MSEB0011	G103bI301A	L06	40926.24052	16353.48876	5000	Lid8_Covaris_500639	Success	1	15	G103b	ULV2_Half	TecanUDI_A_10nt	1.6692	5.1541	8612128	8444338	89156	881087	1291819200	1248350479	18631754	0.525863	0.523188	0.415317	8444338	8432128	8414390	11191	17536	319	8433147	8414592	8414071	8413802	7167072	1246730	0.6972	1528160	385418	3999	68110	1985687	0.1940980627863304	0.769587553325373	0.9475	0.9519	17.0933	0.019482989570057483	0.014422880539320053	0.0012994465479379777	0.0020361982543687226	3.7040787131821546e-5	0.976971313013462	0.8322068599073307	0.848742909154039	0.8518232304492072	Retained By Filtering
M301049	36	20.849563524505818	2.6577431983626423	Caecum right	positive	MSEB0011	G103bI301A	L06	41736.01664	16434.37148	5000	Lid8_Covaris_500639	Success	2	15	G103b	ULV2_Half	TecanUDI_A_10nt	4.0556	2.6657	14031948	13612162	151646	1282012	2104792200	2014883785	28994644	0.522626	0.517165	0.239068	13612162	13565626	13552054	43318	13456	754	13568844	13552170	13551300	13550546	11547822	2002724	0.7062999999999999	2438069	643927	5975	112860	3200831	0.2011749448815011	0.7616987588535602	0.95	0.9542	17.192	0.0299164449583194	0.013775537556629107	0.0030870980992802996	9.589545229215502e-4	5.373452068094893e-5	0.9656924327256629	0.8229664192028078	0.8483459130151404	0.852203446267036	Retained By Filtering
M301050	36	22.051055134640727	2.6895707021579485	Caecum right	positive	MSEB0011	G103bI301A	L06	40192.56872	16214.34958	5000	Lid8_Covaris_500639	Success	2	15	G103b	ULV2_Half	TecanUDI_A_10nt	1.2996	10.0173	14702428	14464654	131910	687992	2205364200	2156984514	13130974	0.521388	0.519127	0.279926	14464654	14461098	14443252	2573	17724	325	14462081	14443374	14442927	14442660	12291337	2151323	0.7612000000000001	2587458	619958	6324	117570	3331310	0.1861003629202926	0.7767088622794036	0.951	0.9551	17.3074	0.016172430839314432	0.005954106809206388	1.7500510799984872e-4	0.0012055151706915348	2.210519242127899e-5	0.9823316257695668	0.8360072907685724	0.8497498108146935	0.8510438520327973	Retained By Filtering
M301051	35	21.17463640935865	2.662779821618756	Caecum right	positive	MSEB0011	G103bI301A	L06	40154.83648	16597.72248	5000	Lid8_Covaris_500639	Success	1	15	G103b	ULV2_Half	TecanUDI_A_10nt	1.4259	7.2255	13791066	13518458	139574	1172837	2068659900	2003936396	25088737	0.520835	0.517874	0.296992	13518458	13209676	13183166	304626	26285	419	13213832	13183391	13182747	13182390	11144292	2038098	0.6937000000000001	2384737	745285	6088	106100	3242210	0.22986944090604863	0.7355282353703184	0.948	0.9523	17.2558	0.01976699988238763	0.012128014372976437	0.02208864782461341	0.001905944036523355	3.0381987875339005e-5	0.9558644705202629	0.8080805356163185	0.8243759754255996	0.8453923757376318	Retained By Filtering
M301052	34	20.96311802540333	2.605212166603685	Caecum right	positive	MSEB0011	G103bI301A	L06	40195.37784	17057.986	5000	Lid8_Covaris_500639	Success	1	15	G103b	ULV2_Half	TecanUDI_A_10nt	1.2035	5.3308	12502372	12252876	129532	617171	1875355800	1825977774	12327111	0.524871	0.521957	0.31662	12252876	12249948	12227864	1696	21938	372	12251180	12228010	12227492	12227136	10413907	1813229	0.7498	2232844	519856	5337	103419	2861456	0.1816753429023546	0.7803174328034399	0.9476	0.952	17.233	0.019955893169712115	0.006573211867316058	1.3565425824795487e-4	0.0017547070267945955	2.975435381382029e-5	0.9779852975099446	0.8329544985543543	0.8499153178404809	0.8517045201754524	Retained By Filtering
M301053	0	1	0	Caecum right	negative	MSEB0011	G103bI301Z	L06	NA	NA	NA	Lid8_Covaris_500639	NA	0	15	G103b	ULV2_Half	TecanUDI_A_10nt	1.1815	0.0503	315080	306448	2972	79559	47262000	43881223	2366128	0.528868	0.526538	0.523385	306448	306010	189510	366	115909	70	306082	190101	189440	189432	15969	173463	0.17059999999999995	63114	53793	151	313	117371	0.4583159383493367	0.5377307852876775	0.9208	0.9273	13.9508	0.027396216833819983	0.05006406838474885	0.0011616097499047861	0.3678716516440269	2.2216579916211756e-4	0.6012187380982608	0.05068236638314079	0.052109982770323186	0.08429937919675662	Excluded By Filtering
M301054	36	22.334842742013272	2.7207626247608783	Caecum right	positive	MSEB0011	G103bI301A	L06	39791.59826	18107.68606	5000	Lid8_Covaris_500639	Success	1	15	G103b	ULV2_Half	TecanUDI_A_10nt	1.269	7.1868	13405084	13091968	155252	1136617	2010762600	1940129149	24096836	0.52483	0.521295	0.264925	13091968	13084432	13015546	5891	62692	438	13086077	13021740	13015108	13014684	11071762	1942922	0.7332	2359745	602291	5930	105597	3073563	0.19595856665375003	0.7677555332361823	0.946	0.9505	17.3044	0.023358003575359915	0.011983928883499225	4.3946013318529e-4	0.004676733096189475	3.267417048636174e-5	0.9708767211007406	0.8259375323571266	0.8456911902015037	0.8507130868486703	Retained By Filtering
M301055	4	3.9969118271127537	1.4587934436512768	Caecum right	positive	MSEB0011	G103bI301A	L06	NA	NA	5000	Lid8_Covaris_500639	Success	1	15	G103b	ULV2_Half	TecanUDI_A_10nt	26.9385	22.8072	8263168	296874	191400	724426	1239475200	40896060	44458776	0.842939	0.578217	0.570609	296874	285428	283438	5733	1037	1819	291141	284391	281619	279800	186563	93237	0.5195000000000001	42684	39993	97	1997	84771	0.4717769048377393	0.5035212513713416	0.4487	0.4807	15.1268	0.9640726171850796	0.03586903231303055	6.938016992998327e-4	1.2549666181299956e-4	2.2013348875395006e-4	0.0338611050870562	0.022577660287192516	0.6284248536416123	0.6667726947819871	Retained By Filtering
M301056	0	1	0	Caecum right	negative	MSEB0011	G103bI301M	L06	37970.15196	23862.4115	5000	Lid8_Covaris_500639	Success	2	15	G103b	ULV2_Half	TecanUDI_A_10nt	0.9322	NA	497778	485832	4260	107759	74666700	69943266	3314285	0.531582	0.529177	0.581456	485832	484612	379972	1122	104279	49	484710	380333	379923	379918	237362	142556	0.4274	87855	57269	324	2303	147751	0.3876048216255727	0.5946152648713038	0.9643	0.9673	14.0555	0.023998650000602677	0.044387725719765306	0.0022540168508853346	0.20948896897813885	9.843745605470712e-5	0.7632277842733106	0.4768430906950488	0.488568064680795	0.6247716612532178	Excluded By Filtering
M301057	34	21.733753681896793	2.7046039940820723	Caecum right	positive	MSEB0011	G103bI301A	L06	40071.18696	18322.1729	5000	Lid8_Covaris_500639	Success	3	15	G103b	ULV2_Half	TecanUDI_A_10nt	0.7351	4.7797	14061964	13771210	148200	1380476	2109294600	2035140531	31553566	0.527115	0.524206	0.452581	13771210	13766526	13743794	3303	22589	398	13767907	13743937	13743396	13743006	11769901	1973105	0.6895	2521292	597974	6544	112092	3237902	0.1846794621949645	0.7786807630373	0.9627	0.9658	17.1411	0.02067662810116709	0.0149592977671303	2.348889529229345e-4	0.0016063901173406503	2.830330101826459e-5	0.9773176776729054	0.8370026405984257	0.85467442584929	0.8564284262118491	Retained By Filtering
M301058	36	20.66343109737815	2.7442286205757225	Caecum right	positive	MSEB0011	G103bI301A	L06	41182.3061	16262.49454	5000	Lid8_Covaris_500639	Success	2	15	G103b	ULV2_Half	TecanUDI_A_10nt	0.0624	14.4395	17056696	16764536	162812	1053851	2558504400	2494022634	21123818	0.504642	0.502049	0.302795	16764536	16581048	16565630	181307	15312	327	16583229	16565736	16565303	16564984	13853343	2711641	0.7201000000000001	2941353	894173	6636	125807	3967969	0.2253477786746822	0.7412741883820161	0.9577	0.9612	17.1854	0.017128756940969107	0.008256314900220614	0.0106296670820656	8.977119601592243e-4	1.9171356515939546e-5	0.9711719080881784	0.8121938152617599	0.8263481315558032	0.8363028301144149	Retained By Filtering
M301059	34	20.86844827814302	2.7194950157148514	Caecum right	positive	MSEB0011	G103bI301A	L06	41148.0614	16419.33738	5000	Lid8_Covaris_500639	Success	1	15	G103b	ULV2_Half	TecanUDI_A_10nt	0.8519	4.4333	12807010	12593378	112530	843494	1921051500	1872152964	17300934	0.512652	0.510085	0.390116	12593378	12452036	12438804	139265	13154	317	12454113	12438882	12438487	12438190	10482655	1955535	0.7171	2235626	636781	5332	99670	2977409	0.21387085214023333	0.750862914702011	0.9562	0.9599	17.1329	0.016680864620235325	0.009005970948722613	0.010874122843661401	0.001027093755685363	2.4752069374506617e-5	0.9712017090640204	0.8185091602177245	0.8323942154360807	0.8427797774435026	Retained By Filtering
M301060	34	20.04746785114174	2.633628618568848	Caecum right	positive	MSEB0011	G103bI301A	L06	41113.29056	16943.5483	5000	Lid8_Covaris_500639	Success	1	15	G103b	ULV2_Half	TecanUDI_A_10nt	0.0714	8.0677	12658670	12437114	126852	1072770	1898800500	1843672473	22263827	0.513185	0.510664	0.396543	12437114	12433920	12408470	2371	25291	318	12434743	12408629	12408152	12407908	10437232	1970676	0.721	2217106	586788	5487	99778	2909159	0.2017036538738515	0.762112349307824	0.9537	0.9576	17.1287	0.017502312644219337	0.011725205991888036	1.8730245752515866e-4	0.001997919212681901	2.5121122519190406e-5	0.9801904939460465	0.8245125277774047	0.8392004768952025	0.8411758049785669	Retained By Filtering
M301061	0	1	0	Caecum right	negative	MSEB0011	G103bI301R	NA	NA	NA	NA	Lid8_Covaris_500639	NA	0	15	G103b	ULV2_Half	TecanUDI_A_10nt	2.1797	0.0356	56352	44274	928	27564	8452800	5905328	1261186	0.549488	0.496022	0.432425	44274	44226	21678	41	22484	1	44233	21742	21677	21676	325	21351	NA	10259	7946	27	45	18277	0.434754062482902	0.5613065601575751	0.9347	0.9402	10.9462	0.2143313458262351	0.14920334090478896	7.275695627484384e-4	0.39899204997160703	1.7745599091425327e-5	0.3846536059057354	0.005767319704713231	0.007340651398111759	0.014993541243771913	Excluded By Filtering
M301062	0	1	0	Caecum right	negative	MSEB0011	G103bI301M	L06	38338.81876	12402.46378	5000	Lid8_Covaris_500639	Fail	3	15	G103b	ULV2_Half	TecanUDI_A_10nt	0.6497	1e-4	869728	849162	10310	165757	130459200	123281024	4435069	0.575651	0.575266	0.577624	849162	848138	734792	876	112610	53	848286	735528	734739	734726	173111	561615	0.3852	220862	81546	410	1938	304756	0.26757799682368844	0.7247174789011537	0.9656	0.9685	14.4886	0.02364647338018323	0.033995831646982354	0.0010072114500165568	0.12947726185658046	6.093859229552228e-5	0.8447767577909415	0.19904038963905957	0.20386098294553925	0.23561300403143484	Excluded By Filtering
M301063	38	21.202545893366647	2.68377336647017	Caecum right	positive	MSEB0011	G103bI301A	L06	41110.02916	17363.29422	5000	Lid8_Covaris_500639	Success	2	15	G103b	ULV2_Half	TecanUDI_A_10nt	0.0231	15.1558	18698300	18495538	131916	1904145	2804745000	2736056717	38882893	0.511808	0.510512	0.300427	18495538	18487202	18470574	7699	16496	285	18487839	18470706	18470289	18470114	15448222	3021892	0.696	3261313	885169	8590	144707	4299779	0.2058638362576309	0.7584838662638242	0.9554	0.9591	17.2426	0.010843873507217234	0.013863254235233506	4.1174866164303705e-4	8.822192391821716e-4	1.5242027350079953e-5	0.9877964306915602	0.8261832359091468	0.835240478000694	0.8363901814574615	Retained By Filtering
M301064	33	20.037617126036864	2.571215512188758	Caecum right	positive	MSEB0011	G103bI301A	L06	41081.02884	18018.79422	5000	Lid8_Covaris_500639	Success	2	15	G103b	ULV2_Half	TecanUDI_A_10nt	1.6254	6.7105	6433960	6323144	54626	700951	965094000	934367802	14387328	0.516355	0.51343	0.237162	6323144	6318646	6305810	3891	12724	4962	6319253	6305922	6300848	6300628	5299352	1001276	0.6848000000000001	1123610	310185	3028	49985	1486808	0.208624785446406	0.7557196356220843	0.9001	0.9083	17.2204	0.017223607234113984	0.014907696037898899	6.04759743610467e-4	0.0019776311944743204	7.71220212746116e-4	0.9792768372821715	0.8236532399952751	0.8380881409627868	0.8410831428232234	Retained By Filtering
M301065	35	19.513857358020594	2.5756083085255432	Caecum right	positive	MSEB0011	G103bI301A	L06	41233.76236	19314.80186	5000	Lid8_Covaris_500639	Success	1	15	G103b	ULV2_Half	TecanUDI_A_10nt	1.2597	16.0461	15412268	15124692	147040	1489916	2311840200	2237711747	31299495	0.50117	0.497848	0.293755	15124692	15104154	15093638	19235	10438	358	15105457	15093716	15093280	15092930	12549911	2543019	0.6820999999999999	2575752	800685	6475	114507	3497419	0.2289359667800741	0.7364722385278973	0.9549	0.9587	17.1161	0.018658902116158376	0.013538779626723335	0.0012480317627489997	6.772526924655087e-4	2.322824908053766e-5	0.9792802720534057	0.8142806107446354	0.8297630788117867	0.8315092563206746	Retained By Filtering
M301066	37	20.84404193555824	2.7521813320213386	Caecum right	positive	MSEB0011	G103bI301A	L06	NA	NA	NA	Lid8_Covaris_500639	Success	1	15	G103b	ULV2_Half	TecanUDI_A_10nt	0.144	40.1752	8376994	8252620	71322	612405	1256549100	1226639443	11333592	0.503318	0.500908	0.105291	8252620	8248948	8244658	3030	4243	162	8249590	8244705	8244496	8244334	6886895	1357439	0.7104	1459036	415196	3545	62973	1940750	0.21393584954270256	0.7517897719953626	0.8975	0.9059	17.2904	0.014847091928202407	0.009019617299475206	3.6170492661209973e-4	5.06506271820178e-4	1.9338679244607314e-5	0.9841637704408049	0.8221200826931474	0.8345101313279903	0.8353488589860625	Retained By Filtering
M301067	0	1	0	Caecum right	negative	MSEB0011	G103bI301Z	L06	NA	NA	NA	Lid8_Covaris_500639	NA	0	15	G103b	ULV2_Half	TecanUDI_A_10nt	0.1443	NA	440104	430824	4160	120026	66015600	61492550	3323420	0.486478	0.482796	0.610019	430824	430002	210490	718	218399	95	430106	211603	210395	210390	5938	204452	0.0889	101531	50402	197	427	152557	0.33038143120276353	0.6655282943424425	0.9668	0.9696	13.0878	0.021085925144965736	0.0503429492423003	0.0016314325704833404	0.496244069583553	2.1585806991074837e-4	0.4780460981949721	0.013492265464526566	0.01378289046106995	0.028223774894244023	Excluded By Filtering
M301068	39	21.10305324291134	2.7034641209831425	Caecum right	positive	MSEB0011	G103bI301A	L06	NA	NA	5000	Lid8_Covaris_500639	Success	2	15	G103b	ULV2_Half	TecanUDI_A_10nt	1.3688	15.5315	14332112	14042392	145156	1441978	2149816800	2076932431	29732062	0.504928	0.501277	0.179082	14042392	13981594	13936084	58891	41395	474	13983501	13940199	13935610	13935142	11636662	2298480	0.6665000000000001	2413078	763525	6085	107971	3290659	0.23202799196148857	0.7333114734768932	0.938	0.9431	17.2332	0.020214745740195165	0.013830044494954175	0.004109024545719431	0.002888269363231323	3.3072585533799904e-5	0.9723020584823786	0.8119293234660739	0.8286808971007219	0.8350587313713775	Retained By Filtering
M301069	38	21.64228279457343	2.747654310729428	Caecum right	positive	MSEB0011	G103bI301A	L06	41240.38908	19087.9368	5000	Lid8_Covaris_500639	Success	2	15	G103b	ULV2_Half	TecanUDI_A_10nt	2.1106	12.4195	13212062	13010420	93388	1593681	1981809300	1917236053	35886898	0.511066	0.508253	0.210801	13010420	13007722	13001096	1654	6571	290	13008766	13001151	13000806	13000524	10938006	2062518	0.6967	2300831	643071	5936	101440	3051278	0.21075464117002776	0.7540548583249379	0.9404	0.9454	17.2457	0.01526196289420985	0.01810814895257581	1.2518863444631125e-4	4.973485592180842e-4	2.1949639655036437e-5	0.9839890245746652	0.8278803111883671	0.8407112145495688	0.8413511639992357	Retained By Filtering
M301070	37	20.955340312782187	2.7234533844837263	Caecum right	positive	MSEB0011	G103bI301A	L06	39970.47546	19209.60206	5000	Lid8_Covaris_500639	Success	3	15	G103b	ULV2_Half	TecanUDI_A_10nt	2.5065	9.7168	13441368	13177452	137890	1436601	2016205200	1947315909	29797272	0.513158	0.510062	0.245106	13177452	13173186	13161346	2981	11745	441	13174471	13161441	13160905	13160548	11089789	2070759	0.6859000000000001	2345859	643621	5918	104057	3099455	0.20765618471634528	0.7568617708597156	0.9434	0.9481	17.2408	0.019634608620194016	0.014778888577412656	2.2177802140377378e-4	8.737949887243619e-4	3.280916049616378e-5	0.979107781291309	0.825049131903836	0.8415730901543029	0.8426540444972352	Retained By Filtering
M301071	0	1	0	Caecum right	negative	MSEB0011	G103bI301M	L06	40473.75646	11877.0984	5000	Lid8_Covaris_500639	Fail	3	15	G103b	ULV2_Half	TecanUDI_A_10nt	0.1319	0.003	481546	469048	4908	110390	72231900	67485625	3093571	0.520384	0.516622	0.584991	469048	468802	324232	185	143123	128	468863	325679	324104	324084	144418	179666	0.3454	80911	73831	207	1778	156727	0.471080286102586	0.5162543786329095	0.964	0.967	13.8015	0.025953906791874506	0.042828321004985334	3.8417928920601564e-4	0.2972156346434193	2.658105352344324e-4	0.6730073554759047	0.29990488966786144	0.3078959935870103	0.4456190370397798	Excluded By Filtering
M301072	36	21.498599576071225	2.6513546368273073	Caecum right	positive	MSEB0011	G103bI301A	L06	40531.74412	19206.54066	5000	Lid8_Covaris_500639	Success	3	15	G103b	ULV2_Half	TecanUDI_A_10nt	0.2248	52.1304	9423008	9328032	61410	843877	1413451200	1383132976	16272488	0.513621	0.512217	0.0890285	9328032	9326870	9324924	921	1926	65	9327111	9324944	9324859	9324796	7872501	1452295	0.7004	1640544	443407	4303	72492	2160746	0.20521014501473103	0.7592488890410997	0.9118	0.919	17.3361	0.01007915943613759	0.011512592723399294	9.773949040476247e-5	2.043933317259202e-4	6.898009637686819e-6	0.9895774258071308	0.8354551964722942	0.8439616202002738	0.844254501653441	Retained By Filtering
M301073	36	20.54147493188094	2.6010440053677844	Caecum right	positive	MSEB0011	G103bI301A	L06	39891.54958	19315.27142	5000	Lid8_Covaris_500639	Success	2	15	G103b	ULV2_Half	TecanUDI_A_10nt	0.9299	6.7503	13978436	13677666	137500	2106297	2096765400	2004306223	48453712	0.509681	0.505369	0.385132	13677666	13670572	13646856	5782	23615	402	13671884	13646957	13646454	13646056	11381833	2264223	0.6402	2332520	727233	6176	107006	3172935	0.22919883325690568	0.7351300924853488	0.9591	0.9625	17.1356	0.021516713314708454	0.023108790330096062	4.136371193458267e-4	0.0016893878542635242	2.875858214753067e-5	0.9762219464323476	0.8142422371143667	0.8321473122680434	0.8340749151256598	Retained By Filtering
M301074	0	1	0	Caecum right	negative	MSEB0011	G103bI301M	L06	45041.0623	12107.10096	5000	Lid8_Covaris_500639	Success	3	15	G103b	ULV2_Half	TecanUDI_A_10nt	7.4226	0.002	154814	142368	1912	50865	23222100	20066339	1508478	0.514299	0.489297	0.375044	142368	139264	62558	3039	76331	109	139329	62933	62449	62442	12857	49585	NA	35455	19586	25	211	55277	0.35432458346147583	0.6414060097328003	0.7583	0.7765	13.9049	0.08039324608885501	0.06495872466314416	0.019630007622049684	0.4930497241851512	7.040706912811503e-4	0.4033356156419962	0.08304804475047477	0.09030821532928748	0.20590307805643637	Excluded By Filtering
M301075	37	20.889820744671354	2.600991660989235	Caecum right	positive	MSEB0011	G103bI301A	L06	41614.75434	20130.10552	5000	Lid8_Covaris_500639	Success	1	15	G103b	ULV2_Half	TecanUDI_A_10nt	1.0524	22.836	13295852	13033148	130588	1170888	1994377800	1933332479	21714694	0.511918	0.508614	0.183275	13033148	13029144	13019650	2656	9443	416	13030492	13019701	13019234	13018826	10970461	2048365	0.6993	2268866	644781	5735	101220	3020602	0.2134610915307611	0.7511304038069233	0.9405	0.9455	17.2514	0.019758342677099593	0.010887954127848796	1.9976154969234014e-4	7.102215036689638e-4	3.128795356627014e-5	0.9791644792676694	0.8251040249244652	0.841735319816824	0.8426613121643994	Retained By Filtering
M301076	37	21.94132915091462	2.7871147174497586	Caecum right	positive	MSEB0011	G103bI301A	L06	41854.46724	20045.30912	5000	Lid8_Covaris_500639	Success	2	15	G103b	ULV2_Half	TecanUDI_A_10nt	2.7178	78.402	9625334	9492068	75142	824279	1443800100	1410017854	13999936	0.516455	0.514557	0.0670208	9492068	9484694	9482094	6512	2561	226	9485556	9482133	9481868	9481642	8038877	1442765	0.6803	1696039	457537	4504	75777	2233857	0.2048192878953308	0.7592424224111033	0.9036	0.9115	17.3817	0.013845337730617972	0.00969658888373813	6.765479514788785e-4	2.660686891488649e-4	2.347970470427312e-5	0.9850714790780247	0.8351790182034202	0.846904699797768	0.8478359549959806	Retained By Filtering
M301077	36	21.101957111266096	2.666976561675853	Caecum right	positive	MSEB0011	G103bI301A	L06	41599.09962	19885.17438	5000	Lid8_Covaris_500639	Success	1	15	G103b	ULV2_Half	TecanUDI_A_10nt	0.3072	19.1833	11640602	11465440	83770	1369507	1746090300	1692489330	27638944	0.509183	0.506441	0.217975	11465440	11459090	11445824	5368	13164	278	11460072	11445926	11445546	11445298	9586080	1859218	0.6547	1986310	588500	5116	89741	2669667	0.22043947803227892	0.744029124231599	0.9274	0.9334	17.2481	0.015047503556946625	0.01582904618392302	4.611445353083973e-4	0.001130869348509639	2.388192638147065e-5	0.9832221735611268	0.8235038016075114	0.8360847904659569	0.8375561737230433	Retained By Filtering
M301078	0	1	0	Caecum right	negative	MSEB0011	G103bI301Z	L06	NA	NA	NA	Lid8_Covaris_500639	NA	0	15	G103b	ULV2_Half	TecanUDI_A_10nt	1.9976	NA	292072	286106	2484	89475	43810800	40556089	2464739	0.507614	0.503958	0.567168	286106	285122	152670	929	131974	124	285177	153148	152546	152540	7425	145115	0.3312	59364	57884	116	201	117565	0.49235741929996174	0.5049461999744822	0.9512	0.9553	13.1828	0.02042647018543373	0.05625870789850904	0.0031807225615601634	0.45185433728669644	4.245528499821962e-4	0.5222684817442275	0.02542181379933715	0.025951919917792707	0.048675757178444995	Excluded By Filtering
M301079	39	21.332738815794915	2.723419320918407	Caecum right	positive	MSEB0011	G103bI301A	L06	41584.86814	18556.11966	5000	Lid8_Covaris_500639	Success	3	15	G103b	ULV2_Half	TecanUDI_A_10nt	5.1571	34.1764	12575848	12355240	114882	1022036	1886377200	1832996274	20683619	0.505956	0.503171	0.112146	12355240	12347130	12342250	6992	4806	353	12348248	12342324	12341897	12341556	10298098	2043458	0.6988	2170104	622744	5260	96538	2894646	0.2151364968289732	0.7496958177269345	0.9246	0.9308	17.2839	0.01754219675683103	0.010964731231908444	5.559863637028692e-4	3.8216110754519297e-4	2.8069677686944053e-5	0.9813696857659221	0.8188790131687342	0.8335004419177612	0.8344246057790444	Retained By Filtering
M301080	38	21.49823079963365	2.7845360232831724	Caecum right	positive	MSEB0011	G103bI301A	L06	41504.31156	18869.21406	5000	Lid8_Covaris_500639	Success	1	15	G103b	ULV2_Half	TecanUDI_A_10nt	2.2535	59.0454	15243316	14966870	140980	1155937	2286497400	2222632491	22806176	0.503794	0.500686	0.110359	14966870	14803826	14797960	160559	5773	437	14806311	14798053	14797523	14797096	12360998	2436098	0.6938	2594023	829626	6493	112158	3542300	0.23420545972955423	0.7322990712249103	0.941	0.946	17.25	0.018135555282065924	0.009974284685388227	0.01053307561163201	3.787233696395194e-4	2.8668302881079155e-5	0.9707268418498967	0.8109126649345851	0.8258906504833676	0.8353664800174304	Retained By Filtering
M301081	39	21.433381453350478	2.6590853427253442	Caecum right	positive	MSEB0011	G103bI301A	L06	41547.0359	18764.19698	5000	Lid8_Covaris_500639	Success	1	15	G103b	ULV2_Half	TecanUDI_A_10nt	0.9565	48.1481	18150054	17887924	140402	1316025	2722508100	2657940424	25420194	0.505668	0.503303	0.183062	17887924	17884080	17878086	2590	5912	350	17885334	17878168	17877736	17877386	14950317	2927069	0.6998000000000001	3095217	899021	7669	137674	4139581	0.2171768108897978	0.7477126308193993	0.9508	0.9549	17.2569	0.014442381273355991	0.009337049906297799	1.4269929995800563e-4	3.2572905843696113e-4	1.9283689183514275e-5	0.9849770143934558	0.8237064749228845	0.835777086262218	0.8362697432387487	Retained By Filtering
M301082	36	19.885552561716025	2.6994309978608717	Caecum right	positive	MSEB0011	G103bI301A	L06	41448.21548	18598.51786	5000	Lid8_Covaris_500639	Success	1	15	G103b	ULV2_Half	TecanUDI_A_10nt	0.7883	5.5806	12426016	12270846	91362	1001467	1863902400	1820260365	20724723	0.497592	0.495573	0.396686	12270846	12268564	12255800	1705	12694	182	12269141	12255870	12255618	12255442	10174912	2080530	0.7151000000000001	2146700	644351	5445	95833	2892329	0.22277928963129712	0.742204638545615	0.9539	0.9577	17.0393	0.012487510075634861	0.011118995822957254	1.3721212011959426e-4	0.0010215663652774951	1.4646689654994811e-5	0.9862728327405984	0.8188394413784756	0.8291940099321595	0.8302362330138725	Retained By Filtering
M301083	0	1	0	Caecum right	negative	MSEB0011	G103bI301R	NA	NA	NA	NA	Lid8_Covaris_500639	NA	0	15	G103b	ULV2_Half	TecanUDI_A_10nt	NA	NA	145164	128444	1720	88833	21774600	16533366	3617638	0.527051	0.510449	0.414524	128444	128256	59152	175	68923	26	128269	59333	59126	59126	464	58662	NA	29053	22681	21	60	51815	0.4377303869535849	0.5607063591624047	0.9383	0.9434	12.1736	0.11518007219420794	0.16614027352970892	0.001205533052271913	0.474794026067069	1.791077677661128e-4	0.4073048414207379	0.003196384778595244	0.0036124692472984336	0.007847647397084193	Excluded By Filtering
M301084	34	19.530132793677254	2.6254097743773697	Caecum right	positive	MSEB0011	G103bI301A	L06	NA	NA	5000	Lid8_Covaris_500639	Success	1	15	G103b	ULV2_Half	TecanUDI_A_10nt	0.4551	5.8015	12496592	12194052	146754	1107629	1874488800	1805483663	24120897	0.503631	0.499336	0.379834	12194052	12189328	12169366	3356	19873	400	12190696	12169455	12168966	12168576	10144484	2024092	0.705	2108256	630824	5128	93224	2837432	0.2223221560904367	0.743015515437903	0.9547	0.9585	17.0669	0.024209800560024686	0.012867986727901496	2.685532183494508e-4	0.001590273572186721	3.200872685929092e-5	0.9737515636263071	0.8117800437111174	0.8319206773925517	0.8336623775863339	Retained By Filtering
M301085	37	21.200103093933407	2.757087796075964	Caecum right	positive	MSEB0011	G103bI301A	L06	NA	NA	5000	Lid8_Covaris_500639	Success	2	15	G103b	ULV2_Half	TecanUDI_A_10nt	0.2579	6.1918	17817294	17522372	168810	1435626	2672594100	2598957124	30199625	0.503688	0.501222	0.43946	17522372	17516586	16959308	4491	554417	309	17517881	16962169	16958999	16958694	14109961	2848733	0.6814	3005243	1071322	7727	130916	4215208	0.2541563785227206	0.71295248063678	0.9656	0.9685	17.1161	0.016552569655077815	0.011299742448731739	2.520584775667955e-4	0.031116790237619697	1.7342700861309243e-5	0.9518108642086728	0.7919250252030415	0.8052540489381232	0.8320193170535419	Retained By Filtering
M301086	2	1.944217897845531	1.4094868624318773	Caecum right	positive	MSEB0011	G103bI301A	L06	39340.66962	17466.53552	5000	Lid8_Covaris_500639	Fail	3	15	G103b	ULV2_Half	TecanUDI_A_10nt	0.8794	0.0331	2044878	1999494	18942	350878	306731700	291211058	9416627	0.515726	0.512731	0.601743	1999494	1998072	1907298	1226	90598	38	1998268	1907474	1907260	1907224	1543607	363617	0.5813	370285	130067	1179	13147	514678	0.25271528994827835	0.7194498307679753	0.9713	0.9737	15.4158	0.022193989079055083	0.03069988201415113	5.995467700273562e-4	0.04430484361414226	1.8583015710472702e-5	0.9326835146155419	0.7548650824156746	0.7719988157003722	0.8093475124054647	Retained By Filtering
M301087	32	18.55443512756022	2.65217249894826	Caecum right	positive	MSEB0011	G103bI301A	L06	39836.82524	17317.48954	5000	Lid8_Covaris_500639	Success	2	15	G103b	ULV2_Half	TecanUDI_A_10nt	0.0189	4.5687	14652218	14404110	120714	1430710	2197832700	2129771863	32402456	0.499872	0.496998	0.47752	14404110	14399978	14362600	3152	37216	586	14400958	14362762	14362014	14361736	11714781	2646955	0.6956	2478299	784183	6108	109805	3378395	0.23211702598423217	0.7335728948213575	0.9631	0.9662	17.0362	0.016933135993472116	0.014742912870483727	2.1512101444300105e-4	0.0025399567492102562	3.9993944944035096e-5	0.9801748786429467	0.7995227070741099	0.8132943305764813	0.8156939383929631	Retained By Filtering
M301088	0	1	0	Caecum right	negative	MSEB0011	G103bI301M	L06	39843.97418	17798.8088	5000	Lid8_Covaris_500639	Fail	3	15	G103b	ULV2_Half	TecanUDI_A_10nt	0.7265	0.0164	18440	17396	176	7247	2766000	2396576	260798	0.465941	0.452649	0.53167	17396	17346	4288	50	13036	0	17346	4310	4288	4288	104	4184	NA	5654	1499	6	0	7159	0.2093867858639475	0.7897751082553429	0.935	0.9404	9.591	0.056616052060737526	0.09428705712219812	0.0027114967462039045	0.706941431670282	0	0.23253796095444684	0.005639913232104121	0.005978385835824327	0.024253731343283583	Excluded By Filtering
M301089	38	21.050964502288128	2.765179102986431	Caecum right	positive	MSEB0011	G103bI301A	L06	39893.5736	17603.84046	5000	Lid8_Covaris_500639	Success	1	15	G103b	ULV2_Half	TecanUDI_A_10nt	2.3583	20.7781	14963378	14676500	138816	1161254	2244506700	2176993767	24980554	0.502468	0.498902	0.16336	14676500	14650616	14646644	23865	3912	527	14652635	14646704	14646117	14645596	12196818	2448778	0.7199	2589208	752953	5970	112326	3460457	0.21758773479918983	0.748227185022094	0.9391	0.9442	17.2421	0.01917200781802077	0.011129641092182972	0.00159489388024549	2.6143829287745055e-4	3.521932012945205e-5	0.9787626831321109	0.8151112669879755	0.8310440500119238	0.832797654666973	Retained By Filtering
M301090	9	8.589636099905427	2.753520029736345	Caecum right	positive	MSEB0011	G121eI103B	L06	11561.6955	44185.50822	5000	Lid8_Covaris_500639	Fail	3	15	G121e	ULV2_Half	TecanUDI_A_10nt	2.1419	8e-4	3020236	2372370	34394	947073	453035400	347770459	47897486	0.582276	0.531804	0.545778	2372370	2369514	2326786	2379	42321	16903	2369991	2327193	2309883	2307522	1849478	458044	0.6236	439855	124528	1458	11514	577355	0.2156870556243559	0.7618449654025686	0.9346	0.94	16.4288	0.21450840265462698	0.10572570267135857	7.876867900389242e-4	0.014012481143857633	0.005596582518717081	0.7640204275427483	0.6123620803142535	0.7795908732617594	0.8014996173384262	Retained By Filtering
M301091	1	1	1	Caecum right	negative	MSEB0011	G121eI103Z	L06	NA	NA	NA	Lid8_Covaris_500639	NA	0	15	G121e	ULV2_Half	TecanUDI_A_10nt	2.1274	0.0406	1882806	1058254	22076	930877	282420900	155226692	56955945	0.62766	0.52545	0.569797	1058254	1057350	999250	702	57823	59	1057552	999527	999191	999158	770957	228201	0.6704000000000001	196198	67170	547	5351	269266	0.24945592833852023	0.7286400808122823	0.9533	0.9572	15.3945	0.4379378438352119	0.2016704323228203	3.7284776020471574e-4	0.03071107697765994	3.1336207766493205e-5	0.5306749606704037	0.4094723513734288	0.7285179172486	0.7716066928353674	Retained By Filtering
M301092	65	34.71581614179041	3.9251694691801124	Caecum right	positive	MSEB0011	G121eI103B	L06	12030.93044	44147.1237	5000	Lid8_Covaris_500639	Success	2	15	G121e	ULV2_Half	TecanUDI_A_10nt	3.8991	7.0909	25935006	23540900	212570	4465027	3890250900	3482160098	184707085	0.547395	0.525645	0.369995	23540900	23535228	23519754	4053	15351	417	23536847	23519877	23519337	23518942	19657561	3861381	0.7378	4460534	985877	12245	128309	5586965	0.17646020692809064	0.7983823059568119	0.9411	0.946	18.038	0.09231175809251789	0.04747947876575261	1.5627526748981666e-4	5.919026970728289e-4	1.6078654464163223e-5	0.906841587004067	0.7579547504249662	0.8350386348865166	0.8358182523686652	Retained By Filtering
M301093	60	34.79034483892643	3.855383987930868	Caecum right	positive	MSEB0011	G121eI103B	L06	12734.19698	44293.00828	5000	Lid8_Covaris_500639	Success	3	15	G121e	ULV2_Half	TecanUDI_A_10nt	3.7445	2.6266	23526258	22038694	212160	3246551	3528938700	3260151138	119820992	0.538706	0.525072	0.429681	22038694	22033460	22015042	3578	18236	489	22035116	22015224	22014553	22014078	18413179	3600899	0.7351000000000001	4133436	926308	11682	119875	5191301	0.17843465443440865	0.7962235285528618	0.9517	0.9557	17.9449	0.06322994502568152	0.033953832068547976	1.5208538476454693e-4	7.751338950716259e-4	2.0785285955803085e-5	0.9357237347307846	0.782665012004884	0.8354932011851519	0.8364274442926931	Retained By Filtering
M301094	44	29.746145219043992	3.6783790319215752	Caecum right	positive	MSEB0011	G121eI103B	L06	12969.56506	44158.96474	5000	Lid8_Covaris_500639	Success	1	15	G121e	ULV2_Half	TecanUDI_A_10nt	6.6129	1.6223	24415912	23166316	224350	3444982	3662386800	3422010805	112603075	0.553774	0.544394	0.568097	23166316	23161244	23130322	3673	30624	463	23162643	23130620	23129859	23129414	19187602	3941812	0.7112	4297777	948521	13290	133508	5393096	0.17587689890927216	0.7969034854933048	0.9776	0.9795	17.6216	0.051179575024680624	0.030745817181298273	1.5043468374230707e-4	0.0012542640225767525	1.8963043444783057e-5	0.9473090335515626	0.7858646443352187	0.8282543499795133	0.8295757947002029	Retained By Filtering
M301095	53	32.3399199808255	3.8706633685349376	Caecum right	positive	MSEB0011	G121eI103B	L06	13185.65016	44208.11188	5000	Lid8_Covaris_500639	Success	2	15	G121e	ULV2_Half	TecanUDI_A_10nt	6.3555	1.5077	19351222	17910034	148970	3114715	2902683300	2642938530	119821151	0.544872	0.527157	0.508148	17910034	17904786	17886594	3524	18047	447	17906510	17886739	17886147	17885724	14991201	2894523	0.7189	3434682	742255	9185	98413	4284535	0.1732405033451705	0.8016463863639811	0.963	0.9661	17.76	0.07447529670219276	0.04127944340328137	1.8210736252211875e-4	9.326026025643239e-4	2.3099316415263077e-5	0.9242684518838139	0.7746901461830162	0.8370280592432153	0.8381657348620609	Retained By Filtering
M301096	0	1	0	Caecum right	negative	MSEB0011	G121eI103M	L06	9358.02608	29840.37566	5000	Lid8_Covaris_500639	Success	2	15	G121e	ULV2_Half	TecanUDI_A_10nt	7.5116	0.053	703498	141706	2846	587011	105524700	20284366	38588667	0.716352	0.549426	0.449036	141706	137684	90698	3974	46782	60	137732	90902	90638	90636	4448	86188	NA	31053	23576	33	2586	57248	0.41182224706539966	0.5424294298490777	0.9367	0.942	12.899	0.7985694344546822	0.36568374039442897	0.005648914424774484	0.06649912295415196	8.52880889497909e-5	0.12883618716755413	0.006322690327477832	0.03138893201417018	0.04907542256939847	Excluded By Filtering
M301097	54	33.052543887191746	3.663042519842874	Caecum right	positive	MSEB0011	G121eI103B	L06	13683.30424	44212.22556	5000	Lid8_Covaris_500639	Success	1	15	G121e	ULV2_Half	TecanUDI_A_10nt	7.6696	1.2176	19488462	17783708	188276	3172211	2923269300	2627088539	130480959	0.551057	0.531849	0.46712	17783708	17774450	17754864	7595	19413	657	17776113	17755037	17754207	17753732	14698399	3055333	0.7379000000000001	3292630	725739	9159	92997	4120525	0.1761277992488821	0.7990802142930816	0.9613	0.9646	17.7348	0.087475040359778	0.04463528522671517	3.8971777249533596e-4	9.961278627323182e-4	3.371225497425092e-5	0.9109868187648671	0.7542103117218794	0.8265092409299568	0.8279047470131914	Retained By Filtering
M301098	5	3.7756018548956662	1.9109868005443167	Caecum right	positive	MSEB0011	G121eI103B	L06	11479.05594	44765.5756	5000	Lid8_Covaris_500639	Fail	3	15	G121e	ULV2_Half	TecanUDI_A_10nt	2.4057	0.009	3181214	2724472	36394	790015	477182100	399126071	36206520	0.556662	0.524215	0.581492	2724472	2721022	2527838	3127	192086	342	2721345	2528936	2527496	2527414	1818882	708532	0.5502	600339	173159	1171	12926	787595	0.2198579219014849	0.7622432849370552	0.9613	0.9646	15.9818	0.14357474850795954	0.07587568770915758	9.829580782682334e-4	0.06038135127030121	1.0750612816365074e-4	0.7944809748731145	0.571757197095197	0.6676089899253874	0.7196612822434314	Retained By Filtering
M301099	60	35.06683767895649	3.7007772279284863	Caecum right	positive	MSEB0011	G121eI103B	L06	11910.14412	44681.86654	NA	Lid8_Covaris_500639	Success	3	15	G121e	ULV2_Half	TecanUDI_A_10nt	2.1431	3.1355	26271718	25084074	281932	3012751	3940757700	3715533152	89971551	0.5471	0.538962	0.420138	25084074	25074556	24990296	6513	83095	1510	25077561	24991461	24988786	24987930	20674616	4313314	0.7563	4637218	1066786	14316	137461	5855781	0.1821765533922802	0.7919042737424777	0.9522	0.9562	17.9719	0.04520617951212783	0.02283102840857229	2.479091774660492e-4	0.0031629069709106956	5.747625640622361e-5	0.9511342196958722	0.7869533313352405	0.8242128451702064	0.8273841010439841	Retained By Filtering
M301100	0	1	0	Caecum right	negative	MSEB0011	G121eI103Z	L06	NA	NA	5000	Lid8_Covaris_500639	NA	0	15	G121e	ULV2_Half	TecanUDI_A_10nt	3.3526	0.0792	4419166	2695322	59098	1927157	662874900	396758536	117327576	0.608755	0.514104	0.577108	2695322	2689496	1107750	4824	1570290	517	2690498	1119206	1107233	1107168	159771	947397	0.3556	709149	402212	262	2432	1114055	0.3610342397816984	0.6365475672206489	0.9648	0.9677	15.1568	0.39008355875294115	0.17699806705609158	0.0010916086881551858	0.3553362783837493	1.1699040045112585e-4	0.25053777115410464	0.036154106906144734	0.0592771475912711	0.14430601317957167	Excluded By Filtering
M301101	26	19.072071345008723	3.4753185914017535	Caecum right	positive	MSEB0011	G121eI103B	L06	12319.17926	44720.65106	5000	Lid8_Covaris_500639	Fail	3	15	G121e	ULV2_Half	TecanUDI_A_10nt	8.7943	0.75	28387512	9155046	225466	20013525	4258126800	1345150548	1277450945	0.696199	0.543502	0.665236	9155046	9152044	9066318	1994	85388	322	9153052	9066656	9065996	9065720	7620304	1445416	0.7413	1682229	385648	5057	50255	2123189	0.18163620855232387	0.7923124130729765	0.9656	0.9685	17.297	0.6774974150605378	0.30000303067536643	7.024215436703295e-5	0.0030079423656430336	1.1343015900794688e-5	0.3193559196029578	0.2684386007481036	0.8323610826204478	0.8405624704932427	Retained By Filtering
M301102	72	36.50060313652159	3.864458941961612	Caecum right	positive	MSEB0011	G121eI103B	L06	12501.8438	44533.5578	5000	Lid8_Covaris_500639	Success	1	15	G121e	ULV2_Half	TecanUDI_A_10nt	2.1581	8.27	33159840	31041998	245642	4310660	4973976000	4605213111	163787571	0.53884	0.525087	0.323457	31041998	31034978	31006790	4766	27974	622	31037232	31007004	31006168	31005552	26099082	4906470	0.7412000000000001	5822431	1294648	16048	171223	7304350	0.17724342343945731	0.7971182925243177	0.9456	0.9501	18.0674	0.06386767849302047	0.03292890255200266	1.437280758893891e-4	8.436108256252141e-4	1.875762971112044e-5	0.9350332209081829	0.7870689967140976	0.8407668217748098	0.8417551153419233	Retained By Filtering
M301103	68	37.95341321645606	3.7978340547542904	Caecum right	positive	MSEB0011	G121eI103B	L06	13023.05742	44482.35382	5000	Lid8_Covaris_500639	Success	1	15	G121e	ULV2_Half	TecanUDI_A_10nt	4.2934	6.4889	33167906	29785248	302534	6473316	4975185900	4386413850	270639670	0.548758	0.52723	0.376855	29785248	29765362	29731360	16942	33697	796	29768306	29731665	29730564	29729782	24562581	5167201	0.713	5517174	1287767	15831	168545	6989317	0.1842479029066789	0.7893724093498692	0.9537	0.9576	18.0711	0.10198587755283677	0.05439790099099614	5.107949835603128e-4	0.001015951986839326	2.3999103229489374e-5	0.8963418432264009	0.7405526595498673	0.824655916915649	0.8261944537635695	Retained By Filtering
M301104	67	34.05464868372838	3.8792915368444953	Caecum right	positive	MSEB0011	G121eI103B	L06	13710.84142	44392.89146	5000	Lid8_Covaris_500639	Fail	3	15	G121e	ULV2_Half	TecanUDI_A_10nt	1.3126	11.3306	26165836	25263970	244392	2909765	3924875400	3740624904	80489440	0.531149	0.524865	0.297384	25263970	25255452	25240558	6645	14758	586	25257325	25240694	25239972	25239410	21062392	4177018	0.7484999999999999	4849235	1044173	13124	138369	6044901	0.1727361622630379	0.80220255054632	0.9405	0.9455	18.0294	0.034467310732972566	0.02050751470989372	2.539571065109481e-4	5.640179048741267e-4	2.2395615412402646e-5	0.964594060743941	0.8049577319065976	0.8336928835808466	0.8345041346053652	Retained By Filtering
M301105	0	1	0	Caecum right	negative	MSEB0011	G121eI103M	L06	16993.5878	34877.5106	5000	Lid8_Covaris_500639	Success	3	15	G121e	ULV2_Half	TecanUDI_A_10nt	3.2678	0.0327	1941502	1614012	20878	523281	291225300	236584237	25181334	0.632625	0.609461	0.545453	1614012	1610150	1443926	3551	164106	160	1610461	1446044	1443766	1443700	10970	1432730	0.8092	582796	120906	344	5146	709192	0.17048415661767194	0.821774639307832	0.9689	0.9715	15.1443	0.16867868279301282	0.08646684886237563	0.001828996313163726	0.08452527991215049	8.241042244612676e-5	0.7435995430342075	0.005650264588962566	0.006796727657539101	0.007598531550876221	Excluded By Filtering
M301106	0	1	0	Caecum right	negative	MSEB0011	G121eI103M	L06	11597.64682	36587.30662	5000	Lid8_Covaris_500639	Fail	3	15	G121e	ULV2_Half	TecanUDI_A_10nt	11.1219	0.0696	3501552	241002	42004	3233260	525232800	34335389	212505735	0.753108	0.506044	0.625214	241002	209894	161882	29328	47584	182	211674	162310	161700	161668	93104	68564	0.3902000000000001	41738	38764	81	759	81342	0.47655577684345113	0.5131174546974503	0.7663	0.784	14.9182	0.9311728056587479	0.40459342028906037	0.008375714540295275	0.01358940264202845	5.197695193445649e-5	0.046170383875492924	0.026589352378602403	0.38632044547348154	0.5758962812677834	Excluded By Filtering
M301107	66	35.97738560843718	3.7549115430069917	Caecum right	positive	MSEB0011	G121eI103B	L06	13633.29236	44858.87476	5000	Lid8_Covaris_500639	Success	2	15	G121e	ULV2_Half	TecanUDI_A_10nt	6.9024	2.1121	25019926	23226990	205702	3350713	3752988900	3443715841	132885310	0.54275	0.527477	0.307828	23226990	23044922	23030084	178064	14708	572	23048926	23030214	23029512	23029050	19380798	3648252	0.7545999999999999	4348189	1012070	12093	129484	5501836	0.1839513209772156	0.7903159963328605	0.9315	0.9372	18.04	0.07166032385547423	0.03540786118498778	0.007116887555942412	5.878514588732197e-4	2.2861778248265003e-5	0.9204283817625999	0.7746145212419893	0.8344085049332695	0.841580438619917	Retained By Filtering
M301108	0	1	0	Caecum right	negative	MSEB0011	G121eI103R	NA	NA	NA	NA	Lid8_Covaris_500639	NA	0	15	G121e	ULV2_Half	TecanUDI_A_10nt	4.4407	4e-4	588604	9192	3674	573421	88290600	1240392	38712330	0.772837	0.473883	0.533401	9192	9168	3340	22	5810	0	9170	3358	3340	3340	54	3286	NA	2533	1313	4	0	3850	0.34103896103896103	0.6579220779220779	0.4837	0.5149	12.0542	0.9843833884920932	0.43846491019429024	3.737657236444197e-5	0.009870812974427629	0	0.00567444325896528	9.174249580363028e-5	0.00587467362924282	0.016167664670658683	Excluded By Filtering
M301109	69	35.86171555412201	3.903294642764982	Caecum right	positive	MSEB0011	G121eI103B	L06	13541.1964	44647.51882	5000	Lid8_Covaris_500639	Success	2	15	G121e	ULV2_Half	TecanUDI_A_10nt	7.9293	1.9098	23741204	20699148	203498	4331696	3561180600	3068266893	217790728	0.549291	0.519613	0.266319	20699148	20683188	20672928	14089	10170	453	20685059	20673018	20672475	20672036	17200321	3471715	0.7456999999999999	3930209	864030	9662	113018	4916919	0.1757258966438129	0.7993235194641197	0.9202	0.9267	18.0906	0.1281340238683767	0.061156889375394215	5.9344083813104e-4	4.283691762220652e-4	1.908075091726603e-5	0.8707239952952681	0.7244923635717885	0.8309675837865403	0.832057422887615	Retained By Filtering
M301110	60	34.323060725250734	3.869551766310497	Caecum right	positive	MSEB0011	G121eI103B	L06	13281.63628	44666.1088	5000	Lid8_Covaris_500639	Success	1	15	G121e	ULV2_Half	TecanUDI_A_10nt	3.3538	0.6034	19829154	18279648	179852	2901875	2974373100	2706495943	115251165	0.546673	0.528557	0.419548	18279648	18214862	18200260	62423	14456	495	18217225	18200406	18199765	18199316	15093733	3105583	0.7395999999999999	3456586	771317	8986	99894	4336783	0.17785464479085072	0.7970391878034939	0.9438	0.9485	17.9398	0.0781428194062137	0.03874805248877486	0.003148041515033874	7.290275722302626e-4	2.4963243515078858e-5	0.9178059739714564	0.7611889544052157	0.8257124535439632	0.8293571582580357	Retained By Filtering
M301111	65	37.27749026228531	3.7227449740253755	Caecum right	positive	MSEB0011	G121eI103B	L06	13040.33044	43338.47688	5000	Lid8_Covaris_500639	Success	3	15	G121e	ULV2_Half	TecanUDI_A_10nt	1.9077	0.8682	25471646	24222056	246982	3781549	3820746900	3568496273	117510672	0.546372	0.537276	0.347805	24222056	24211052	24201350	8565	9590	695	24213491	24201462	24200655	24199968	20225101	3974867	0.7299	4393322	1009324	13348	136771	5552765	0.18176962288157344	0.7911953774380871	0.9429	0.9477	18.0362	0.04905807814697173	0.030755942509565343	3.3625624351092193e-4	3.7649706658140586e-4	2.728524100876716e-5	0.950074761560364	0.7940241082182126	0.8349869639472388	0.8357490803293625	Retained By Filtering
M301112	67	35.99397459457943	3.936981275418035	Caecum right	positive	MSEB0011	G121eI103B	L06	13151.9587	43153.52698	5000	Lid8_Covaris_500639	Success	1	15	G121e	ULV2_Half	TecanUDI_A_10nt	8.3446	1.1169	19722182	17549780	173690	3701146	2958327300	2590915063	164090484	0.54969	0.523473	0.267739	17549780	17508836	17498732	38359	9996	611	17511421	17498840	17498121	17497532	14611646	2885886	0.7654000000000001	3354017	758648	9172	94937	4216774	0.17991194216242085	0.7953988048683662	0.9086	0.9161	18.1132	0.11015018520770166	0.055467318981236455	0.0019449673469193215	5.068404702887338e-4	3.098034487259067e-5	0.8872006150232261	0.7408737025142552	0.8325828585885408	0.8350689685836837	Retained By Filtering
M301113	57	35.57755567998577	3.7300079811087454	Caecum right	positive	MSEB0011	G121eI103B	L06	12510.86872	42698.96012	5000	Lid8_Covaris_500639	Success	1	15	G121e	ULV2_Half	TecanUDI_A_10nt	3.289	0.2891	11105356	9906500	117606	2077125	1665803400	1460559208	87645215	0.565496	0.54187	0.253685	9906500	9902386	9896522	2118	5745	569	9904382	9896641	9895953	9895388	8265915	1629473	0.737	1829627	402304	5799	55399	2293129	0.17543888721480563	0.7978735605367164	0.8689	0.8794999999999998	18.0845	0.10795295531273379	0.05261438114485779	1.907187847017241e-4	5.173179500053848e-4	5.123653847746979e-5	0.8910464464173864	0.7443178768875126	0.8343930752536214	0.835330054768949	Retained By Filtering
M301114	2	1.9353356473186831	1.0343512522926812	Caecum right	positive	MSEB0011	G121eI103B	L06	13631.57	42206.48658	5000	Lid8_Covaris_500639	Success	1	15	G121e	ULV2_Half	TecanUDI_A_10nt	1.3685	0.0028	2222978	2033332	22246	465927	333446700	297240361	17446015	0.533051	0.513457	0.601939	2033332	1914764	1748224	117353	165796	141	1915979	1748968	1748083	1748024	1316806	431218	0.6498	347144	200258	952	12783	561137	0.35687897964311743	0.6186439318740343	0.969	0.9716	15.4441	0.08531168549576289	0.0523202508826748	0.05279089581633287	0.07458283437802803	6.342842799164004e-5	0.7863433646216922	0.5923612379429756	0.6476099328589724	0.7533111673523933	Retained By Filtering
M301115	71	36.83657326360973	3.8870150141910593	Caecum right	positive	MSEB0011	G121eI103B	L06	13080.97598	42296.17508	5000	Lid8_Covaris_500639	Success	1	15	G121e	ULV2_Half	TecanUDI_A_10nt	1.1641	11.3053	33925248	33058434	280984	3338271	5088787200	4900914443	80963275	0.537456	0.533243	0.313858	33058434	33051424	33030674	3931	20557	863	33054503	33030867	33029811	33028962	27606230	5422732	0.7432	6276297	1343891	18194	178177	7816559	0.17192872208858145	0.8029488423230734	0.9492	0.9534	18.0788	0.0255507048909414	0.015910131789358375	1.1587240276032764e-4	6.059498813391136e-4	2.5438281247052343e-5	0.9735805615923574	0.8137370138016382	0.8350737364026378	0.835818879200624	Retained By Filtering
M301116	71	33.56201473417553	3.982864159933278	Caecum right	positive	MSEB0011	G121eI103B	L06	12969.70154	35753.32826	NA	Lid8_Covaris_500639	Success	2	15	G121e	ULV2_Half	TecanUDI_A_10nt	1.4354	6.126	26333916	25491118	231408	2275301	3950087400	3783022026	64999451	0.531203	0.52518	0.291316	25491118	25480408	25446792	7241	32763	1083	25483877	25447645	25445709	25444820	21141011	4303809	0.7748999999999999	4970258	1044361	12819	136668	6164106	0.16942619091884534	0.8063226037968847	0.9348	0.9402	18.0502	0.03200427919645525	0.01645519311800544	2.7496859942896453e-4	0.0012441370284616993	4.112567230790893e-5	0.9662376078058424	0.8028054391910417	0.8293481282382358	0.830857164640976	Retained By Filtering
M301117	1	1	1	Caecum right	negative	MSEB0011	G121eI103Z	L06	NA	NA	5000	Lid8_Covaris_500639	NA	0	15	G121e	ULV2_Half	TecanUDI_A_10nt	1.9704	0.0566	3161358	2847318	37218	528723	474203700	420681941	23030513	0.558067	0.536659	0.552997	2847318	2827248	1616102	18964	1203398	254	2828354	1623850	1615848	1615794	504864	1110930	0.5144	566152	519647	676	4554	1091029	0.4762907310438127	0.5189156291904248	0.9508	0.9549	15.862	0.09933705704953377	0.048566708779370554	0.00599868790564055	0.3806585650850046	8.034521873195001e-5	0.5111075683298127	0.15969845870034333	0.1773121231980411	0.31245567194828056	Retained By Filtering
M301118	70	36.926641869558665	3.900114521865739	Caecum right	positive	MSEB0011	G121eI103B	L06	12457.57142	41700.46782	5000	Lid8_Covaris_500639	Success	1	15	G121e	ULV2_Half	TecanUDI_A_10nt	4.5034	8.8629	22147196	19747784	198676	3380521	3322079400	2933671232	158211257	0.556917	0.531518	0.278689	19747784	19743202	19737118	2488	5978	659	19745296	19737224	19736459	19735822	16744058	2991764	0.7743000000000001	3753596	788427	10459	109902	4662384	0.16910383185940928	0.8050808341826842	0.9171	0.924	18.0731	0.10833931302183807	0.04762416485289304	1.1233927762232294e-4	2.699213029044399e-4	2.9755459788227818e-5	0.8911205734576964	0.7560351206536484	0.8478955410895723	0.8484094556588522	Retained By Filtering
M301119	68	34.74998677805627	3.946064060921196	Caecum right	positive	MSEB0011	G121eI103B	L06	12977.85504	35614.71876	5000	Lid8_Covaris_500639	Fail	3	15	G121e	ULV2_Half	TecanUDI_A_10nt	2.1207	7.7207	23442376	22403326	190922	2576536	3516356400	3321693493	84489501	0.534712	0.525337	0.31393	22403326	22395688	22382652	5602	12839	550	22397724	22382849	22382102	22381562	18728984	3652578	0.7481	4343377	916313	11020	119985	5390695	0.16998049416633662	0.8057174445966615	0.9323	0.9379	18.0373	0.044323578804469306	0.024027570413510984	2.389689509288649e-4	5.4768339182001e-4	2.346178561422272e-5	0.9547480170098799	0.7989371043276501	0.8359912273740069	0.83680415156011	Retained By Filtering
M301120	0	1	0	Caecum right	negative	MSEB0011	G121eI103M	L06	13048.62742	35856.71464	5000	Lid8_Covaris_500639	Fail	3	15	G121e	ULV2_Half	TecanUDI_A_10nt	1.1604	0.0102	880874	784826	9574	178655	132131100	115200968	7811989	0.507092	0.477247	0.572904	784826	407076	315056	374893	91747	63	409933	315329	314993	314984	127637	187347	0.2988	213605	80806	177	6771	301359	0.2681386651800676	0.7088057764991256	0.9514	0.9555	14.162	0.10903716081982213	0.059123014945005374	0.42559208240906193	0.10415451017966247	7.151987684958348e-5	0.3575812204696699	0.14489813526111567	0.16263095259331367	0.40521740786833615	Excluded By Filtering
M301121	64	36.62114910552651	3.9016441616993234	Caecum right	positive	MSEB0011	G121eI103B	L06	12499.86962	41448.0727	5000	Lid8_Covaris_500639	Success	2	15	G121e	ULV2_Half	TecanUDI_A_10nt	2.405	7.3735	19154916	18218620	212486	2444532	2873237400	2692415408	73103341	0.543013	0.533515	0.304023	18218620	18212594	18193670	3479	18731	762	18215141	18193863	18192908	18192154	15149982	3042172	0.7365	3355578	776163	9968	100703	4242412	0.18295323509362127	0.7909599539130099	0.9239	0.9302	18.0762	0.04888019347096067	0.02544284750017524	1.8162439344552594e-4	9.778690754895505e-4	3.97809105505866e-5	0.9497381246673178	0.7909187385629882	0.8315658375881378	0.8327756020535007	Retained By Filtering
M301122	71	37.23603623775522	3.97024642950649	Caecum right	positive	MSEB0011	G121eI103B	L06	14229.86	42725.75	5000	Lid8_Covaris_500639	Success	3	15	G121e	ULV2_Half	TecanUDI_A_10nt	2.288	4.4048	24380678	23651652	185238	3234469	3657101700	3490248874	82947630	0.532389	0.52642	0.246946	23651652	23611430	23596782	37621	14498	568	23614031	23596932	23596214	23595676	19671279	3924397	0.7048000000000001	4442065	1031635	12215	131047	5616962	0.18366422988085015	0.790830523688784	0.9251	0.9313	18.1305	0.02990179354323124	0.02268124783076172	0.0015430661936472808	5.946512233991196e-4	2.329713718379776e-5	0.9678022899937401	0.8068388828235211	0.831708457405005	0.8336815185968819	Retained By Filtering
M301123	5	4.822656113102853	2.253975249606592	Caecum right	negative	MSEB0011	G121eI103Z	L06	NA	NA	5000	Lid8_Covaris_500639	NA	0	15	G121e	ULV2_Half	TecanUDI_A_10nt	4.1203	0.0022	1488128	1073430	15882	538182	223219200	157430446	29298506	0.594857	0.528161	0.510996	1073430	1063908	965502	9279	97662	104	1064151	966246	965398	965374	761624	203750	0.6088	185408	85382	516	5360	276666	0.308610382193692	0.6701510124120781	0.8844	0.89380000000000015	16.0716	0.2786709207810081	0.1312544171827513	0.006235350722518493	0.06562741914674007	6.988646137966627e-5	0.6487170458455187	0.5118000602098745	0.7095236764390784	0.788941902309364	Retained By Filtering
M301124	71	36.532622460675896	3.8242003435478917	Caecum right	positive	MSEB0011	G121eI103B	L06	14717.12	42766.6	5000	Lid8_Covaris_500639	Success	1	15	G121e	ULV2_Half	TecanUDI_A_10nt	1.5798	7.7087	23046826	22521398	177876	2423410	3457023900	3336186405	57562671	0.526112	0.522198	0.184272	22521398	22516782	22503530	3293	13098	388	22518105	22503684	22503142	22502782	18818038	3684744	0.7178	4213659	971692	11543	121057	5317951	0.18271924656695784	0.7923463379034519	0.9185	0.9252	18.136	0.022798280335869243	0.016650932323609334	1.4288301564822852e-4	5.683212083086842e-4	1.6835290030826806e-5	0.9763939728620331	0.8165132153121649	0.8355626058382344	0.8362538463022039	Retained By Filtering
M301125	68	36.130357193513554	3.2866601875794674	Caecum right	positive	MSEB0011	G121eI103B	L06	13304.64	42759.7	NA	Lid8_Covaris_500639	Success	2	15	G121e	ULV2_Half	TecanUDI_A_10nt	4.2872	0.9728	68674990	64914356	625636	13069988	10301248500	9495655736	417320640	0.55377	0.543909	0.464714	64914356	64893726	64731118	14554	156420	1835	64899802	64737306	64729283	64727684	55374949	9352735	0.6825	11735317	2735704	38815	367214	14877050	0.1838875314662517	0.7888201625994401	0.9798	0.9816	17.8296	0.05475987692171488	0.04051165642688845	2.119257680270503e-4	0.002277685078658184	2.6720062136157573e-5	0.9425219282885953	0.8063335575294587	0.8530462660678634	0.8555064166979928	Retained By Filtering
M301126	65	37.477690437575085	3.5657309261562644	Caecum right	positive	MSEB0011	G121eI103B	L06	15562.84	42066.7	5000	Lid8_Covaris_500639	Success	1	15	G121e	ULV2_Half	TecanUDI_A_10nt	3.7132	7.1025	17958320	17395142	182564	1818073	2693748000	2577200156	44955024	0.54569	0.540455	0.141917	17395142	17390444	17381838	2610	8469	602	17392532	17381975	17381236	17380646	14652159	2728487	0.7365999999999999	3180952	703562	9572	99916	3994002	0.17615464388851082	0.7964322501591136	0.8904	0.8994	18.1679	0.03136028314452577	0.016688652390646787	1.4533653482062911e-4	4.715919974696965e-4	3.352206665211445e-5	0.9678325144000107	0.8158980906899977	0.8423132734415161	0.8430157889413317	Retained By Filtering
M301127	0	1	0	Caecum right	negative	MSEB0011	G121eI103M	L06	15335.43596	28384.64104	5000	Lid8_Covaris_500639	Success	2	15	G121e	ULV2_Half	TecanUDI_A_10nt	2.0895	0.0074	507654	406878	5640	140147	76148100	59882296	7321972	0.565542	0.518893	0.420574	406878	394182	320262	12479	73535	62	394399	320647	320200	320194	187392	132802	0.5487	80915	47728	133	1708	130484	0.3657766469452194	0.6201143435210448	0.7875	0.8038	15.4902	0.198513160538477	0.09615436235441199	0.024581703286096435	0.14485259645348997	1.2213042741709905e-4	0.6307327431675905	0.36913330733137134	0.4605606594605754	0.5852451951004704	Excluded By Filtering
M301128	71	37.704264958640614	3.92118646143086	Caecum right	positive	MSEB0011	G121eI103B	L06	10906.64	42413.2	5000	Lid8_Covaris_500639	Success	1	15	G121e	ULV2_Half	TecanUDI_A_10nt	1.4513	1.9054	25184944	24569030	171060	2440728	3777741600	3642097223	60364309	0.531932	0.527283	0.243081	24569030	24544582	24526078	21135	18276	747	24547895	24526306	24525331	24524624	20499033	4025591	0.7556999999999999	4656198	1035343	12868	131812	5836221	0.17739955358099016	0.797810432469915	0.9281	0.934	18.107	0.02445564302227553	0.015978940698326217	8.391918600255772e-4	7.256716552556163e-4	2.966057816130145e-5	0.9737811606807623	0.813939987319408	0.8343444165276366	0.8358551389003966	Retained By Filtering
M301129	36	24.899280753997342	3.820779794534947	Caecum right	positive	MSEB0011	G121eI103B	L06	11690.68	42522.6	5000	Lid8_Covaris_500639	Success	1	15	G121e	ULV2_Half	TecanUDI_A_10nt	6.0329	0.4871	9254928	8224240	149600	1521324	1388239200	1216433765	68338157	0.531991	0.504599	0.401346	8224240	8221244	8173562	1679	47394	381	8222561	8173850	8173181	8172832	5854907	2317925	0.6912	1629196	434187	3769	46051	2113203	0.2054639331857848	0.7709604803703194	0.9134	0.9206	17.7305	0.11136639852843803	0.049226500015271145	1.814168624542514e-4	0.005120947456317327	4.116725705483608e-5	0.8830789391338323	0.6326258832051421	0.7119085775706935	0.7163865597628827	Retained By Filtering
M301130	73	37.92417141734348	3.975174461604158	Caecum right	positive	MSEB0011	G121eI103B	L06	14945.84	42194.65	5000	Lid8_Covaris_500639	Success	3	15	G121e	ULV2_Half	TecanUDI_A_10nt	0.8439	34.2465	23165096	22405908	175994	2173965	3474764400	3330031337	61979545	0.526481	0.519729	0.173301	22405908	22283712	22056898	119423	225173	1569	22286485	22058539	22055329	22054954	17968963	4085991	0.7139	4335613	1090021	10371	123589	5559594	0.19606125914949904	0.7798434561948229	0.9042	0.912	18.2558	0.032772926993266074	0.0178370496140688	0.005155299162153267	0.009720356867936139	6.773121078367213e-5	0.9520769523251706	0.7756912814002583	0.8019743274854114	0.8147359092202142	Retained By Filtering
M301131	0	1	0	Caecum right	positive	MSEB0011	G121eI103B	L06	14341.22	41847.55	5000	Lid8_Covaris_500639	Success	1	15	G121e	ULV2_Half	TecanUDI_A_10nt	9.9894	3.9811	31504436	17038	2139646	27537217	4725665400	1735803	1833026127	0.781069	0.603866	0.627375	17038	15912	15792	565	72	163	16473	15840	15629	15466	82	15384	NA	5698	78	1267	0	7043	0.01107482606843674	0.8090302427942638	0.9937	0.9943	0	0.9994591872712782	0.3878874130614495	1.793398237632313e-5	2.285392444416399e-6	5.173874561664903e-6	4.909149936853337e-4	2.6028080616964544e-6	0.004812771452048363	0.005301952670373723	Excluded By Filtering
M301132	0	1	0	Caecum right	negative	MSEB0011	G121eI103M	L06	8057.52	51315.15	5000	Lid8_Covaris_500639	Success	2	15	G121e	ULV2_Half	TecanUDI_A_10nt	2.6226	0.0326	4046298	3515126	47772	1144879	606944700	513211178	46248388	0.553243	0.527278	0.576031	3515126	3452828	548326	60691	2879378	351	3454435	573450	547975	547942	67464	480478	0.0783	1176815	177673	407	948	1355843	0.13104245845573564	0.867958163297668	0.969	0.9716	14.3448	0.13127357401753406	0.07619868498728138	0.014999142425990375	0.7116079932817603	8.674595889872668e-5	0.13541810316491765	0.016673018151406545	0.01919248413854866	0.12312252026674356	Excluded By Filtering
M301133	70	36.694512720895844	3.999566049060207	Caecum right	positive	MSEB0011	G121eI103B	L06	14668.4	42279.7	5000	Lid8_Covaris_500639	Success	1	15	G121e	ULV2_Half	TecanUDI_A_10nt	0.703	9.4113	26403146	25333958	212340	2782859	3960471900	3760657683	85037865	0.534206	0.525885	0.348024	25333958	25328096	25316040	4235	11923	530	25329723	25316173	25315510	25314990	21275255	4039735	0.7645000000000001	4879711	1027903	12743	139115	6059472	0.16963573723915218	0.8053030032979771	0.941	0.9459	18.0618	0.040494719833765264	0.02147164962841928	1.6039755262497885e-4	4.515749751942439e-4	2.0073365499702196e-5	0.9587868809269926	0.8057848485176728	0.8397919898659341	0.8404212286870348	Retained By Filtering
M301134	12	11.048178659871121	2.9220217246853593	Caecum right	positive	MSEB0011	G121eI103B	L06	12166.2	41465.1	5000	Lid8_Covaris_500639	Fail	3	15	G121e	ULV2_Half	TecanUDI_A_10nt	0.7149	0.0593	6469754	6112806	58284	948675	970463100	902094076	31848372	0.547246	0.536425	0.644922	6112806	6111208	5886240	1077	224149	291	6111729	5887059	5885949	5885792	4805183	1080609	0.7221	1130267	319311	3302	32078	1484958	0.21503032408997427	0.7611440862300483	0.9795	0.9812	16.4005	0.05517180405931972	0.03281770527905698	1.6646691667102025e-4	0.034645675863409955	4.497852623144559e-5	0.9097396902571566	0.7427149471216371	0.7860846557211205	0.8164038076778792	Retained By Filtering
M301135	0	1	0	Caecum right	negative	MSEB0011	G121eI103R	NA	NA	NA	5000	Lid8_Covaris_500639	NA	0	15	G121e	ULV2_Half	TecanUDI_A_10nt	1.1279	0.0174	798362	50602	23264	662384	119754300	6962095	43670159	0.753853	0.488074	0.547368	50602	50206	21526	240	28518	48	50362	21688	21478	21430	406	21024	NA	12940	8049	9	14	21012	0.383066818960594	0.6158385684370836	0.9151	0.9221	11.3006	0.9366177247915106	0.3646646425222309	3.006155102572517e-4	0.03572063800631794	6.0123102051450346e-5	0.026842459936720436	5.085412381851842e-4	0.00802339828465278	0.01894540363975735	Excluded By Filtering
M301136	66	38.290149234136045	3.7404033653815136	Caecum right	positive	MSEB0011	G121eI103B	L06	14282.14	42176.65	5000	Lid8_Covaris_500639	Success	1	15	G121e	ULV2_Half	TecanUDI_A_10nt	0.9108	14.6407	21594088	20647974	208662	2841935	3239113200	3051152487	83358039	0.549886	0.542002	0.259623	20647974	20644290	20635066	1934	9141	523	20646040	20635149	20634543	20634032	17082534	3551498	0.7456999999999999	3767904	828568	11524	114281	4722277	0.1754594234942169	0.7978998267149513	0.92	0.9266	18.1335	0.04381356600936331	0.02573483353406729	8.956155036508141e-5	4.2331030604302435e-4	2.4219591954983234e-5	0.9555407943137029	0.7910745755968023	0.8273225256870238	0.827881530861249	Retained By Filtering
M301137	62	36.786615660873835	3.776804216391275	Caecum right	positive	MSEB0011	G121eI103B	L06	14050.32	41556.2	5000	Lid8_Covaris_500639	Success	1	15	G121e	ULV2_Half	TecanUDI_A_10nt	1.0993	14.0246	22259000	21536114	186310	3334445	3338850000	3167237162	88108723	0.547437	0.542024	0.313326	21536114	21532412	21522652	1936	9663	465	21534178	21522749	21522187	21521722	18051498	3470224	0.711	4001888	874669	12583	115730	5004870	0.17476358027281427	0.7995987907777824	0.9334	0.9389	18.0608	0.03247612201806011	0.026388943199005647	8.697605462958803e-5	4.341165371310481e-4	2.089042634440002e-5	0.9668773080551687	0.8109752459679231	0.8381966217303641	0.8387571403440672	Retained By Filtering
M301138	5	4.605730721350677	1.3862305851765877	Caecum right	negative	MSEB0011	G103bI301M	L06	41589.50154	35250.35292	NA	Lid8_Covaris_500639	Success	2	15	G103b	ULV2_Half	TecanUDI_A_10nt	1.0996	0.0672	3863706	3674586	38718	664836	579555900	539123486	20135198	0.536887	0.52737	0.612097	3674586	3666914	3392650	7174	272694	413	3667412	3394220	3392237	3392138	2319424	1072714	0.6364	713509	268567	1776	23438	1007290	0.26662331602616923	0.7083451637562171	0.9748	0.977	16.033	0.04894782366981339	0.03474246056333824	0.0018567665345137544	0.07057835145841843	1.0689219107250914e-4	0.877949305666632	0.6003106861650447	0.631206889701316	0.683764634575598	Retained By Filtering
M301139	37	21.837455029747964	2.6314674630531854	Caecum right	positive	MSEB0011	G103bI301B	L06	41584.2833	35150.22794	NA	Lid8_Covaris_500639	Success	1	15	G103b	ULV2_Half	TecanUDI_A_10nt	1.5476	6.2213	23044788	21789418	245438	2995505	3456718200	3224481535	94276849	0.530097	0.518444	0.36172	21789418	21778940	21747884	7178	30872	925	21782240	21748068	21746959	21746052	18114834	3631218	0.688	3804199	1110721	10208	176092	5101220	0.21773634542325168	0.7457429791304825	0.9653	0.9683	17.2679	0.054475224506296174	0.02727351306797297	3.114804093663175e-4	0.0013396521590912445	4.0139228011123386e-5	0.9436429616970223	0.786070759253676	0.8313592405267548	0.8330171380073955	Retained By Filtering
M301140	8	6.865258358078752	1.638061911231336	Caecum right	positive	MSEB0011	G103bI301B	L06	41387.29474	35170.77476	5000	Lid8_Covaris_500639	Fail	3	15	G103b	ULV2_Half	TecanUDI_A_10nt	0.4169	0.1572	8199558	7874752	72698	757138	1229933700	1170351224	22930077	0.522845	0.514363	0.664268	7874752	7729354	7639254	142830	89696	422	7731922	7639658	7638832	7638592	6365363	1273229	0.6657	1402878	456108	3157	58756	1920899	0.23744507129213976	0.7303236661583977	0.9862	0.9873	16.1519	0.039612623021875085	0.01864334394610051	0.017419231621997187	0.010939126230950497	5.1466188787249266e-5	0.9315858245041989	0.7763056252544345	0.8083255193306406	0.8333162708520104	Retained By Filtering
M301141	38	22.533357438814452	2.6715632269737095	Caecum right	positive	MSEB0011	G103bI301B	L06	44348.5587	44543.93558	5000	Lid8_Covaris_500639	Success	1	15	G103b	ULV2_Half	TecanUDI_A_10nt	0.6151	7.3739	25554856	24508116	254188	2923019	3833228400	3631916381	78975900	0.528431	0.519826	0.410684	24508116	24489046	24428378	15812	60046	1014	24492304	24429000	24427364	24426464	20810594	3615870	0.7051999999999999	4378480	1140032	12154	193448	5724114	0.19916304951299013	0.7649183786346673	0.9761	0.9781	17.2332	0.040960512553856694	0.020602972679634745	6.187473723193744e-4	0.002349690407177407	3.967934704856095e-5	0.955844321721085	0.8143498832472388	0.8491307124546007	0.8519691593511037	Retained By Filtering
M301142	12	10.534899632915792	1.935893304408437	Caecum right	positive	MSEB0011	G103bI301B	L06	44260.82704	44473.81548	5000	Lid8_Covaris_500639	Fail	3	15	G103b	ULV2_Half	TecanUDI_A_10nt	0.5372	0.1125	10003650	9676738	100022	1149153	1500547500	1432188246	28540524	0.534182	0.528481	0.65656	9676738	9582396	9283462	90068	297221	525	9586670	9285175	9282937	9282618	7460961	1821657	0.6907	1786411	560007	4701	71905	2423024	0.23111904793349136	0.7372650869326923	0.9877	0.9888	16.3228	0.03267927206569602	0.019020073673109317	0.009003513717493115	0.029711255391781998	5.248084449176051e-5	0.9279231080655561	0.7458238742858857	0.7710202549660846	0.8037561170781777	Retained By Filtering
M301143	38	21.859086623324522	2.6436426407163154	Caecum right	positive	MSEB0011	G103bI301B	L06	44313.13558	45603.66776	5000	Lid8_Covaris_500639	Success	1	15	G103b	ULV2_Half	TecanUDI_A_10nt	0.5728	14.5012	25415352	24688146	262238	1484842	3812302800	3680805030	37891454	0.523604	0.518628	0.250347	24688146	24596634	24569608	87864	26649	743	24600282	24569985	24568865	24568154	20931053	3637101	0.7655	4455053	1120240	10746	203854	5789893	0.19348198662738672	0.7694534251323816	0.9686	0.9713	17.2732	0.028612863595200256	0.009939256136737093	0.003457123080569571	0.0010485394811765739	2.9234299017381305e-5	0.9666658954792363	0.8235594376186488	0.8478179365919174	0.8519587185915556	Retained By Filtering
M301144	38	21.377645312261624	2.7074227854622857	Caecum right	positive	MSEB0011	G103bI301B	L06	NA	NA	NA	Lid8_Covaris_500639	Success	1	15	G103b	ULV2_Half	TecanUDI_A_10nt	1.1089	5.5837	22040448	21410494	158744	2744482	3306067200	3164865200	65907795	0.516216	0.510101	0.335931	21410494	21402960	21381098	5317	21699	848	21405177	21381261	21380250	21379612	18049111	3330501	0.6673	3770556	1059225	10195	169317	5009293	0.21145199532149547	0.7527122090881887	0.967	0.9698	17.1932	0.028581723928660614	0.019935406939096702	2.4123829061913806e-4	9.845081188912313e-4	3.847471702934532e-5	0.9700171248787683	0.8189085357974575	0.8430030152503721	0.8442206996085804	Retained By Filtering
M301145	0	1	0	Caecum right	negative	MSEB0011	G103bI301Z	L06	NA	NA	NA	Lid8_Covaris_500639	NA	0	15	G103b	ULV2_Half	TecanUDI_A_10nt	1.2156	0.0102	807632	735684	10864	208919	121144800	106432287	7615276	0.534603	0.514083	0.542215	735684	523356	334822	209890	186720	164	525794	336636	334658	334638	109715	224923	0.1489	189466	82402	297	1346	273511	0.30127490302035387	0.6927180259660489	0.9394	0.9445	14.2724	0.08908512788002457	0.06286093996605714	0.2598832141371318	0.23119440537274402	2.030627810686055e-4	0.41434465201973175	0.13584776234720763	0.1491333235465227	0.3278617491139679	Excluded By Filtering
M301146	22	16.222126241282037	2.3693783894299707	Caecum right	positive	MSEB0011	G103bI301B	L06	42483.72466	45618.07238	5000	Lid8_Covaris_500639	Success	2	15	G103b	ULV2_Half	TecanUDI_A_10nt	2.9028	0.6711	20869540	19575232	216226	3801812	3130431000	2873595684	124492170	0.545722	0.53302	0.608755	19575232	19538646	15508830	32797	3998022	2117	19542435	15540624	15506713	15506180	9420066	6086114	0.5483	3850683	2250101	6397	103970	6211151	0.3622679596744629	0.6199628700058974	0.9841	0.9855	17.0273	0.062018999939624925	0.039768380136792666	0.0015715248155924854	0.1915721189829771	1.014397059063113e-4	0.743005356131472	0.45137870791593876	0.4812237218950968	0.6075039758341513	Retained By Filtering
M301147	0	1	0	Caecum right	negative	MSEB0011	G103bI301R	NA	NA	NA	NA	Lid8_Covaris_500639	NA	0	15	G103b	ULV2_Half	TecanUDI_A_10nt	9.4458	0.3274	5427462	23426	130324	5266326	814119300	3220357	359254413	0.771114	0.480094	0.646053	23426	23356	8384	54	14859	12	23372	8497	8372	8362	249	8113	NA	6389	3120	2	17	9528	0.327455919395466	0.6705499580184718	0.7136	0.7346	11.9283	0.9956838021159798	0.44127981365875985	9.949401764581677e-6	0.0027377437188873914	2.2109781699070393e-6	0.0015406832880635554	4.5877797025571066e-5	0.01062921540169043	0.029777565175795263	Excluded By Filtering
M301148	13	10.318724827486857	1.8241856923073143	Caecum right	positive	MSEB0011	G103bI301B	L06	44087.13462	45539.00096	5000	Lid8_Covaris_500639	Fail	3	15	G103b	ULV2_Half	TecanUDI_A_10nt	5.8615	0.0842	6720474	5793540	52478	1357092	1008071100	857648116	66988656	0.540065	0.506692	0.55787	5793540	5790936	5754040	1540	36689	377	5792000	5754247	5753663	5753372	4125596	1627776	0.6873999999999999	1003849	300337	2328	39712	1346226	0.22309552779399597	0.7456764317432586	0.9711	0.9735	16.7012	0.13792687837197198	0.06645231273865504	2.2915050337223236e-4	0.005459287544301191	5.6097233617747795e-5	0.856096162264745	0.613884675396408	0.7121027903492511	0.7170744391289143	Retained By Filtering
M301149	5	4.656947137954871	1.4024022582464042	Caecum right	positive	MSEB0011	G103bI301B	L06	42492.53044	45596.87328	5000	Lid8_Covaris_500639	Success	2	15	G103b	ULV2_Half	TecanUDI_A_10nt	4.407	0.0677	2345602	1797416	26172	715125	351840300	264686483	38367955	0.58084	0.525576	0.494916	1797416	1787408	1747946	9540	39159	110	1787876	1748249	1747836	1747742	1390567	357175	0.6597	320200	102273	795	13286	436554	0.23427342321912065	0.7334716896420603	0.9153	0.9223	16.3062	0.23370802037174251	0.10904934710435388	0.004067186163722575	0.016694648111657478	4.68962765209102e-5	0.7451144738109875	0.5928401322986594	0.7736478366722005	0.7956363124534399	Retained By Filtering
M301150	0	1	0	Caecum right	negative	MSEB0011	G103bI301M	L06	44216.38606	45382.45376	5000	Lid8_Covaris_500639	Success	1	15	G103b	ULV2_Half	TecanUDI_A_10nt	2.4618	0	547422	310694	4784	293335	82113300	44980489	16175829	0.638103	0.533687	0.462722	310694	309204	197872	1392	110478	467	309302	198726	197405	197378	30325	167053	0.4418	75267	52181	53	865	128366	0.4065017216396865	0.5863468519701479	0.7842	0.8007	15.0113	0.4324415167822996	0.19699401923927062	0.002542828019334261	0.20181505310345582	8.530895725783764e-4	0.36055912988517086	0.05539601988959158	0.09760407346134782	0.15363921004367254	Excluded By Filtering
M301151	12	9.561092203034551	1.6879601104060498	Caecum right	positive	MSEB0011	G103bI301B	L06	42745.32004	45490.4061	5000	Lid8_Covaris_500639	Success	2	15	G103b	ULV2_Half	TecanUDI_A_10nt	4.3207	0.1831	5460564	4727898	60036	1157015	819084600	697254285	53050018	0.551161	0.518868	0.563603	4727898	4721874	4565158	5129	155611	434	4722769	4566263	4564724	4564532	3489035	1075497	0.6983	910121	279394	1987	35827	1227329	0.22764393247450357	0.7415460728134021	0.9629	0.966	16.5086	0.1341740523506363	0.06476744648843355	9.392802648224616e-4	0.02849723947929188	7.947896957164132e-5	0.8359085251999611	0.6389513976944506	0.7379674857621716	0.7643795683763418	Retained By Filtering
M301152	35	21.31700000546769	2.7026924763724103	Caecum right	positive	MSEB0011	G103bI301B	L06	43798.06962	45509.64836	5000	Lid8_Covaris_500639	Success	2	15	G103b	ULV2_Half	TecanUDI_A_10nt	3.471	0.8699	21371268	19728718	246272	2790699	3205690200	2924810410	106630179	0.532257	0.514848	0.442383	19728718	19719228	19672980	5716	45560	1173	19723002	19673668	19671807	19670706	16562854	3107852	0.6744	3511510	949964	8899	157994	4628367	0.2052482009313436	0.75869307684546194	0.9722	0.9746	17.2015	0.07685786355774492	0.033262783471715386	2.6746190258809165e-4	0.0021318341990751322	5.488677602096422e-5	0.9204276508066812	0.7750056758447837	0.8395301711951075	0.8420060774636152	Retained By Filtering
M301153	37	21.050784224488055	2.657047587746573	Caecum right	positive	MSEB0011	G103bI301B	L06	42406.10334	45397.92788	5000	Lid8_Covaris_500639	Success	3	15	G103b	ULV2_Half	TecanUDI_A_10nt	2.7602	2.7535	19468704	18714948	203660	2806930	2920305600	2757993591	74870335	0.548056	0.540826	0.261743	18714948	18710246	18689524	3175	20591	444	18711773	18689655	18689080	18688646	12669934	6018712	0.7139	3543633	878847	13071	119835	4555386	0.19292481471383544	0.7778996115806651	0.9175	0.9243	17.7871	0.03871629051425303	0.025637842491552938	1.6308224728261316e-4	0.0010576461586759961	2.280583237589929e-5	0.9599327207399116	0.6507846644542955	0.6769954156431532	0.6779482044873663	Retained By Filtering
M301154	39	21.477693907036638	2.7428062274132827	Caecum right	positive	MSEB0011	G103bI301B	L06	45753.96384	33192.71914	5000	Lid8_Covaris_500639	Success	2	15	G103b	ULV2_Half	TecanUDI_A_10nt	2.5072	3.4578	21823800	20123304	284716	2411496	3273570000	2989886632	97979102	0.521361	0.503668	0.39751	20123304	20103720	20076294	15487	27213	1120	20107817	20076507	20075174	20074066	16728240	3345826	0.7413	3576203	1006933	8023	159622	4750781	0.21195104552283087	0.7527610723373693	0.9704	0.9729	17.1318	0.07791933577103896	0.029930351878835644	7.096381015221913e-4	0.001246941412586259	5.13201184028446e-5	0.919824503523676	0.7665136227421439	0.8312869496977235	0.8333259440314683	Retained By Filtering
M301155	3	2.8423035722617556	1.3739862668507223	Caecum right	positive	MSEB0011	G103bI301B	L06	42830.30462	42823.82756	5000	Lid8_Covaris_500639	Fail	3	15	G103b	ULV2_Half	TecanUDI_A_10nt	2.502	0.0047	1959662	1558046	22758	495959	293949300	229897930	27456374	0.555175	0.50425	0.550466	1558046	1555920	1503214	1694	52507	140	1556352	1503413	1503074	1502966	1225588	277378	0.7666	267600	100248	587	11108	379543	0.26412817520017495	0.7050584518750181	0.9684	0.9711	15.3736	0.20494146439539063	0.09340513483107461	8.644347851823426e-4	0.026793906296085752	7.14408913373837e-5	0.7669516477841587	0.6254078509457243	0.7866186235836425	0.8154462575999724	Retained By Filtering
M301156	0	1	0	Caecum right	negative	MSEB0011	G103bI301Z	L06	NA	NA	NA	Lid8_Covaris_500639	NA	0	15	G103b	ULV2_Half	TecanUDI_A_10nt	1.9646	0.003	618230	434024	6112	251665	92734500	62922897	13736835	0.600617	0.530692	0.541184	434024	431160	324354	2666	105847	123	431358	325313	324231	324216	98162	226054	0.48	88069	68014	124	1224	157431	0.4320241883745895	0.5594133302843786	0.9311	0.9369	14.4573	0.2979570709929961	0.1481307927470359	0.004312310952234605	0.1712097439464277	1.989550814421817e-4	0.524426184429743	0.15877909515875968	0.22616721655945293	0.30276729094184124	Excluded By Filtering
M301157	39	21.77862680695002	2.736703272247351	Caecum right	positive	MSEB0011	G103bI301B	L06	42576.24156	43022.44682	5000	Lid8_Covaris_500639	Success	2	15	G103b	ULV2_Half	TecanUDI_A_10nt	3.6811	4.1989	20858918	19295078	263866	2222793	3128837700	2868102390	91633780	0.521896	0.504315	0.385664	19295078	19287812	19261260	4116	26404	977	19290962	19261408	19260283	19259322	16089631	3169691	0.7364	3408636	953602	8395	148999	4519632	0.2109910718394772	0.7541844114742086	0.9673	0.9701	17.1825	0.07497224927966062	0.02928684348184631	1.9732567144662057e-4	0.0012658374705725387	4.68384793496959e-5	0.923313567846616	0.7713550146752578	0.8338722963441765	0.8354204265342259	Retained By Filtering
M301158	33	19.997319082004797	2.6807841915002983	Caecum right	positive	MSEB0011	G103bI301B	L06	42728.77508	43333.67328	5000	Lid8_Covaris_500639	Success	1	15	G103b	ULV2_Half	TecanUDI_A_10nt	11.0142	1.4629	18547654	12693384	222678	6560790	2782148100	1874620933	387660485	0.588639	0.507133	0.487049	12693384	12685476	12638734	5764	46482	1818	12687620	12638994	12636916	12636318	10552729	2083589	0.7184999999999999	2268981	627004	5159	99381	3000525	0.2089647644995459	0.7561946659334616	0.9622	0.9654	17.1	0.31563398799654124	0.13933855102825043	3.107670652040414e-4	0.0025060851361579204	9.801778704735381e-5	0.6812892886615202	0.5689522243621754	0.8313566342907455	0.8351110663723404	Retained By Filtering
M301159	35	20.230613085570635	2.6588454179611594	Caecum right	positive	MSEB0011	G103bI301B	L06	42760.6368	43797.15504	5000	Lid8_Covaris_500639	Success	1	15	G103b	ULV2_Half	TecanUDI_A_10nt	6.0406	2.0238	21692644	19469176	270216	2861587	3253896600	2890046809	139662671	0.531087	0.50729	0.445023	19469176	19455234	19424074	9311	30817	1315	19459865	19424417	19422759	19421478	15996429	3425049	0.7367	3486867	953569	8092	153166	4601694	0.20722129720055263	0.7577355208755732	0.9716	0.974	17.1459	0.10249870877888376	0.042921668439003254	4.2922384196227996e-4	0.0014206198193267728	6.061962755669618e-5	0.8953024813388354	0.7374125994046645	0.8216284551539316	0.8236463259902259	Retained By Filtering
M301160	0	1	0	Caecum right	negative	MSEB0011	G103bI301M	L06	42730.83192	43029.6219	5000	Lid8_Covaris_500639	Success	3	15	G103b	ULV2_Half	TecanUDI_A_10nt	2.4056	5e-4	618120	407876	7288	275840	92718000	58923203	15762585	0.617095	0.545164	0.501352	407876	374208	262740	29343	110323	90	378533	263885	262650	262642	31910	230732	0.4269	95832	70161	67	592	166652	0.4210030482682476	0.57504260374913	0.943	0.9477	14.0427	0.34013460169546367	0.17000566233093897	0.047471364783537175	0.17848152462305053	1.4560279557367502e-4	0.4249045492784573	0.05162428007506633	0.0782345614843727	0.12149618111345482	Excluded By Filtering
M301161	37	19.71725202099977	2.630003396607304	Caecum right	positive	MSEB0011	G103bI301B	L06	42868.58914	44491.68272	5000	Lid8_Covaris_500639	Success	1	15	G103b	ULV2_Half	TecanUDI_A_10nt	2.3374	3.4275	16131838	15134482	253224	1269641	2419775700	2252485626	45013517	0.512629	0.499534	0.329402	15134482	15124174	15099438	6676	24566	1424	15127806	15099608	15098014	15096890	12522605	2574285	0.7187	2618454	781595	5881	120240	3526170	0.22165550725007585	0.7425773573026825	0.9548	0.9586	17.1061	0.06182531711513592	0.018602351036089832	4.138400100472122e-4	0.0015228270950898466	8.827264444386313e-5	0.9358443842542926	0.7762664737892855	0.8274221080047537	0.8294824298249507	Retained By Filtering
M301162	39	21.290653280726385	2.669848650008224	Caecum right	positive	MSEB0011	G103bI301B	L06	43629.0991	43115.74522	5000	Lid8_Covaris_500639	Success	1	15	G103b	ULV2_Half	TecanUDI_A_10nt	1.4233	7.5887	33272242	31935890	345298	3412585	4990836300	4733012948	99895139	0.516785	0.508543	0.364581	31935890	31824404	31798538	106601	25599	1175	31829289	31798805	31797363	31796246	26651084	5145162	0.6892	5644251	1617547	13538	251268	7526604	0.21491060244434276	0.7499067308443489	0.9733	0.9756	17.2318	0.04016417048180883	0.02001571139490189	0.0032039019192034008	7.693800736361559e-4	3.531472270489016e-5	0.9556388174863599	0.8010005457401999	0.8345182802170223	0.8381833503238086	Retained By Filtering
M301163	39	21.081799769473747	2.6386807048721352	Caecum right	positive	MSEB0011	G103bI301B	L06	43688.03044	47714.25292	5000	Lid8_Covaris_500639	Success	2	15	G103b	ULV2_Half	TecanUDI_A_10nt	4.4958	13.8069	20155448	18470788	192570	3170416	3023317200	2727830256	128446003	0.524823	0.503817	0.179525	18470788	17649718	17643810	811971	5823	442	17658817	17643895	17643368	17642930	14819476	2823454	0.6631999999999999	3076303	1247271	7549	138185	4469308	0.27907474714206315	0.688317520296207	0.9507	0.9548	17.2507	0.08358335671824313	0.04248512296361096	0.04028543548126541	2.889045185202532e-4	2.1929554728825676e-5	0.8753429841896841	0.7352590723857887	0.8023196411544543	0.8399668309062044	Retained By Filtering
M301164	39	21.804664842173764	2.7379521172439025	Caecum right	positive	MSEB0011	G103bI301B	L06	45710.06108	34152.46596	5000	Lid8_Covaris_500639	Success	2	15	G103b	ULV2_Half	TecanUDI_A_10nt	1.301	3.8982	25701672	24653016	301700	2675002	3855250800	3651841999	75072761	0.510946	0.502148	0.333415	24653016	24632742	24612912	16734	19669	1001	24636282	24613073	24611911	24610924	20552090	4058834	0.7045999999999999	4289925	1260682	10542	189169	5750318	0.21923691872345147	0.746032654194081	0.9715	0.9739	17.1817	0.04080108095691207	0.019472860494575348	6.510860460751347e-4	7.652809513715683e-4	3.894688252188418e-5	0.9575612045784414	0.799640194614576	0.833654186570925	0.8350799831814523	Retained By Filtering
M301165	0	1	0	Caecum right	negative	MSEB0011	G103bI301M	L06	43688.68272	47559.9887	5000	Lid8_Covaris_500639	Success	1	15	G103b	ULV2_Half	TecanUDI_A_10nt	5.086	6e-4	1650666	1006724	16296	778909	247599900	146819660	45618438	0.624339	0.530324	0.592163	1006724	1004378	933568	2115	70532	92	1004609	933846	933476	933414	641769	291645	0.5483	203686	71302	544	5785	281317	0.2534578429316394	0.7240444054216417	0.9746	0.9768	14.8402	0.3901104160381325	0.1842425542175098	0.001281301002140954	0.042729419519151664	5.573507905293984e-5	0.5654772073817478	0.3887939777035451	0.637482567218026	0.6875502188739402	Excluded By Filtering
M301166	37	20.494689220257012	2.6489026041589843	Caecum right	positive	MSEB0011	G103bI301B	L06	43709.18182	46658.5447	5000	Lid8_Covaris_500639	Success	1	15	G103b	ULV2_Half	TecanUDI_A_10nt	5.0932	2.1258	18168272	16511340	258644	2298641	2725240800	2445390477	98401796	0.523592	0.500908	0.2866	16511340	15968572	15947014	535233	21345	879	15976107	15947227	15946135	15945274	13291592	2653682	0.7009000000000001	2803351	1043369	6755	124272	3977747	0.2623014988132729	0.7047584977123985	0.9535	0.9574	17.1855	0.09119920705722591	0.03610756010991763	0.029459763702348797	0.0011748503104753165	4.838104581437354e-5	0.877643949848395	0.7315826183139487	0.8049977772851871	0.8335756412840569	Retained By Filtering
M301167	0	1	0	Caecum right	negative	MSEB0011	G103bI301Z	L06	NA	NA	NA	Lid8_Covaris_500639	NA	0	15	G103b	ULV2_Half	TecanUDI_A_10nt	0.9366	2e-4	368180	297258	3828	145336	55227000	42245639	6702227	0.563307	0.519769	0.557135	297258	295730	181334	1395	113811	50	295863	181919	181284	181272	22622	158650	0.3046	67297	52939	70	604	120910	0.43783806136795966	0.5565875444545529	0.9647	0.9677	13.1955	0.19262860557336087	0.12135779600557699	0.0037889075995437014	0.30911782280406325	1.3580313976859146e-4	0.4923461350426422	0.06144277255690152	0.07610224115078484	0.12479588684407962	Excluded By Filtering
M301168	35	20.05972736429108	2.810729145622106	Caecum right	positive	MSEB0011	G103bI301B	L06	43646.88908	45916.8596	5000	Lid8_Covaris_500639	Success	1	15	G103b	ULV2_Half	TecanUDI_A_10nt	0.7523	1.9537	24598418	23263888	283036	2474673	3689762700	3450401128	83395703	0.509452	0.496149	0.561412	23263888	23188704	23152438	71001	36002	1079	23192887	23152702	23151359	23150298	19169054	3981244	0.6799	4084949	1262345	9564	180500	5537358	0.22796882556627185	0.737707224275548	0.9842	0.9855	16.9538	0.05425267592411837	0.022601915022882096	0.002886405133858608	0.0014635900568890244	4.386460950456245e-5	0.9411295474367498	0.7792799520684622	0.8239832481999569	0.8280262310230304	Retained By Filtering
M301169	35	19.872782310034133	2.60040639246082	Caecum right	positive	MSEB0011	G103bI301B	L06	43448.41754	43290.23012	5000	Lid8_Covaris_500639	Success	2	15	G103b	ULV2_Half	TecanUDI_A_10nt	1.4977	2.7198	17945292	17136322	224898	1468056	2691793800	2545582557	45715102	0.511919	0.502316	0.447566	17136322	17096318	17075714	36518	20459	890	17099804	17075859	17074824	17073934	14269432	2804502	0.7156	2970197	880072	6813	135934	3993016	0.22040282332953337	0.7438480086230559	0.9697	0.9722	17.0321	0.04507979028705691	0.01698313667265301	0.0020349627077675863	0.0011400761826555956	4.9595180730411074e-5	0.9514436432686635	0.7951629875958552	0.8327009728225229	0.8357436546258173	Retained By Filtering
M301170	0	1	0	Caecum right	positive	MSEB0011	G103bI301B	L06	43633.01278	43157.49114	5000	Lid8_Covaris_500639	Success	1	15	G103b	ULV2_Half	TecanUDI_A_10nt	0.5599	3e-4	479886	411470	4388	146071	71982900	59404388	6349688	0.54266	0.508114	0.620718	411470	410780	314398	617	96004	69	410853	314776	314329	314312	192044	122268	0.3469	68978	54467	210	1843	125498	0.4340069164448836	0.5496342571196354	0.9726	0.975	13.506	0.14256719304168072	0.08821106123815517	0.001285722025647758	0.2000558465969001	1.4378414873532464e-4	0.6549722225695269	0.40018671101053166	0.46672661433397333	0.6109979892590801	Excluded By Filtering
M301171	18	14.496355471910087	2.2442335513531546	Caecum right	positive	MSEB0011	G103bI301B	L06	37936.88568	49454.07656	5000	Lid8_Covaris_500639	Success	1	15	G103b	ULV2_Half	TecanUDI_A_10nt	3.1921	0.4357	6981916	6287602	29330	4415842	1047287400	844386792	140073498	0.560274	0.538355	0.448244	6287602	6275138	6263374	12158	11737	71	6275444	6263401	6263303	6263234	5399574	863660	0.472	1116294	296255	3971	51862	1468382	0.20175608254527772	0.7602204331025578	0.95	0.9542	16.8206	0.09944462236440542	0.13374886206021383	0.0017413558112128534	0.0016810571768551784	1.0169128359607879e-5	0.8970652182008492	0.773365649200019	0.8587652335500879	0.8621063814636336	Retained By Filtering
M301172	35	20.39615061861905	2.816052291812696	Caecum right	positive	MSEB0011	G103bI301B	L06	42922.19376	46597.8056	5000	Lid8_Covaris_500639	Success	1	15	G103b	ULV2_Half	TecanUDI_A_10nt	2.3968	3.626	19966204	18439074	162814	2353230	2994930600	2742246676	102237800	0.515921	0.496152	0.453392	18439074	18431658	18410288	5092	21170	650	18433982	18410488	18409638	18409026	15271934	3137092	0.7234999999999999	3237255	968041	7456	142155	4354907	0.22228741050038495	0.7433580097118032	0.9676	0.9703	17.1171	0.07648574561293674	0.03413695128695136	2.550309513015093e-4	0.001060291680882355	3.255501145836234e-5	0.9220093113342926	0.7648892097866976	0.8282375785248218	0.8295894633426016	Retained By Filtering
M301173	34	19.31465895552967	2.5693782509617398	Caecum right	positive	MSEB0011	G103bI301B	L06	42621.91882	47576.52736	5000	Lid8_Covaris_500639	Fail	3	15	G103b	ULV2_Half	TecanUDI_A_10nt	1.5951	1.527	21020644	19409314	283810	2524226	3153096600	2879466801	99783215	0.519335	0.500879	0.529745	19409314	19395474	19358984	9967	36049	1125	19399347	19359425	19357859	19356758	16037559	3319199	0.6909000000000001	3372223	1019260	8257	152537	4552277	0.22390113782619112	0.7407771978726251	0.9796	0.9813	16.975	0.07665464483390709	0.031646101486392776	4.7415293270748507e-4	0.0017149331866331023	5.351881702577714e-5	0.9208451463237758	0.7629432761432048	0.8262815986180655	0.8285250556937273	Retained By Filtering
M301174	0	1	0	Caecum right	negative	MSEB0011	G103bI301M	L06	42464.06706	47715.13686	5000	Lid8_Covaris_500639	Success	2	15	G103b	ULV2_Half	TecanUDI_A_10nt	2.1207	0.001	1955468	657556	11812	1394177	293320200	95438012	88266566	0.699485	0.561393	0.626862	657556	654900	410092	2505	243245	208	655051	411655	409884	409866	28310	381556	0.3944	156376	112842	124	992	270334	0.4174169730777483	0.5784548003580756	0.9574	0.9609	14.2669	0.6637347172134752	0.3009222208357965	0.001281023263996138	0.12439221710608407	1.063683987669448e-4	0.20959995254332978	0.014477352736020226	0.043053367317764574	0.06907135502822874	Excluded By Filtering
M301175	2	1.999612806265168	1.0308430274191671	Caecum right	positive	MSEB0011	G103bI301B	L06	42476.03424	46748.80842	5000	Lid8_Covaris_500639	Fail	3	15	G103b	ULV2_Half	TecanUDI_A_10nt	2.5434	0.0035	1723954	1402544	20068	454482	258593100	205812122	22706268	0.550762	0.506089	0.598864	1402544	1400948	1296220	1295	103945	316	1401249	1297003	1295904	1295828	922728	373100	0.449	254952	111307	594	9700	376553	0.2955945112640186	0.6770680355753373	0.9721	0.9745	15.0096	0.18643768917268094	0.08780693684402252	7.511801358968975e-4	0.060294532220697306	1.83299554396463e-4	0.7516604271343666	0.53523933933272	0.6578959376675527	0.7120759853931231	Retained By Filtering
M301176	0	1	0	Caecum right	negative	MSEB0011	G103bI301R	NA	NA	NA	NA	Lid8_Covaris_500639	NA	0	15	G103b	ULV2_Half	TecanUDI_A_10nt	5.4939	0.3414	3192602	22804	33254	3110846	478890300	3177022	204950040	0.773151	0.487066	0.609465	22804	22758	9834	29	12822	23	22775	9936	9811	9804	745	9059	NA	5752	3623	2	10	9387	0.38595930542239265	0.6127623308831363	0.8572	0.8686	11.3002	0.9928572368243834	0.4279686600459437	9.083499916369156e-6	0.004016159859575355	7.204155106085882e-6	0.003070849420002869	2.3335198061017314e-4	0.03266970706893527	0.07598939208486333	Excluded By Filtering
M301177	37	21.382047641684466	2.774026415446051	Caecum right	positive	MSEB0011	G103bI301B	L06	42875.3296	47973.73558	5000	Lid8_Covaris_500639	Success	3	15	G103b	ULV2_Half	TecanUDI_A_10nt	2.4502	3.716	22119696	20656622	238526	2384771	3317954400	3067948028	99071556	0.517614	0.502757	0.443509	20656622	20584022	20556592	69787	27175	673	20586835	20556847	20555919	20555264	17122811	3432453	0.7182999999999999	3650606	1049510	8423	161443	4869982	0.215505930001384	0.7496138589423944	0.975	0.9771	17.0929	0.06614349491964085	0.029859227721755307	0.003154971026726588	0.00122854310475153	3.042537293460091e-5	0.929274254040381	0.7740979351614959	0.8289259976776454	0.8330134314986176	Retained By Filtering
M301178	33	19.827775309582346	2.716902950133543	Caecum right	positive	MSEB0011	G103bI301B	L06	41734.48838	42635.42864	5000	Lid8_Covaris_500639	Fail	4	15	G103b	ULV2_Half	TecanUDI_A_10nt	1.3887	1.6403	16964248	16018802	173596	1747108	2544637200	2376902243	65143394	0.517522	0.504751	0.529164	16018802	15990676	15940386	25784	50015	576	15993018	15940661	15939810	15939272	13178755	2760517	0.6876000000000001	2840367	807133	6638	123242	3777380	0.2136753516987965	0.7519410279082327	0.9779	0.9798	17.0256	0.055731677584529536	0.02560026788887626	0.001519902326351277	0.0029482591860246327	3.395375969509524e-5	0.9395802277825696	0.7768546533863452	0.8227054058099975	0.826810346168884	Retained By Filtering
M301179	39	20.851973888085247	2.754365218115488	Caecum right	positive	MSEB0011	G103bI301B	L06	41952.67604	42594.98728	5000	Lid8_Covaris_500639	Success	4	15	G103b	ULV2_Half	TecanUDI_A_10nt	1.25	14.539	22637930	21988944	197504	1426037	3395689500	3275893114	42282557	0.503339	0.497275	0.229621	21988944	21983720	21976964	3696	6671	438	21985248	21977049	21976526	21976094	18257943	3718151	0.7387	3887535	1089772	8432	170114	5155853	0.21136599511273887	0.7540042355745984	0.9595	0.9629	17.2018	0.028668080517962553	0.012451832536514308	1.6326581096416502e-4	2.946824201682751e-4	1.9348058766857217e-5	0.970764288077576	0.8065199865888798	0.8303237754391479	0.8308092875831347	Retained By Filtering
M301180	0	1	0	Caecum right	negative	MSEB0011	G103bI301Z	L06	NA	NA	NA	Lid8_Covaris_500639	NA	0	15	G103b	ULV2_Half	TecanUDI_A_10nt	NA	NA	809598	241612	9692	628491	121439700	33801077	39815983	0.693447	0.515449	0.518586	241612	241040	151134	535	89556	103	241077	151484	151031	151028	34921	116107	0.2666	46327	43154	65	427	89973	0.4796327787225057	0.51489891411868	0.9365	0.9418	13.5076	0.701565468294141	0.3278662826077469	6.608217905676644e-4	0.11061786219827618	1.2722363444573728e-4	0.1865469035249593	0.04313375280077273	0.14453338410343858	0.2312220250549567	Excluded By Filtering
M301181	39	20.727976534613152	2.680000802276358	Caecum right	positive	MSEB0011	G103bI301B	L06	42024.97912	42894.1115	5000	Lid8_Covaris_500639	Success	1	15	G103b	ULV2_Half	TecanUDI_A_10nt	2.6268	4.7372	27461194	26230458	222804	2415495	4119179100	3900645064	86416738	0.507915	0.496697	0.363624	26230458	26219806	26198322	8493	21332	632	26221965	26198474	26197690	26197090	21360929	4836161	0.7302	4522777	1494864	10569	202472	6230682	0.23991980332169097	0.7258879525547925	0.9676	0.9703	17.2073	0.044817279248673604	0.02097911644579863	3.0927278690067155e-4	7.76805261999897e-4	2.301429428013946e-5	0.9539676242773711	0.7778587121885523	0.8143559292788559	0.8153931982521723	Retained By Filtering
M301182	37	20.53950728874491	2.7692170454157523	Caecum right	positive	MSEB0011	G103bI301B	L06	41991.26056	43284.3878	5000	Lid8_Covaris_500639	Success	3	15	G103b	ULV2_Half	TecanUDI_A_10nt	5.3628	2.177	23728920	21177930	254470	3464706	3559338000	3144757738	167225622	0.528942	0.500721	0.417241	21177930	21171358	21148706	3738	22473	829	21174192	21148885	21147877	21147052	17636192	3510860	0.722	3751105	1061607	8605	167753	4989070	0.21278655140136335	0.7518645759630552	0.9733	0.9756	17.1305	0.10750552490378829	0.04698222590830092	1.5752929336859832e-4	9.470721802762199e-4	3.493627185729481e-5	0.8911931937905307	0.7432361860548226	0.8327627865424052	0.8339787503241587	Retained By Filtering
M301183	0	1	0	Caecum right	negative	MSEB0011	G103bI301M	L06	38576.5086	41207.24958	5000	Lid8_Covaris_500639	Success	2	15	G103b	ULV2_Half	TecanUDI_A_10nt	8.1504	0.0227	2137902	315030	21088	1858103	320685300	44638564	123316805	0.725124	0.506746	0.585306	315030	314658	231240	282	83167	29	314748	231491	231211	231192	123475	107717	0.192	57349	44982	97	1332	103760	0.43351966075558984	0.5527081727062452	0.9153	0.9223	14.2084	0.8526452568920372	0.38454149597752063	1.3190501716168468e-4	0.03890122185207741	1.3564700346414382e-5	0.10813966215476668	0.057755219837017785	0.3919467987175825	0.5340798989584414	Excluded By Filtering
M301184	39	20.718295816054322	2.7349551122803137	Caecum right	positive	MSEB0011	G103bI301B	L06	42572.36692	43097.8878	5000	Lid8_Covaris_500639	Success	1	15	G103b	ULV2_Half	TecanUDI_A_10nt	1.4258	6.2111	26828348	26102350	235150	1698210	4024252200	3886756518	48051811	0.503725	0.498255	0.392779	26102350	26094778	26076340	5434	18314	636	26096916	26076464	26075704	26075074	21684225	4390849	0.7106999999999999	4616342	1308595	10462	204754	6140153	0.2131209108307236	0.7518284967817577	0.976	0.978	17.1108	0.02706085369102861	0.011940556558557637	2.0254694772857426e-4	6.826361429335865e-4	2.3706267713539423e-5	0.9719224605257096	0.8082579292619881	0.830738420103937	0.8316074194075154	Retained By Filtering
M301185	34	19.972127050196967	2.732943064377459	Caecum right	positive	MSEB0011	G103bI301B	L06	42079.85652	43292.01278	5000	Lid8_Covaris_500639	Success	1	15	G103b	ULV2_Half	TecanUDI_A_10nt	2.0514	1.559	18507820	17321184	275146	2134117	2776173000	2561773056	74509015	0.514762	0.500321	0.516957	17321184	17311652	17268034	5945	43288	1170	17315239	17268364	17266864	17265742	14308305	2957437	0.7288	3051063	904656	7224	131516	4094459	0.2209464058621664	0.7451687756550988	0.9798	0.9815	16.9381	0.06411538474007203	0.02683875068304461	3.212155726606375e-4	0.002338903231174714	6.321652144877138e-5	0.9328890166426949	0.7730951025026178	0.8260581378270677	0.8287106919586775	Retained By Filtering
M301186	0	1	0	Colon	negative	MSEB0012	G121eO302M	L06	41480.87656	12441.25048	5000	Lid8_Covaris_500639	Success	2	15	G121e	ULV2_Half	TecanUDI_A_10nt	1.6232	0.0031	422514	20018	2544	403835	63377100	2661437	25422099	0.765594	0.589904	0.717605	20018	20002	16804	16	3192	6	20002	16810	16798	16798	494	16304	0.5522	7039	1558	4	12	8613	0.1808893533031464	0.8172529896667827	0.6640999999999999	0.6879	12.9861	0.952621688275418	0.40112436510979516	3.786856766876364e-5	0.007554779249918346	1.4200712875786364e-5	0.03975726248124323	0.0011691920267730773	0.02467778998900989	0.0294082628884391	Excluded By Filtering
M301187	29	20.072435750468152	3.5731544207160537	Colon	positive	MSEB0012	G121eO302A	L06	41588.96872	14483.50058	5000	Lid8_Covaris_500639	Success	1	15	G121e	ULV2_Half	TecanUDI_A_10nt	3.2962	0.1667	4110364	2938998	27324	1650967	616554600	426143199	83732539	0.591757	0.513717	0.377964	2938998	2934924	2934162	3867	747	35	2935131	2934177	2934127	2934092	2438295	495797	0.7081999999999999	582761	128742	1394	15226	728123	0.17681353287837356	0.8003606533511508	0.7128999999999999	0.7339	17.9128	0.2849786539586275	0.13580717587704316	9.407925916050257e-4	1.8173572948770473e-4	8.515060953239178e-6	0.7138277777831842	0.5932065870565235	0.8296347938991452	0.8310219993101784	Retained By Filtering
M301188	52	29.945473554292654	3.826997127952125	Colon	positive	MSEB0012	G121eO302A	L06	42210.9465	14114.54246	5000	Lid8_Covaris_500639	Success	1	15	G121e	ULV2_Half	TecanUDI_A_10nt	1.5173	0.5396	10786036	10019130	117908	2342968	1617905400	1455739909	86552281	0.532822	0.517825	0.366754	10019130	10018118	10015828	562	2258	90	10018568	10015860	10015738	10015648	8312842	1702806	0.7169	1978202	429301	4928	54099	2466530	0.1740505892894066	0.8020182199284014	0.8935	0.9022	17.8865	0.07110174673995154	0.05349650294757654	5.2104406104337124e-5	2.0934474908112675e-4	8.344121974004166e-6	0.9285754284521208	0.7707040844291638	0.8296969896587828	0.8299854387853887	Retained By Filtering
M301189	9	8.188723424121726	3.0845173826912853	Colon	positive	MSEB0012	G121eO302A	L06	42366.28914	14851.6833	5000	Lid8_Covaris_500639	Success	1	15	G121e	ULV2_Half	TecanUDI_A_10nt	4.6543	0.0085	1486672	950652	14424	671203	223000800	138237644	35696483	0.610141	0.513673	0.499746	950652	950274	948136	331	2112	24	950321	948162	948112	948098	768523	179575	0.5581	197042	40464	397	5054	242957	0.1665479899735344	0.8110159410924567	0.7442	0.7633	16.7442	0.36055027605282136	0.1600733405440698	2.226449411840675e-4	0.0014206227062862555	1.6143439844161995e-5	0.6377317928904291	0.5169418674731212	0.808416749767528	0.8105944744108732	Retained By Filtering
M301190	0	1	0	Colon	negative	MSEB0012	G121eO302Z	L06	NA	NA	NA	Lid8_Covaris_500639	NA	0	15	G121e	ULV2_Half	TecanUDI_A_10nt	3.2423	0.0016	525722	148674	4466	389487	78858300	21628791	24018089	0.685955	0.444211	0.526598	148674	19204	15240	128145	3941	59	20529	15263	15181	15176	701	14475	NA	62461	4501	3	19	66984	0.06719515108085512	0.9324764122775588	0.5217	0.5517	13.4582	0.7172003454297138	0.30457274630571546	0.2437504993133253	0.007496357390407858	1.1222661406598925e-4	0.028866967712973778	0.0013334043467840419	0.00471501405760254	0.046191354770690564	Excluded By Filtering
M301191	42	25.13379392784811	3.4844970277735103	Colon	positive	MSEB0012	G121eO302A	L06	42936.94174	16465.35196	5000	Lid8_Covaris_500639	Success	3	15	G121e	ULV2_Half	TecanUDI_A_10nt	1.7644	0.7792	11528762	10877142	163628	1972108	1729314300	1591867535	68569683	0.523325	0.512109	0.429542	10877142	10876172	10871960	588	4159	103	10876554	10872013	10871857	10871754	8965751	1906003	0.7238	2093132	475379	4704	59885	2633100	0.18053966807185448	0.7949306900611447	0.9281	0.9341	17.6978	0.05652124660045892	0.039651371066555106	5.1002874376277346e-5	3.607499226716624e-4	8.934176974075795e-6	0.9430114005302564	0.7776854964999711	0.8242745199060562	0.8246830272281731	Retained By Filtering
M301192	61	29.54331616967531	3.85133551658732	Colon	positive	MSEB0012	G121eO302A	L06	41942.00096	16150.1878	5000	Lid8_Covaris_500639	Success	2	15	G121e	ULV2_Half	TecanUDI_A_10nt	7.007	1.5763	24762894	23123088	315214	4151473	3714434100	3393125456	150071951	0.527185	0.511365	0.441076	23123088	23118720	23114896	3152	3682	288	23119936	23115038	23114608	23114326	19370956	3743370	0.7452	4571454	988932	10400	123095	5693881	0.17368329264345356	0.8028713631352675	0.9454	0.95	17.8547	0.06622028911483448	0.04040237273290163	1.272872225677661e-4	1.4869021367211764e-4	1.1630304600100456e-5	0.9334258750209083	0.7822573565109151	0.8377322267683278	0.8380497878242265	Retained By Filtering
M301193	71	34.197634270080314	3.871921139531586	Colon	positive	MSEB0012	G121eO302A	L06	41959.48234	16767.67784	5000	Lid8_Covaris_500639	Success	1	15	G121e	ULV2_Half	TecanUDI_A_10nt	6.0864	4.8349	45115206	44048974	465896	5352831	6767280900	6492657204	148816544	0.511454	0.507281	0.433376	44048974	44046164	44038406	1948	7628	332	44047026	44038536	44038074	44037816	36549379	7488437	0.74	8377754	1939338	19882	242625	10579599	0.18330921616216267	0.7918782176904815	0.9546	0.9584	18.042	0.023633539432359015	0.021990596548164567	4.3178346564570714e-5	1.6907824825182003e-4	7.358937915522318e-6	0.9761191381903476	0.8101343702165518	0.8297441615779746	0.8299543964668911	Retained By Filtering
M301194	39	22.175965895175402	3.751838163903335	Colon	positive	MSEB0012	G121eO302A	L06	42470.54412	20002.60494	5000	Lid8_Covaris_500639	Success	1	15	G121e	ULV2_Half	TecanUDI_A_10nt	1.0106	0.3689	7814294	7556602	85932	1051032	1172144100	1111349314	32135103	0.509435	0.502573	0.387045	7556602	7556154	7545016	279	10991	48	7556323	7545163	7544968	7544936	6250024	1294912	0.7498999999999999	1624197	307741	3239	36508	1971685	0.15608020550950075	0.8237608948691094	0.8961	0.9046	17.6306	0.03297700342474957	0.027415659047381632	3.5703801264707985e-5	0.0014065250168473313	6.142589464895997e-6	0.965530091394053	0.799819407869732	0.8270945062344159	0.8283733619476693	Retained By Filtering
M301195	56	30.168873456238238	3.7889978074151665	Colon	positive	MSEB0012	G121eO302A	L06	41919.91208	20527.73102	5000	Lid8_Covaris_500639	Success	1	15	G121e	ULV2_Half	TecanUDI_A_10nt	1.0039	0.7086	16705750	16058630	186676	2651835	2505862500	2349959156	85306629	0.522342	0.51456	0.385927	16058630	16056140	16051616	1850	4434	209	16056780	16051706	16051407	16051270	13301401	2749869	0.7512000000000001	3160470	687068	7335	86452	3941325	0.17432411688962468	0.8018800784000304	0.9283	0.9343	17.8991	0.0387363632282298	0.034042821184322766	1.1074031396375499e-4	2.654175957379944e-4	1.2510662496445834e-5	0.960823069901082	0.7962169312961106	0.8283023520686384	0.8286821541223841	Retained By Filtering
M301196	0	1	0	Colon	negative	MSEB0012	G121eO302Z	L06	NA	NA	NA	Lid8_Covaris_500639	NA	0	15	G121e	ULV2_Half	TecanUDI_A_10nt	0.6488	0.0023	135022	32138	1068	113906	20253300	4326391	6871019	0.719064	0.552288	0.553362	32138	28830	23078	3282	5687	2	28856	23143	23076	23076	920	22156	NA	8763	4316	7	40	13126	0.32881304281578544	0.6676062776169435	0.7415999999999999	0.7608	12.9434	0.761979529261898	0.33925429436190646	0.024307149945934737	0.04211906207877235	1.48124009420687e-5	0.17090548206958867	0.006813704433351602	0.028626548011699546	0.03986826139712255	Excluded By Filtering
M301197	0	1	0	Colon	negative	MSEB0012	G121eO302M	L06	41880.77528	23541.76724	5000	Lid8_Covaris_500639	Success	1	15	G121e	ULV2_Half	TecanUDI_A_10nt	2.7953	0	246402	11698	1440	236077	36960300	1583344	14452507	0.77307	0.56676	0.683485	11698	11656	8884	41	2769	12	11657	8887	8872	8872	458	8414	NA	3377	1390	4	13	4784	0.29055183946488294	0.7058946488294314	0.5089	0.5393	12.9881	0.9525247360005195	0.39102785962235154	1.6639475328934019e-4	0.011237733459955683	4.87009034017581e-5	0.03600620124836649	0.0018587511465004342	0.03915199179346897	0.05162308385933273	Excluded By Filtering
M301198	56	29.86483837049522	3.870439182625391	Colon	positive	MSEB0012	G121eO302A	L06	42513.9246	20715.14778	5000	Lid8_Covaris_500639	Success	1	15	G121e	ULV2_Half	TecanUDI_A_10nt	2.2442	1.0138	17688822	16522472	232412	2752636	2653323300	2429217391	104108206	0.525112	0.50973	0.415146	16522472	16463512	16458474	57503	4923	243	16464969	16458589	16458231	16458008	13627486	2830522	0.7424	3272495	755547	7117	86265	4121424	0.1833218324540256	0.7940204647713994	0.934	0.9395	17.8826	0.06593712119439045	0.03923690942600173	0.00325081003132939	2.7831135391604935e-4	1.3737489132967701e-5	0.9304185434168539	0.7704009910891748	0.8247849353292898	0.8280155168231781	Retained By Filtering
M301199	58	30.142266673739726	3.953434429028703	Colon	positive	MSEB0012	G121eO302A	L06	43081.6806	19662.03192	5000	Lid8_Covaris_500639	Success	1	15	G121e	ULV2_Half	TecanUDI_A_10nt	1.9732	0.7121	12961030	12652914	135112	1690189	1944154500	1859834575	46632577	0.512086	0.507917	0.300042	12652914	12650320	12581742	1996	67689	214	12650918	12582631	12581528	12581390	10469645	2111745	0.7392	2534911	565961	5792	67446	3174110	0.1783054147461808	0.7986210307771312	0.8973	0.9057	17.9529	0.023772493389800038	0.02398604483337101	1.540001064730195e-4	0.0052225016067395874	1.651103345953215e-5	0.9707091180253421	0.8077787799272126	0.8274493132570094	0.832153283540213	Retained By Filtering
M301200	54	28.720509919919643	3.807491669830637	Colon	positive	MSEB0012	G121eO302A	L06	43612.05292	19308.71644	5000	Lid8_Covaris_500639	Success	1	15	G121e	ULV2_Half	TecanUDI_A_10nt	5.5357	0.853	14787112	13872118	162756	2249853	2218066800	2042232046	80064887	0.522363	0.507507	0.361583	13872118	13861634	13857932	9853	3625	144	13862265	13858009	13857788	13857666	11559223	2298443	0.7179000000000001	2705333	619378	6416	72525	3403652	0.18197453793748597	0.7948324329279256	0.9157	0.9227	17.9034	0.06187780277852768	0.03609669780910115	6.663234849374239e-4	2.451459081394663e-4	9.738209868160869e-6	0.9371448596588705	0.7817093019921673	0.833270233139597	0.8341392410525698	Retained By Filtering
M301201	46	28.144528656833504	3.5935398302415624	Colon	positive	MSEB0012	G121eO302A	L06	44226.0634	19799.0727	5000	Lid8_Covaris_500639	Fail	3	15	G121e	ULV2_Half	TecanUDI_A_10nt	2.217	0.2492	8845368	8479262	92520	1529308	1326805200	1238968845	48332276	0.527128	0.518459	0.37563	8479262	8476520	8471764	2254	4699	155	8477008	8471821	8471609	8471490	7014358	1457132	0.7211	1655856	365461	3996	44856	2070169	0.17653679482206525	0.7998651317839268	0.894	0.9026	17.8274	0.04138957248584796	0.03642755997640045	2.5482263711357173e-4	5.312384968042031e-4	1.752329580860853e-5	0.957731775546252	0.7929978718805142	0.827236851509011	0.8279957835044367	Retained By Filtering
M301202	54	29.15878184347016	3.8651962221240885	Colon	positive	MSEB0012	G121eO302A	L06	42132.93334	18298.53744	5000	Lid8_Covaris_500639	Success	1	15	G121e	ULV2_Half	TecanUDI_A_10nt	4.606	0.5302	18297112	16550808	174542	3994557	2744566800	2421349817	156820228	0.536084	0.514064	0.45755	16550808	16548040	16542996	1720	4936	214	16549088	16543104	16542782	16542572	13662510	2880062	0.7112	3257977	716033	7968	85709	4067687	0.1760295224288398	0.8009409278540851	0.9413	0.9462	17.8262	0.09544151011372724	0.057138426362950974	9.400390619022281e-5	2.697693493924068e-4	1.1695834839946326e-5	0.9041083642052363	0.7467030862575471	0.8254890033163336	0.8258999870153202	Retained By Filtering
M301203	61	31.30356308722711	3.89611347807096	Colon	positive	MSEB0012	G121eO302A	L06	42237.624280000004	19020.89692	5000	Lid8_Covaris_500639	Success	3	15	G121e	ULV2_Half	TecanUDI_A_10nt	12.8794	1.1163	20877078	18290984	170336	4406361	3131561700	2695064572	195080684	0.540294	0.508611	0.467138	18290984	18288892	18276916	1266	11815	242	18289718	18277077	18276674	18276516	15124587	3151929	0.7221	3538465	820197	8282	98980	4465924	0.18365673038770924	0.7923253955956259	0.9385	0.9436	17.8813	0.12387241164687894	0.062295015295403565	6.064067011676634e-5	5.659316883330129e-4	1.1591660480456126e-5	0.8754345794943142	0.7244589975666135	0.8268875529058469	0.8275421311151425	Retained By Filtering
M301204	21	15.086469017345571	3.2975243652646276	Colon	positive	MSEB0012	G121eO302A	L06	42818.54426	19111.56596	5000	Lid8_Covaris_500639	Success	2	15	G121e	ULV2_Half	TecanUDI_A_10nt	2.182	0.0067	1707226	1374366	24626	420535	256083900	202997929	21102078	0.565003	0.51242	0.164404	1374366	1374000	1373548	212	436	30	1374154	1373564	1373518	1373488	1152608	220880	0.787	275298	57899	612	7277	341086	0.16974897826354643	0.8071219575121816	0.4828	0.514	18.2228	0.19497125746679117	0.0824029858964191	1.241780525835478e-4	2.5538505153974926e-4	1.7572365931634126e-5	0.804514457956943	0.6751349850576315	0.8386470561698994	0.8391831599548012	Retained By Filtering
M301205	1	1	1	Colon	positive	MSEB0012	G121eO302A	L06	43990.81118	18774.4815	5000	Lid8_Covaris_500639	Fail	3	15	G121e	ULV2_Half	TecanUDI_A_10nt	4.0938	0	996738	472396	7384	598368	149510700	68588900	34589173	0.659173	0.524713	0.547604	472396	472086	469230	280	2837	12	472116	469249	469218	469208	376566	92642	0.603	92869	21668	231	2401	117169	0.18492946086422177	0.792607259599382	0.7108	0.7319	16.2076	0.5260580011999141	0.2313491475860925	2.809163491308649e-4	0.0028462845803009416	1.2039272105608495e-5	0.4707435655106959	0.37779837831004737	0.797140534636195	0.8025566486504919	Retained By Filtering
M301206	19	14.873709503671776	3.243131514867564	Colon	positive	MSEB0012	G121eO302A	L06	43954.10192	20332.1201	5000	Lid8_Covaris_500639	Success	1	15	G121e	ULV2_Half	TecanUDI_A_10nt	4.0165	0.0089	3557858	2824102	25372	1057586	533678700	414194873	53260443	0.5594	0.505299	0.459939	2824102	2823564	2820316	373	3223	39	2823729	2820341	2820277	2820240	2262510	557730	0.6870999999999999	568149	129156	1322	14666	713293	0.18107005115709812	0.7965155973772349	0.8299	0.8432999999999999	17.3544	0.20623532473752465	0.0997987047262707	1.0483836060910806e-4	9.058821347001483e-4	1.096165164545634e-5	0.7926791906815842	0.6359191401118314	0.8011431598433768	0.8022402348736277	Retained By Filtering
M301207	0	1	0	Colon	negative	MSEB0012	G121eO302R	NA	NA	NA	NA	Lid8_Covaris_500639	NA	0	15	G121e	ULV2_Half	TecanUDI_A_10nt	4.1159	0.1855	1935000	5712	15360	1896936	290250000	777277	115666438	0.782682	0.577322	0.78386	5712	5692	4380	10	1305	1	5702	4387	4379	4378	123	4255	NA	1798	666	9	1	2474	0.26919967663702504	0.7267582861762328	0.733	0.7528	11.2881	0.9970480620155039	0.3985062463393626	5.16795865633075e-6	6.744186046511628e-4	5.16795865633075e-7	0.002262532299741602	6.356589147286821e-5	0.02153361344537815	0.028095020557332116	Excluded By Filtering
M301208	25	18.097160936366397	3.2810922801549123	Colon	positive	MSEB0012	G121eO302A	L06	43012.94412	17708.0765	5000	Lid8_Covaris_500639	Success	2	15	G121e	ULV2_Half	TecanUDI_A_10nt	3.6677	0.2603	8241348	7454764	89326	1661172	1236202200	1091953478	67900013	0.526637	0.503331	0.496965	7454764	7445806	7441060	8252	4659	113	7446512	7441147	7440947	7440834	6218390	1222444	0.7193	1553697	327287	3109	37372	1921465	0.17033201229270375	0.8086002086949281	0.9292	0.9351	17.3466	0.09544360946777153	0.05492630008262402	0.0010012925070024953	5.653201393752576e-4	1.3711349162782593e-5	0.9028661330646395	0.7545355444279261	0.8341498134615664	0.8357114269717615	Retained By Filtering
M301209	0	1	0	Colon	negative	MSEB0012	G121eO302M	L06	38553.32954	18443.76814	5000	Lid8_Covaris_500639	Fail	3	15	G121e	ULV2_Half	TecanUDI_A_10nt	4.1879	0.0078	1679660	503530	15972	1203218	251949000	73953994	74264423	0.681752	0.440601	0.691268	503530	50130	39628	449973	10450	29	53557	39680	39599	39592	1690	37902	NA	208329	11971	47	72	220419	0.05431020011886452	0.9451499190178704	0.8909	0.8998	12.5258	0.7002190919590869	0.29475974502776353	0.2678952883321625	0.006221497207768239	1.7265398949787456e-5	0.023571437076551207	0.0010061560077634759	0.003356304490298493	0.0426853909880784	Excluded By Filtering
M301210	64	33.112487886992064	3.8051213520352327	Colon	positive	MSEB0012	G121eO302A	L06	41104.78478	14700.32974	5000	Lid8_Covaris_500639	Success	1	15	G121e	ULV2_Half	TecanUDI_A_10nt	4.4413	0.749	18899910	17174342	216044	3274505	2834986500	2533105239	131284580	0.527383	0.504928	0.320856	17174342	17170452	17159498	2542	10796	293	17171800	17159656	17159205	17158954	14238518	2920436	0.7131000000000001	3293325	801543	7450	89684	4192002	0.1912076854925165	0.7856210469365235	0.9063	0.914	18.0586	0.09130032894336534	0.04630871434484785	1.3449799496399717e-4	5.712196513105089e-4	1.550271932511848e-5	0.9078854872853892	0.7533643281899226	0.8290575557421647	0.829801047313257	Retained By Filtering
M301211	63	30.118089175391155	3.826105278100014	Colon	positive	MSEB0012	G121eO302A	L06	41488.66384	14987.3079	5000	Lid8_Covaris_500639	Success	1	15	G121e	ULV2_Half	TecanUDI_A_10nt	3.6436	1.6407	34808450	33880864	286226	3641291	5221267500	5014029394	104072891	0.506696	0.501078	0.509958	33880864	33876888	33868852	3023	7907	244	33877841	33868981	33868608	33868366	28296488	5571878	0.7228	6657843	1529539	14043	186068	8387493	0.1823594964550194	0.7937822422027655	0.9592	0.9627	17.8515	0.026648299479005814	0.01993249550995041	8.684672830878709e-5	2.2715748618510736e-4	7.009792162535246e-6	0.972992649773259	0.812920081187183	0.835176104127687	0.8354842982386573	Retained By Filtering
M301212	69	33.8165162024367	4.051369622749433	Colon	positive	MSEB0012	G121eO302A	L06	41539.84374	15286.81824	5000	Lid8_Covaris_500639	Success	2	15	G121e	ULV2_Half	TecanUDI_A_10nt	2.0214	2.5516	64154840	62283432	681388	11503414	9623226000	9071548669	337555987	0.518118	0.513473	0.47389	62283432	62278964	62271386	2529	7339	506	62280903	62271625	62270880	62270428	51748060	10522368	0.7195999999999999	12333475	2712840	31019	319426	15396760	0.17619551126340866	0.801043531236442	0.9672	0.97	18.0161	0.029170176404461456	0.035077217037197295	3.942025262630224e-5	1.1439511032994549e-4	7.887167982961223e-6	0.9706271264958342	0.8066119407358822	0.8308479211614415	0.8310214280203759	Retained By Filtering
M301213	0	1	0	Colon	negative	MSEB0012	G121eO302M	L06	39011.40604	15762.86088	5000	Lid8_Covaris_500639	Fail	3	15	G121e	ULV2_Half	TecanUDI_A_10nt	5.865	1e-4	728336	134082	5100	603814	109250400	19516520	36225219	0.729762	0.512493	0.65997	134082	133652	127576	420	6045	14	133662	127607	127562	127560	88234	39326	0.5844	26490	9261	60	545	36356	0.2547309935086368	0.7286280118824954	0.5811	0.6089	15.4807	0.8159063948507282	0.33157973792315637	5.766569275718899e-4	0.00829974077898113	1.9221897585729664e-5	0.17513894685969114	0.12114463654137651	0.6580599931385271	0.6917058639071809	Excluded By Filtering
M301214	42	24.48057503137178	3.55455605424101	Colon	positive	MSEB0012	G121eO302A	L06	42027.73956	15522.9237	5000	Lid8_Covaris_500639	Success	1	15	G121e	ULV2_Half	TecanUDI_A_10nt	4.0937	0.1959	6399700	5881298	155796	847821	959955000	868919248	32624237	0.524228	0.506737	0.256866	5881298	5879468	5875902	1015	3502	179	5880283	5875966	5875723	5875550	4835148	1040402	0.7428	1145718	268338	2481	31127	1447664	0.1853593098951138	0.7914253583704506	0.8432999999999999	0.8558	17.8323	0.08100410956763598	0.03398517326333005	1.5860118443052017e-4	5.472131506164352e-4	2.7970061096613904e-5	0.9180977233307811	0.7555272903417347	0.8221225994669884	0.8229268749308576	Retained By Filtering
M301215	5	4.693478433567583	2.4984192524784823	Colon	positive	MSEB0012	G121eO302A	L06	42176.40192	14898.68824	5000	Lid8_Covaris_500639	Success	2	15	G121e	ULV2_Half	TecanUDI_A_10nt	11.0086	0.2153	2430908	357646	15772	2107857	364636200	51260685	130958811	0.739269	0.515929	0.691092	357646	357546	355548	71	1988	25	357575	355558	355523	355518	288787	66731	0.7152	70506	16410	165	1691	88772	0.18485558509439912	0.7942369215518407	0.47229999999999994	0.5038	16.9238	0.8528755510286691	0.3591492314805826	2.9207193361492908e-5	8.178014141218014e-4	1.0284223014610178e-5	0.14624905590832726	0.11879799646880919	0.8074660418402555	0.8122992366068666	Retained By Filtering
M301216	66	34.71873613341314	3.870802950387068	Colon	positive	MSEB0012	G121eO302A	L06	41037.61278	15504.88414	5000	Lid8_Covaris_500639	Success	2	15	G121e	ULV2_Half	TecanUDI_A_10nt	3.2313	1.6258	37691894	35283240	474508	6529044	5653784100	5171815450	235140509	0.53277	0.518577	0.434121	35283240	35279956	35275160	1872	4630	305	35281368	35275326	35274855	35274550	29318048	5956502	0.7289	6650190	1543820	17176	191246	8402432	0.18373489961001768	0.7914601391597099	0.9535	0.9574	18.0183	0.06390376668256575	0.041589934253060706	4.966585123050596e-5	1.2283808290450992e-4	8.091925547705296e-6	0.9358656797665832	0.7778343003936071	0.8309341205626241	0.8311388238829411	Retained By Filtering
M301217	0	1	0	Colon	negative	MSEB0012	G121eO302Z	L06	NA	NA	5000	Lid8_Covaris_500639	NA	0	15	G121e	ULV2_Half	TecanUDI_A_10nt	3.4212	0.0085	681984	39070	2248	647286	102297600	5367740	40299054	0.758797	0.570072	0.693483	39070	38898	32272	161	6579	12	38909	32319	32260	32260	166	32094	NA	13316	3420	35	26	16797	0.20360778710484015	0.7927606120140501	0.8023	0.8176000000000001	13.0372	0.9427112659534534	0.39393938860735733	2.3607591966966966e-4	0.009646853885135136	1.759572072072072e-5	0.04730316253753754	2.4340746996996996e-4	0.004248784233427182	0.005145691258524488	Excluded By Filtering
M301218	0	1	0	Colon	negative	MSEB0012	G121eO302Z	L06	NA	NA	NA	Lid8_Covaris_500639	NA	0	15	G121e	ULV2_Half	TecanUDI_A_10nt	3.3529	0.0049	828890	58580	2828	782721	124333500	8047554	47843518	0.758436	0.495405	0.705404	58580	37304	31760	21175	5516	2	37405	31788	31758	31758	3073	28685	NA	13218	10716	20	80	24034	0.44586835316634765	0.5499708745943247	0.7298	0.7498	13.3581	0.929327172483683	0.3847998970510763	0.025546212404541014	0.006654682768521758	2.4128653983037556e-6	0.03831388965966533	0.0037073676844937204	0.05245817685216798	0.09676302034133132	Excluded By Filtering
M301219	58	34.11722778042355	3.9139693935341673	Colon	positive	MSEB0012	G121eO302A	L06	41631.10404	19763.12466	5000	Lid8_Covaris_500639	Success	2	15	G121e	ULV2_Half	TecanUDI_A_10nt	4.4865	1.1822	26703822	24356692	297886	5797737	4005573300	3557826106	219221763	0.534177	0.511895	0.509561	24356692	24349222	24342074	6221	7009	306	24350471	24342213	24341768	24341488	20405540	3935948	0.7	4649536	1107387	11237	126412	5894572	0.187865548168722	0.7887826291713801	0.9628	0.9659	17.8462	0.08789490882615979	0.05472918520802004	2.329629069576632e-4	2.6247179149112065e-4	1.1459033841672552e-5	0.9115357344727657	0.7641430503843233	0.8377796130936007	0.8383029007922606	Retained By Filtering
M301220	0	1	0	Colon	positive	MSEB0012	G121eO302A	L06	42059.98008	19995.09968	5000	Lid8_Covaris_500639	Fail	3	15	G121e	ULV2_Half	TecanUDI_A_10nt	1.9444	0	125968	105676	4984	17175	18895200	15770597	986146	0.53162	0.492908	0.267179	105676	105636	105244	20	385	11	105656	105251	105233	105224	84655	20569	0.3815	19489	5507	39	526	25561	0.21544540510934623	0.7624506083486562	0.5922	0.6194	15.1625	0.16108853042042423	0.05219029171429781	1.5877048139209958e-4	0.003056331766797917	8.732376476565477e-5	0.8353232567001143	0.6720357551124095	0.8010806616450282	0.8045217821029423	Excluded By Filtering
M301221	0	1	0	Colon	negative	MSEB0012	G121eO302M	L06	46533.8833	20610.2201	5000	Lid8_Covaris_500639	Success	1	15	G121e	ULV2_Half	TecanUDI_A_10nt	2.6957	1.5686	799018	65972	3944	734372	119852700	9488921	46091725	0.761711	0.552701	0.769705	65972	65922	60392	34	5507	11	65938	60415	60381	60378	29473	30905	0.2341	16654	4458	27	263	21402	0.2082982898794505	0.7781515746191945	0.8992999999999999	0.9075	13.1369	0.9174336498051358	0.38456976772321355	4.255223286584282e-5	0.006892210188005777	1.3766898868360913e-5	0.07556525635217229	0.036886528213381925	0.4467501364215122	0.48814137599788004	Excluded By Filtering
M301222	24	17.074843696456192	3.3240602503669017	Colon	positive	MSEB0012	G121eO302A	L06	42382.1472	19683.53096	5000	Lid8_Covaris_500639	Success	1	15	G121e	ULV2_Half	TecanUDI_A_10nt	21.8406	0.1475	3567672	2837840	50356	878596	535150800	419868914	47112128	0.558903	0.503693	0.311932	2837840	2835974	2834366	1658	1575	57	2836182	2834399	2834309	2834254	2344940	489314	0.7059000000000001	566861	126228	1149	15111	709349	0.1779490772525231	0.7991284966920373	0.7468	0.7657	17.7431	0.20456813294495682	0.08803523791798498	4.6472882036241e-4	4.4146434986175857e-4	1.5976805042616026e-5	0.7944267298114849	0.6572745476602109	0.8263115609054774	0.8273570399830079	Retained By Filtering
M301223	54	30.57799839602512	3.7895995799627444	Colon	positive	MSEB0012	G121eO302A	L06	43057.7278	19442.03462	5000	Lid8_Covaris_500639	Success	3	15	G121e	ULV2_Half	TecanUDI_A_10nt	9.6504	1.6276	36858972	30607784	630362	8963624	5528845800	4500300404	423427799	0.557017	0.514612	0.536874	30607784	30603034	30595466	2531	7358	543	30605253	30595676	30594923	30594386	25409383	5185003	0.7373000000000001	5868225	1343861	13640	163579	7389305	0.18186568290251923	0.794151141413164	0.9666	0.9694	17.7758	0.16959745920206348	0.07658520680754019	6.866713482947923e-5	1.996257519064829e-4	1.4731827029793451e-5	0.8300390472094555	0.6893676524673559	0.8301608179148154	0.8305243648295475	Retained By Filtering
M301224	44	27.186986978958608	3.6849804474367875	Colon	positive	MSEB0012	G121eO302A	L06	43016.46686	20834.8727	5000	Lid8_Covaris_500639	Success	1	15	G121e	ULV2_Half	TecanUDI_A_10nt	6.581	0.6892	13456704	11778032	207192	2843400	2018505600	1727789964	125423125	0.536878	0.505125	0.484692	11778032	11775156	11769740	1903	5222	212	11776129	11769934	11769528	11769316	9755423	2013893	0.7415999999999999	2255498	556001	5620	61427	2878546	0.19315341842721984	0.7835546140308336	0.9325	0.9381	17.6635	0.12474614883406814	0.06213662473861851	1.4141650139588415e-4	3.8805936431387654e-4	1.5754229267434283e-5	0.8746061442683142	0.7249489176547244	0.828272753886218	0.8288861476741723	Retained By Filtering
M301225	22	12.378120714196749	3.1610888194045486	Colon	positive	MSEB0012	G121eO302A	L06	43704.72608	20651.31374	5000	Lid8_Covaris_500639	Success	3	15	G121e	ULV2_Half	TecanUDI_A_10nt	5.788	0.3253	7281544	5970356	91272	1801395	1092231600	879211553	91686590	0.53854900000000006	0.488409	0.528797	5970356	5968954	5964122	1059	4785	77	5969297	5964169	5964045	5963976	4886619	1077357	0.7387999999999999	1430086	227375	2332	27417	1687210	0.13476390016654713	0.8476040326930258	0.9283	0.9342	17.0898	0.18007005107707927	0.0839442751885223	1.4543618770963962e-4	6.57140848149788e-4	1.057468031505406e-5	0.8190537611253877	0.671096542161937	0.8184803385258769	0.8193559129010579	Retained By Filtering
M301226	8	7.621522292702946	2.3027153791156336	Colon	positive	MSEB0012	G121eO302A	L06	43160.88838	20993.32974	5000	Lid8_Covaris_500639	Success	2	15	G121e	ULV2_Half	TecanUDI_A_10nt	12.641	0.0215	4745660	1302138	44294	3445261	711849000	193102481	213377446	0.712506	0.542796	0.731049	1302138	1301842	1301746	152	74	31	1301986	1301768	1301715	1301684	1091733	209951	0.7326	238420	49544	746	7025	295735	0.16752836153989217	0.8061947351514024	0.8792	0.889	16.3002	0.7256149829528453	0.29975099494415247	3.202926463337028e-5	1.5593194624140793e-5	6.53228423443736e-6	0.2742893506909471	0.23004871819725814	0.8384157439534059	0.8387081657299313	Retained By Filtering
M301227	1	1	1	Colon	positive	MSEB0012	G121eO302A	L06	43696.68908	20943.26056	5000	Lid8_Covaris_500639	Success	1	15	G121e	ULV2_Half	TecanUDI_A_10nt	2.1013	0	986246	514644	9658	501150	147936900	76200589	29733998	0.657624	0.541001	0.592136	514644	514544	514508	50	34	12	514594	514510	514496	514484	431479	83005	0.787	101816	20070	308	2430	124624	0.16104442162023366	0.8169854923610219	0.865	0.8758	15.4415	0.4781788722083537	0.20099108471246863	5.06972905340047e-5	3.4474157563123196e-5	1.2167349728161128e-5	0.5216588964619375	0.43749632444643627	0.8384028571206504	0.8386635930369069	Retained By Filtering
M301228	0	1	0	Colon	negative	MSEB0012	G121eO302R	NA	NA	NA	NA	Lid8_Covaris_500639	NA	0	15	G121e	ULV2_Half	TecanUDI_A_10nt	6.9876	0.0067	1675814	3432	12222	1646886	251372100	466838	104726705	0.770574	0.578706	0.766566	3432	3420	2990	9	423	1	3423	2997	2989	2988	163	2825	NA	1122	280	0	0	1402	0.19971469329529243	0.8002853067047075	0.7677	0.7853	10.6994	0.9979520400235349	0.416620241466734	5.3705244138072605e-6	2.524146474489412e-4	5.967249348674734e-7	0.0017830141053840104	9.726616438339816e-5	0.047494172494172496	0.054551539491298526	Excluded By Filtering
M301229	47	24.99399048839966	3.801479796990134	Colon	positive	MSEB0012	G121eO302A	L06	44259.10418	18857.47514	5000	Lid8_Covaris_500639	Success	2	15	G121e	ULV2_Half	TecanUDI_A_10nt	3.4039	0.7609	17231078	16276280	181350	2423099	2584661700	2400441536	85989442	0.505288	0.491819	0.50996	16276280	13844876	13841326	2390500	3423	220	13885780	13841453	13841106	13840908	11394893	2446015	0.6098	2958319	1710325	5905	68122	4742671	0.3606248462100787	0.6237664387852331	0.9434	0.9481	17.5963	0.05541139097623492	0.03326912841243401	0.1387318889740967	1.9865269021473875e-4	1.2767628351516951e-5	0.8032525881433535	0.6612989042241002	0.7000919743332015	0.8232764064322947	Retained By Filtering
M301230	0	1	0	Colon	positive	MSEB0012	G121eO302A	L06	43066.24554	18489.32286	5000	Lid8_Covaris_500639	Fail	3	15	G121e	ULV2_Half	TecanUDI_A_10nt	3.8838	0	1224694	83512	7306	1124567	183704100	12368729	70984602	0.760856	0.508972	0.748817	83512	83482	83404	15	77	1	83497	83405	83403	83402	67668	15734	0.5506	20135	2812	32	327	23306	0.12065562516090277	0.8639406161503476	0.7435	0.7626	14.3184	0.9318099051681481	0.38640728214558084	1.224795744896276e-5	6.287284823800883e-5	8.165304965975174e-7	0.06810027647722615	0.055252985643760806	0.8102787623335569	0.811347449701446	Excluded By Filtering
M301231	0	1	0	Colon	positive	MSEB0012	G121eO302A	L06	42388.98832	17963.92916	5000	Lid8_Covaris_500639	Success	1	15	G121e	ULV2_Half	TecanUDI_A_10nt	5.4429	0.0173	1112550	57308	12302	1036192	166882500	8513050	65524741	0.768767	0.630939	0.749279	57308	57272	57260	18	11	2	57290	57261	57258	57256	49654	7602	0.26	11557	2168	61	189	13975	0.15513416815742398	0.8269767441860465	0.8328	0.846	13.4466	0.9484895060896139	0.3926399772294878	1.6179048132668196e-5	9.887196081075009e-6	1.7976720147409106e-6	0.05146375443800279	0.04463080310997258	0.8664409855517554	0.8672278887802152	Excluded By Filtering
M301232	0	1	0	Colon	negative	MSEB0012	G121eO302M	L06	39003.48548	18070.02466	5000	Lid8_Covaris_500639	Fail	3	15	G121e	ULV2_Half	TecanUDI_A_10nt	3.9892	0	393782	384	2350	387338	59067300	54772	23951926	0.785715	0.604689	0.593349	384	384	382	0	2	0	384	382	382	382	240	142	NA	109	5	0	0	114	0.04385964912280701	0.956140350877193	0.6678000000000001	0.6914	9.1552	0.9990248411557664	0.4055022999189061	0	5.078952313716726e-6	0	9.700798919198948e-4	6.094742776460071e-4	0.625	0.6282722513089005	Excluded By Filtering
M301233	59	33.985256292512446	3.589170815422991	Colon	positive	MSEB0012	G121eO302A	L06	40950.9359	17939.24252	5000	Lid8_Covaris_500639	Success	1	15	G121e	ULV2_Half	TecanUDI_A_10nt	3.0225	1.5541	35412012	33770122	454040	5371572	5311801800	4957375530	174983641	0.528021	0.518487	0.487113	33770122	33762422	33752554	5511	9638	546	33764611	33752784	33752008	33751482	28359205	5392277	0.7073	6058268	1562806	15835	196995	7833904	0.1994926156868912	0.7733395762827832	0.9607	0.964	17.8782	0.04636534066463097	0.03294242661689674	1.5562515905619823e-4	2.721675345642603e-4	1.541849697780516e-5	0.9531082842737092	0.800835744662009	0.8397720624165942	0.8402358450511892	Retained By Filtering
M301234	0	1	0	Colon	positive	MSEB0012	G103bO201A	L06	76973.21772	17889.40386	5000	Lid8_Covaris_500639	Fail	3	15	G103b	ULV2_Half	TecanUDI_A_10nt	4.1402	0.0022	897042	220852	7456	704837	134556300	31883776	41259959	0.708315	0.474577	0.715681	220852	21158	19314	197015	1826	17	23837	19332	19297	19294	1400	17894	NA	93635	5143	22	37	98837	0.05203516901565203	0.947367888543764	0.8234999999999999	0.8373	12.2935	0.7537997106044088	0.3066371399927019	0.21962739760234193	0.0020355791590583273	1.895117508433273e-5	0.021508468945712688	0.0015606850069450483	0.006339086809265934	0.07256141805742718	Excluded By Filtering
M301235	0	1	0	Colon	positive	MSEB0012	G103bO201A	L06	77607.21188	18093.72196	5000	Lid8_Covaris_500639	Success	1	15	G103b	ULV2_Half	TecanUDI_A_10nt	3.3072	0.0214	4688402	3785548	81758	1522596	703260300	548687079	69634762	0.535812	0.48015	0.534725	3785548	158076	153760	3592616	4154	131	192932	153922	153629	153564	477	153087	NA	1687661	14299	105	248	1702313	0.00839974787245353	0.9913928872069944	0.8877000000000002	0.8968	13.5482	0.19257179738426866	0.09901705243421248	0.7662772944811473	8.86016173527782e-4	2.7941290017366258e-5	0.03275401725363994	1.017404224296466e-4	1.260055347336766e-4	0.0031061967648667657	Excluded By Filtering
M301236	0	1	0	Colon	positive	MSEB0012	G103bO201A	L06	NA	NA	NA	Lid8_Covaris_500639	Success	1	15	G103b	ULV2_Half	TecanUDI_A_10nt	0.0321	0.0155	1192412	943544	20524	367405	178861800	137553502	18243164	0.532177	0.472568	0.426192	943544	41920	40102	893091	1783	23	50453	40137	40079	40068	295	39773	NA	419016	5627	44	105	424792	0.01324648298461364	0.98640275711407	0.8034	0.8186	12.9402	0.20870974126392555	0.10199586496389951	0.7489785409740929	0.001495288541208911	1.9288635136177764e-5	0.0336024796798422	2.473977115292365e-4	3.126510263432336e-4	0.007362483777578117	Excluded By Filtering
M301237	0	1	0	Colon	positive	MSEB0012	G103bO201A	L06	77777.23082	17719.40276	5000	Lid8_Covaris_500639	Success	1	15	G103b	ULV2_Half	TecanUDI_A_10nt	15.3495	0.2173	1795928	1037498	34274	762692	269389200	153842749	46403808	0.589701	0.45028	0.416147	1037498	41904	40608	984812	1198	36	52686	40706	40572	40550	1133	39417	NA	459514	3911	36	70	463531	0.00843740763832408	0.9913339129421764	0.609	0.6355	13.7547	0.4223053485440396	0.17225563608340647	0.5483582860782837	6.670646039262153e-4	2.0045347029502298e-5	0.02257885616795328	6.308716162340583e-4	0.0010920502979282851	0.027940813810110973	Excluded By Filtering
M301238	0	1	0	Colon	positive	MSEB0012	G103bO201A	L06	77663.7341	17415.10366	5000	Lid8_Covaris_500639	Success	1	15	G103b	ULV2_Half	TecanUDI_A_10nt	5.3759	0	1402656	495588	14166	951666	210398400	72553279	57719562	0.668276	0.464331	0.616214	495588	32654	30594	458756	2027	22	36832	30627	30572	30564	75	30489	NA	216777	6143	29	42	222991	0.02754819701243548	0.9721334044871768	0.6354	0.6607	13.6527	0.6466788720826774	0.27433460520612324	0.32706237309789427	0.0014451155522095225	1.5684529920379622e-5	0.02179008965847649	5.3469988364930534e-5	1.5133538342332743e-4	0.002453867294856694	Excluded By Filtering
M301239	0	1	0	Colon	negative	MSEB0012	G103bO201M	L06	74579.80154	12638.55838	5000	Lid8_Covaris_500639	Fail	3	15	G103b	ULV2_Half	TecanUDI_A_10nt	5.5329	0.0014	1661694	111136	6634	1565665	249254100	15570962	97949848	0.764869	0.563086	0.7678	111136	99982	76176	10996	23524	2	100140	76458	76174	76174	392	75782	0.107	28918	17738	57	313	47026	0.37719559392676394	0.6149364181516608	0.8942	0.9028	13.2951	0.9331188534110372	0.39297186284999924	0.006617343506084754	0.014156637744374114	1.203591034209668e-6	0.045841171719943626	2.3590384270509492e-4	0.0035272099049812843	0.005146112846903143	Excluded By Filtering
M301240	0	1	0	Colon	positive	MSEB0012	G103bO201A	L06	77772.2919	17109.32376	5000	Lid8_Covaris_500639	Success	3	15	G103b	ULV2_Half	TecanUDI_A_10nt	5.0247	0.0786	3546094	2505918	35076	1520562	531914100	361936345	76580813	0.583457	0.499145	0.597742	2505918	1532938	1526426	960498	6448	33	1545420	1526490	1526393	1526378	4561	1521817	0.4357	531292	485336	319	1609	1018556	0.4764941741053021	0.5216129500979818	0.926	0.9321	15.96	0.2933300696484639	0.14397214324643773	0.27086084012437345	0.0018183387129613597	9.306013884572717e-6	0.4304392382153434	0.001286203919016247	0.0018200914794498464	0.0029881195876774952	Excluded By Filtering
M301241	0	1	0	Colon	negative	MSEB0012	G103bO201Z	L06	NA	NA	NA	Lid8_Covaris_500639	NA	0	15	G103b	ULV2_Half	TecanUDI_A_10nt	6.0583	0.0065	2133642	29732	9354	2087083	320046300	4107341	131953916	0.779549	0.585157	0.783176	29732	29506	24496	217	4974	6	29515	24532	24490	24488	195	24293	NA	10267	2746	17	11	13041	0.2105666743347903	0.787286251054367	0.8232	0.8371	12.6679	0.9860651411998826	0.4122963333742649	1.0170403469747971e-4	0.0023312252008537513	2.8120931252759367e-6	0.01147708940862619	9.139302657146794e-5	0.006558590071303646	0.007963083959490363	Excluded By Filtering
M301242	0	1	0	Colon	positive	MSEB0012	G103bO201A	L06	77441.5691	17395.98792	5000	Lid8_Covaris_500639	Success	2	15	G103b	ULV2_Half	TecanUDI_A_10nt	2.7177	0.265	10458364	9770588	210190	1783803	1568754600	1430987044	61520054	0.46138	0.443224	0.48174	9770588	329376	298446	9363001	28099	211	407587	301277	298235	298118	2214	295904	9e-4	4354454	32177	398	707	4387736	0.0073333947165463	0.9924147669777762	0.888	0.8971000000000001	13.965	0.06576324939541213	0.03921585568577775	0.8952644027306756	0.0026867490938353267	2.0175239645512435e-5	0.02850522318787145	2.1169659040362336e-4	2.2659844013482095e-4	0.007426589471283183	Excluded By Filtering
M301243	0	1	0	Colon	positive	MSEB0012	G103bO201A	L06	77316.98362	17388.81284	5000	Lid8_Covaris_500639	Success	2	15	G103b	ULV2_Half	TecanUDI_A_10nt	2.4292	0.0161	1318528	1038718	19458	466916	197779200	150892889	20316841	0.546984	0.484776	0.524365	1038718	80384	69588	950711	10667	54	88007	69717	69534	69518	308	69210	NA	455543	11828	37	128	467536	0.02529858663290099	0.9743484993668936	0.8524	0.8642	13.2114	0.2122139234054946	0.10272486186616187	0.7210396745461606	0.008090082273565674	4.095476167362392e-5	0.052723946704203474	2.3359382584215124e-4	2.965193632920581e-4	0.004430507206766593	Excluded By Filtering
M301244	0	1	0	Colon	negative	MSEB0012	G103bO201M	L06	74826.20238	11501.17874	5000	Lid8_Covaris_500639	Success	3	15	G103b	ULV2_Half	TecanUDI_A_10nt	1.6879	8e-4	1478784	894514	19374	664580	221817600	131251755	38406065	0.590472	0.472442	0.62944	894514	302408	292112	586704	10247	63	307810	292161	292049	292040	4025	288015	0.26649999999999996	287714	120945	19	592	409270	0.29551396388692064	0.7029931341168422	0.9461	0.9506	13.9767	0.3951016510862979	0.17314255045587004	0.3967475980264866	0.00692934194581494	4.260257076084134e-5	0.19748658357136675	0.002721830909720419	0.004499650089322247	0.013782358581016299	Excluded By Filtering
M301245	0	1	0	Colon	positive	MSEB0012	G103bO201A	L06	77572.82094	17674.09364	5000	Lid8_Covaris_500639	Success	2	15	G103b	ULV2_Half	TecanUDI_A_10nt	2.072	0.0089	971326	560700	9110	582119	145698900	78953630	29045123	0.614911	0.494585	0.615688	560700	279882	172224	278132	107060	380	282568	172822	171844	171814	873	170941	0.16510000000000002	188768	55043	44	483	244338	0.22527400568065548	0.7725691460190393	0.9048	0.9127	14.0257	0.42274787249594886	0.19935032453916948	0.2863425873496643	0.11022046151343627	3.9121777858309157e-4	0.176886030024935	8.987713702711551e-4	0.0015569823434991973	0.005081076047353534	Excluded By Filtering
M301246	0	1	0	Colon	negative	MSEB0012	G103bO201R	NA	NA	NA	NA	Lid8_Covaris_500639	NA	0	15	G103b	ULV2_Half	TecanUDI_A_10nt	1.6904	1e-4	411500	61288	2560	367244	61725000	8395169	22573025	0.756837	0.593985	0.64662	61288	60214	52408	1058	7763	34	60230	52451	52374	52372	1867	50505	NA	21025	4626	50	25	25726	0.17981808287335768	0.8172665785586566	0.9224	0.9288	12.5547	0.8510619684082624	0.36570311867152694	0.002571081409477521	0.01886512758201701	8.262454434993924e-5	0.12727095990279466	0.004537059538274605	0.030462733324631248	0.03564881998014206	Excluded By Filtering
M301247	0	1	0	Colon	positive	MSEB0012	G103bO201A	L06	77720.86236	18018.8341	5000	Lid8_Covaris_500639	Success	1	15	G103b	ULV2_Half	TecanUDI_A_10nt	2.9931	0.1246	1589058	1119290	29176	702522	238358700	160838117	33836472	0.587446	0.515695	0.591404	1119290	138358	129194	971173	9091	51	148117	129267	129143	129124	730	128394	NA	479530	24706	61	164	504461	0.04897504465161826	0.9505789347442122	0.9304	0.9362	13.1449	0.29562671721233585	0.14195610229456698	0.6111627140104389	0.005720999485229614	3.209448616727646e-5	0.08125820454634129	4.5939166474729054e-4	6.52199161968748e-4	0.005653480375453053	Excluded By Filtering
M301248	0	1	0	Colon	positive	MSEB0012	G103bO201A	L06	77530.25594	17869.56198	5000	Lid8_Covaris_500639	Fail	3	15	G103b	ULV2_Half	TecanUDI_A_10nt	2.2574	0.0208	2581266	2253082	43904	657416	387189900	328347556	26692954	0.511823	0.477005	0.520449	2253082	110754	101090	2122880	9520	64	130202	101234	101026	100998	758	100240	0.0034	997279	16167	63	214	1013723	0.01594814362503366	0.9837786061872918	0.8905999999999998	0.8995000000000001	13.2241	0.12714071312294045	0.06894021254170112	0.8224181467543445	0.003688112732279432	2.4794035174987777e-5	0.03912731194692837	2.9365435410376147e-4	3.3642805721229854e-4	0.007505099110873483	Excluded By Filtering
M301249	0	1	0	Colon	positive	MSEB0012	G103bO201A	L06	77319.24336	17758.0221	5000	Lid8_Covaris_500639	Fail	3	15	G103b	ULV2_Half	TecanUDI_A_10nt	1.1948	0.0496	543690	264730	3858	337605	81553500	37812290	19100039	0.64991	0.515435	0.693899	264730	131014	113776	132791	17158	50	131939	113856	113726	113724	689	113035	NA	67925	44038	35	108	112106	0.3928246481009045	0.6058997734287193	0.9522	0.9562	12.93	0.513086501499016	0.23420256641345866	0.2442402839853593	0.03155842483768324	9.196417075907226e-5	0.20917066710809468	0.0012672662730600158	0.002602651758395346	0.006058527663465935	Excluded By Filtering
M301250	0	1	0	Colon	positive	MSEB0012	G103bO201B	L06	75621.87456	30505.5806	5000	Lid8_Covaris_500639	Success	2	15	G103b	ULV2_Half	TecanUDI_A_10nt	3.7439	0.0207	2598990	1465910	19580	1410699	389848500	212700403	77051939	0.610677	0.486503	0.577945	1465910	141588	117868	1315136	23594	61	150774	117994	117807	117798	2567	115231	0.0143	630395	27275	57	197	657924	0.04145615603017977	0.9581577811418948	0.8084	0.8233	14.0991	0.43596935732726944	0.19764585217077915	0.5060181070338863	0.009078141893581738	2.3470655908641434e-5	0.04532452991354334	9.87691372417747e-4	0.0017511306969732112	0.021791541452316678	Excluded By Filtering
M301251	0	1	0	Colon	positive	MSEB0012	G103bO201B	L06	75752.94798	30541.356	5000	Lid8_Covaris_500639	Fail	3	15	G103b	ULV2_Half	TecanUDI_A_10nt	1.906	0.0963	7243132	6527664	99266	1149998	1086469800	965435804	51053420	0.48493000000000003	0.455901	0.606122	6527664	812764	356280	5664236	453910	142	863428	358854	356138	356056	4078	351978	0.0106	2816355	82038	245	822	2899460	0.02829423409876321	0.9713377663426984	0.9436	0.9483	13.9985	0.09877881557315261	0.04699018785427814	0.7820147416890925	0.06266764156721154	1.960477870622819e-5	0.049157740049470315	5.630161096056237e-4	6.247257824544891e-4	0.011453254544228998	Excluded By Filtering
M301252	0	1	0	Colon	positive	MSEB0012	G103bO201B	L06	75884.3824	30014.15774	5000	Lid8_Covaris_500639	Success	1	15	G103b	ULV2_Half	TecanUDI_A_10nt	1.6943	0.2142	6512540	5642734	120728	1441274	976881000	828532677	63236424	0.510705	0.473504	0.583827	5642734	2920292	597058	2688688	2305949	218	2954046	614343	596840	596746	2708	594038	0.0828	2288080	187492	147	1292	2477011	0.07569284108952282	0.9237262167991988	0.9552	0.959	14.4636	0.13355864225018196	0.06473298590104629	0.4128478289576724	0.3540782858915262	3.3473882694002644e-5	0.09163030092713442	4.1581318502458334e-4	4.7990920713257085e-4	0.00453794411692747	Excluded By Filtering
M301253	0	1	0	Colon	negative	MSEB0012	G103bO201Z	L06	NA	NA	NA	Lid8_Covaris_500639	NA	0	15	G103b	ULV2_Half	TecanUDI_A_10nt	5.1463	0	1678570	78392	9760	1595870	251785500	11017079	96935619	0.784026	0.583313	0.770934	78392	78274	66360	97	11870	11	78295	66404	66349	66346	393	65953	0.2016	25739	7460	21	36	33256	0.2243204233822468	0.7739656001924464	0.9318	0.9374	12.8749	0.9532983432326325	0.3849928570151975	5.7787283223219767e-5	0.007071495379996068	6.553197066550695e-6	0.03952531023430658	2.3412785883222028e-4	0.0050132666598632514	0.005923491996503181	Excluded By Filtering
M301254	0	1	0	Colon	positive	MSEB0012	G103bO201B	L06	76237.51194	30780.0352	5000	Lid8_Covaris_500639	Success	2	15	G103b	ULV2_Half	TecanUDI_A_10nt	1.2429	0	346574	24336	3630	319249	51986100	3471105	19527524	0.767169	0.597717	0.702442	24336	24314	21792	12	2496	1	24324	21818	21791	21790	626	21164	NA	9623	1324	2	0	10949	0.12092428532286054	0.8788930495935702	0.947	0.9515	11.1862	0.92978122998263	0.3756297164049621	3.462464004801283e-5	0.0072019251299866695	2.885386670667736e-6	0.06287257555384997	0.0018062520558380028	0.02572320841551611	0.028728774667278568	Excluded By Filtering
M301255	0	1	0	Colon	positive	MSEB0012	G103bO201B	L06	75363.7501	31063.84194	5000	Lid8_Covaris_500639	Success	1	15	G103b	ULV2_Half	TecanUDI_A_10nt	1.5236	0.0016	2834520	2245092	70162	808036	425178000	328227760	39874295	0.604796	0.565986	0.582738	2245092	881788	701510	1305964	178618	1328	939128	703170	700182	700104	2068	698036	0.1293	799032	223548	235	1020	1023835	0.21834377609673433	0.7804304404518306	0.965	0.968	14.4233	0.2079463189534736	0.09378259223195932	0.46073550371844263	0.06301525478740669	0.00046850965948379265	0.24699208331569367	7.295767890154241e-4	9.211203817037341e-4	0.002953846857038383	Excluded By Filtering
M301256	0	1	0	Colon	positive	MSEB0012	G103bO201B	L06	75320.34734	30629.36526	5000	Lid8_Covaris_500639	Success	2	15	G103b	ULV2_Half	TecanUDI_A_10nt	1.2547	22.9281	70122736	67290176	1325760	7062383	10518410400	9953158200	221712458	0.438903	0.429672	0.307282	67290176	1411942	1378630	65362344	30714	1606	1927832	1381228	1377024	1376038	339	1375699	0.001	30001182	88232	2550	5329	30097293	0.00293155932661452	0.9968066563328468	0.8557000000000001	0.8672	14.6977	0.0403943166165108	0.021078513726750955	0.9321134303715702	4.380034458438701e-4	2.290270020268462e-5	0.019623278817871567	4.8343806779016724e-6	5.037882498628031e-6	2.4635947553773953e-4	Excluded By Filtering
M301257	0	1	0	Colon	negative	MSEB0012	G103bO201M	L06	72946.82376	24734.74284	5000	Lid8_Covaris_500639	Success	3	15	G103b	ULV2_Half	TecanUDI_A_10nt	1.0024	0.0157	406622	214910	4226	245320	60993300	30418998	13135601	0.665431	0.560191	0.638529	214910	189908	148674	24365	40891	94	190545	149017	148580	148580	1094	147486	0.0913	54195	35330	82	128	89735	0.3937148269905834	0.6039449490165487	0.9523	0.9563	13.0964	0.4714747357496643	0.21536137575766517	0.05992051585993872	0.10056268475389919	2.3117293210893656e-4	0.3654007899228276	0.002690459443906134	0.00509050300125634	0.00736303674787993	Excluded By Filtering
M301258	0	1	0	Colon	positive	MSEB0012	G103bO201B	L06	75930.61952	30247.2115	5000	Lid8_Covaris_500639	Success	2	15	G103b	ULV2_Half	TecanUDI_A_10nt	4.5346	0.1625	1519160	1100778	22336	570019	227874000	160581318	27741133	0.578376	0.498695	0.58509	1100778	160266	134100	929528	25968	114	171250	134298	133986	133954	13217	120737	0.0388	455736	38398	64	119	494317	0.0776788983587455	0.9219508938596084	0.9028	0.9107	13.6924	0.2754035124674162	0.12173891273247496	0.6118697174754469	0.01709365702098528	7.50414702862108e-5	0.08817636062034283	0.008700202743621476	0.012006962348448098	0.09866819953118235	Excluded By Filtering
M301259	0	1	0	Colon	negative	MSEB0012	G103bO201M	L06	72945.5192	24746.81002	5000	Lid8_Covaris_500639	Success	2	15	G103b	ULV2_Half	TecanUDI_A_10nt	0.8529	0.0895	3608056	3389698	52196	542308	541208400	499864288	18386215	0.517965	0.504845	0.60234	3389698	3213564	1225732	173620	1969011	445	3216078	1244553	1225287	1225268	10143	1215125	0.321	945827	509222	294	3431	1458774	0.3490753194120542	0.6483711664726681	0.9685	0.9712	14.7763	0.06051957064967949	0.03397252333851433	0.04812009569696257	0.5457262858447873	1.233351145325904e-4	0.33959229014183817	0.002811209138660819	0.0029923019690839717	0.008278188934992181	Excluded By Filtering
M301260	0	1	0	Colon	negative	MSEB0012	G103bO201Z	L06	NA	NA	NA	Lid8_Covaris_500639	NA	0	15	G103b	ULV2_Half	TecanUDI_A_10nt	1.1669	4e-4	193820	89350	2810	124598	29073000	12714914	6871646	0.68523	0.571326	0.576236	89350	89214	75372	124	13757	0	89226	75457	75372	75372	1122	74250	NA	31483	7279	81	25	38868	0.18727487907790472	0.8099979417515694	0.9392	0.9443	12.8483	0.5390052626147972	0.23635833935266398	6.397688577030234e-4	0.070978227221133	0	0.38887627695800225	0.005788876276958003	0.012557358701734751	0.0148861646234676	Excluded By Filtering
M301261	0	1	0	Colon	positive	MSEB0012	G103bO201B	L06	75795.9237	30449.4183	5000	Lid8_Covaris_500639	Success	3	15	G103b	ULV2_Half	TecanUDI_A_10nt	0.8383	1.7598	42182008	40564574	685518	6755641	6327301200	5952620717	185037828	0.478549	0.470286	0.627213	40564574	1691026	1545680	38487577	143247	1156	2076997	1547779	1544524	1544052	15140	1528912	0.0018	18047782	131399	1375	3476	18184032	0.00722606515430681	0.9925071623279148	0.9657	0.9686	14.1357	0.03834416796848552	0.029244352710757628	0.9124169005894646	0.0033959265286754485	2.7405049091072193e-5	0.03660451631415935	3.589207986495095e-4	3.73232071905895e-4	0.009805369249222177	Excluded By Filtering
M301262	0	1	0	Colon	positive	MSEB0012	G103bO201B	L06	76189.756	30949.87328	5000	Lid8_Covaris_500639	Success	2	15	G103b	ULV2_Half	TecanUDI_A_10nt	0.5549	0.4729	14850188	14186374	264494	2701779	2227528200	2078195661	72720865	0.506535	0.497322	0.616832	14186374	799778	764824	13262040	34022	628	924334	765756	764196	763888	4406	759482	NA	6280601	86005	509	732	6367847	0.01350613480506048	0.9862989798592836	0.9639	0.967	13.6645	0.04470071355325603	0.03264643967245847	0.8930553606459393	0.0022910147669510986	4.2289026913329314e-5	0.05143961813816768	2.966965805416066e-4	3.1057971543679873e-4	0.005767861257147644	Excluded By Filtering
M301263	0	1	0	Colon	positive	MSEB0012	G103bO201B	L06	76197.25722	30864.4246	5000	Lid8_Covaris_500639	Fail	3	15	G103b	ULV2_Half	TecanUDI_A_10nt	2.2087	0.0046	529366	252950	7358	347306	79404900	35407054	19324766	0.671012	0.561768	0.61605	252950	146070	131856	105600	14097	89	147350	131973	131767	131764	2489	129275	NA	60492	47296	120	59	107967	0.438059777524614	0.5602823084831476	0.9499	0.9541	13.085	0.5221642493095514	0.24336994316471652	0.19948391094252368	0.02662996867951474	1.681256446390588e-4	0.24890907236203308	0.004701850893332779	0.009839889306186993	0.018889833338392885	Excluded By Filtering
M301264	0	1	0	Colon	positive	MSEB0012	G103bO201B	L06	75815.00372	29900.73796	5000	Lid8_Covaris_500639	Success	1	15	G103b	ULV2_Half	TecanUDI_A_10nt	5.1247	0.0121	456298	267802	5696	234211	68444700	38217325	12415881	0.619261	0.509699	0.516434	267802	116068	96842	150644	19094	46	117158	96974	96796	96786	3653	93133	0.0974	86993	24833	44	199	112069	0.22158670105024583	0.7762449919246178	0.7833	0.79990000000000006	14.185	0.4130984575869278	0.18140018146036144	0.33014389718999426	0.041845460641948905	1.0081131190581593e-4	0.21211138335035437	0.008005733095477079	0.01364067482692437	0.03774306201310107	Excluded By Filtering
M301265	0	1	0	Colon	positive	MSEB0012	G103bO201B	L06	75583.44432	29860.94888	5000	Lid8_Covaris_500639	Success	2	15	G103b	ULV2_Half	TecanUDI_A_10nt	0.4652	0.0385	4119510	3808586	64764	1096206	617926500	549808306	36569561	0.515445	0.497902	0.611056	3808586	718804	649830	3066305	68066	270	742281	650738	649560	649526	8441	641085	0.0787	1485100	204133	420	1662	1691315	0.12069484395278232	0.8780741612295758	0.9653	0.9682	14.1392	0.07547596680187692	0.0591810854527197	0.7443373119618596	0.016522838881323266	6.554177559952518e-5	0.1576706938446563	0.0020490301030947856	0.0022163080996464306	0.012995630659896602	Excluded By Filtering
M301266	0	1	0	Colon	positive	MSEB0012	G103bO201C	L06	75647.36776	30082.76744	5000	Lid8_Covaris_500639	Success	1	15	G103b	ULV2_Half	TecanUDI_A_10nt	15.298400000000001	0.3285	10484894	1247352	121680	9176352	1572734100	182690234	577613087	0.745621	0.470133	0.732471	1247352	81872	75948	1155999	5842	64	91353	76030	75884	75858	7112	68746	NA	551117	15685	30	107	566939	0.02766611575495776	0.9720922356726208	0.8386	0.8514	13.5527	0.8810334181728494	0.36726684250058544	0.11025376126835426	5.571825523462612e-4	6.10401974497787e-6	0.007234980153352051	6.783091941606658e-4	0.005701678435597971	0.09375411953913891	Excluded By Filtering
M301267	0	1	0	Colon	positive	MSEB0012	G103bO201C	L06	76131.08002	44986.05922	5000	Lid8_Covaris_500639	Fail	3	15	G103b	ULV2_Half	TecanUDI_A_10nt	2.9307	7e-4	772242	51398	2628	725514	115836300	7246050	45358859	0.770793	0.536581	0.796398	51398	27298	22942	23853	4318	64	27545	22980	22878	22878	121	22757	NA	13069	8992	1	25	22087	0.4071173088241952	0.5917055281387241	0.9192	0.9259	11.7374	0.9334431434705701	0.39157724305765984	0.03088798589043331	0.005591511469202659	8.287557527303617e-5	0.02962542829838315	1.56686634500584e-4	0.002354177205338729	0.005288923856980506	Excluded By Filtering
M301268	0	1	0	Colon	positive	MSEB0012	G103bO201C	L06	76318.96506	44716.68234	5000	Lid8_Covaris_500639	Success	3	15	G103b	ULV2_Half	TecanUDI_A_10nt	4.0872	0.0843	3335814	1862902	38570	1634016	500372100	273342005	90287014	0.596302	0.450272	0.655458	1862902	132524	122476	1715964	9898	120	146938	122626	122356	122300	1454	120846	NA	796443	32533	105	226	829307	0.03922913951045873	0.960371732060624	0.9191	0.9258	13.2745	0.4415450022093558	0.18043974474196303	0.5144063787729172	0.002967191815850644	3.597322872318421e-5	0.03666271560704524	4.3587562136258195e-4	7.805026780796843e-4	0.011888798037612428	Excluded By Filtering
M301269	0	1	0	Colon	negative	MSEB0012	G103bO201M	L06	75686.99416	44243.46724	5000	Lid8_Covaris_500639	Success	3	15	G103b	ULV2_Half	TecanUDI_A_10nt	4.5103	0.0142	1323382	29520	18426	1275060	198507300	4092367	77354207	0.779606	0.583042	0.765261	29520	29064	24190	447	4848	37	29073	24216	24153	24152	181	23971	NA	9761	2674	7	24	12466	0.2145034493823199	0.7830097866196053	0.8642	0.8751000000000001	12.2888	0.9776935155533323	0.38967940725605554	3.3777095351153333e-4	0.003663341348151932	2.7958669530037435e-5	0.01825021044566119	1.36770788782075e-4	0.006131436314363144	0.0074942033786021866	Excluded By Filtering
M301270	0	1	0	Colon	positive	MSEB0012	G103bO201C	L06	74299.23392	45054.93628	5000	Lid8_Covaris_500639	Success	3	15	G103b	ULV2_Half	TecanUDI_A_10nt	2.8344	3.7796	61458290	55973998	1313888	9150631	9218743500	8261407696	374641040	0.453319	0.426816	0.546982	55973998	1118076	1105552	54418825	10630	1196	1555173	1107446	1104356	1103604	321	1103283	NA	24959536	73196	2089	4609	25039430	0.00292322948246026	0.9968092724155462	0.9301	0.9359	13.9953	0.0892360005460614	0.040639056721775584	0.8854594717815937	1.729628338178625e-4	1.9460352704248688e-5	0.01795695910185591	5.223054530153703e-6	5.7348056502949814e-6	2.908652016484174e-4	Excluded By Filtering
M301271	0	1	0	Colon	positive	MSEB0012	G103bO201C	L06	76991.99864	44127.29948	5000	Lid8_Covaris_500639	Fail	3	15	G103b	ULV2_Half	TecanUDI_A_10nt	2.7434	0.0342	3875854	3078054	75230	1187062	581378100	449005865	56160057	0.506173	0.43774	0.558911	3078054	109740	102362	2945405	7195	170	132649	102545	102192	102154	902	101252	NA	1356201	18150	144	222	1374717	0.01320271735928194	0.9865310460262005	0.8974	0.9058	13.036	0.20583850681682025	0.096598163914327	0.7599370358119785	0.0018563650746390343	4.3861301277086286e-05	0.026356513945055723	2.3272290442312842e-4	2.930422923054631e-4	0.008829805979207862	Excluded By Filtering
M301272	0	1	0	Colon	negative	MSEB0012	G103bO201R	NA	NA	NA	NA	Lid8_Covaris_500639	Fail	3	15	G103b	ULV2_Half	TecanUDI_A_10nt	2.8363	0.033	585680	7952	7130	568422	87852000	1091050	36071433	0.772533	0.586956	0.781154	7952	7944	6812	5	1121	4	7947	6823	6808	6808	215	6593	NA	2837	575	1	0	3413	0.16847348373864637	0.83123351889833	0.8726	0.8828	10.9544	0.9864226198606748	0.4105931908209261	8.537085097664253e-6	0.0019140144788963257	6.829668078131402e-6	0.011624095068979648	3.670946591995629e-4	0.02703722334004024	0.031580493537015274	Excluded By Filtering
M301273	0	1	0	Colon	positive	MSEB0012	G103bO201C	L06	76388.10064	44228.75452	5000	Lid8_Covaris_500639	Fail	3	15	G103b	ULV2_Half	TecanUDI_A_10nt	0.7491	0.0661	364470	160994	2674	239324	54670500	22989449	13168756	0.666355	0.527365	0.7056	160994	84558	69994	75880	14506	74	85114	70052	69920	69920	406	69514	NA	42662	24516	50	37	67265	0.3644688916970192	0.6342377164944623	0.945	0.9496	12.4741	0.55827914505995	0.2408749874246623	0.2081927181935413	0.039800257908744203	2.0303454330946306e-4	0.19184020632699536	0.0011139462781573244	0.002521833111792986	0.0058066361556064075	Excluded By Filtering
M301274	0	1	0	Colon	negative	MSEB0012	G103bO201Z	L06	NA	NA	NA	Lid8_Covaris_500639	NA	0	15	G103b	ULV2_Half	TecanUDI_A_10nt	NA	0	1236534	129940	18372	1118054	185480100	18289726	67693366	0.752222	0.57665	0.717439	129940	126892	103608	3020	23094	150	126920	103798	103458	103456	565	102891	NA	36936	14615	25	123	51699	0.2826940559778719	0.7144432194046306	0.9465	0.951	12.8989	0.8949159505521077	0.3649629582904042	0.00244231052280002	0.018676397090577373	1.2130681404635861e-4	0.08366611835986718	4.569223329079508e-4	0.004348160689549022	0.005461258892669347	Excluded By Filtering
M301275	0	1	0	Colon	positive	MSEB0012	G103bO201C	L06	76115.12954	43791.0738	5000	Lid8_Covaris_500639	Success	3	15	G103b	ULV2_Half	TecanUDI_A_10nt	3.0241	0.2993	9840392	8194288	191976	2401335	1476058800	1205689370	114268854	0.5019	0.448908	0.618029	8194288	394450	365938	7723568	28002	410	470720	366448	365528	365422	1743	363679	NA	3598867	45453	503	820	3645643	0.01246775945971671	0.9871693415948848	0.9474	0.9518	13.4126	0.16728032785685773	0.07741483875845596	0.784884179410739	0.0028456183452854316	4.166500684119088e-5	0.037134902755906474	1.7712709005901392e-4	2.1270914568782546e-4	0.004769827760780687	Excluded By Filtering
M301276	0	1	0	Colon	positive	MSEB0012	G103bO201C	L06	76247.30244	43214.70116	5000	Lid8_Covaris_500639	Success	1	15	G103b	ULV2_Half	TecanUDI_A_10nt	2.3236	0.1436	3606226	2881888	59766	1113145	540933900	420917659	52300078	0.531106	0.4716	0.631468	2881888	384262	146792	2473807	235004	45	408081	149258	146747	146726	3416	143310	NA	1254609	27116	119	295	1282139	0.02114903298316329	0.9785280691095116	0.9512	0.9552	12.7872	0.20085762789131906	0.09668478533144254	0.6859822429320847	0.06516618758779955	1.2478419267123025e-5	0.0406868565641754	9.472506714776057e-4	0.0011853340587836862	0.023281490669683626	Excluded By Filtering
M301277	0	1	0	Colon	positive	MSEB0012	G103bO201C	L06	74571.88696	44880.45138	5000	Lid8_Covaris_500639	Fail	3	15	G103b	ULV2_Half	TecanUDI_A_10nt	2.9803	0.0096	849366	257768	7710	628928	127404900	37366015	36667643	0.694477	0.486402	0.700628	257768	54162	40554	200713	13520	46	57055	40642	40508	40506	454	40052	0.032	99210	14210	35	23	113478	0.12522251009006152	0.8742663776238566	0.9001	0.9083	12.4199	0.6965171669221514	0.2878040248059533	0.23630920003861705	0.015917755125587792	5.4158042587059054e-5	0.047689688544161175	5.34516333359235e-4	0.0017612737034853046	0.011208216066755542	Excluded By Filtering
M301278	0	1	0	Colon	positive	MSEB0012	G103bO201C	L06	78215.87816	43537.9059	5000	Lid8_Covaris_500639	Fail	3	15	G103b	ULV2_Half	TecanUDI_A_10nt	9.5433	0.1711	5762046	2285760	79090	3669822	864306900	334525851	213411425	0.651469	0.454157	0.696774	2285760	149800	135192	2103213	14444	60	182547	135356	135132	135110	497	134613	0.0042	995259	34196	99	212	1029766	0.03320754423820557	0.9664904454021592	0.907	0.9147	13.7029	0.6033075751217536	0.24691625740810352	0.3650114907100707	0.0025067484709424396	1.0412967893696094e-5	0.023448268201954652	8.625408405278264e-5	2.1743315133697326e-4	0.0036784841980608395	Excluded By Filtering
M301279	0	1	0	Colon	negative	MSEB0012	G103bO201M	L06	76314.77598	43758.71972	5000	Lid8_Covaris_500639	Fail	3	15	G103b	ULV2_Half	TecanUDI_A_10nt	4.0928	0.009	1468508	394644	22032	1135585	220276200	56480630	66346260	0.699182	0.492991	0.732869	394644	108648	87228	281238	21284	59	113406	87364	87169	87164	294	86870	NA	145924	28589	65	141	174719	0.1636284548331893	0.8351925091146355	0.9462	0.9507	12.5771	0.731261933881191	0.3011957714905196	0.19151274627036421	0.014493622098075053	4.017683254023812e-5	0.059355481890462976	2.0020319943779674e-4	7.449752181713138e-4	0.0033729521362030196	Excluded By Filtering
M301280	0	1	0	Colon	positive	MSEB0012	G103bO201C	L06	76385.28112	43365.33424	5000	Lid8_Covaris_500639	Fail	3	15	G103b	ULV2_Half	TecanUDI_A_10nt	2.2111	2.0781	44355432	41732678	709750	8860424	6653314800	6082520743	290085764	0.45332	0.435538	0.582237	41732678	979326	965170	40443915	12765	1036	1288763	966561	964134	963592	540	963052	NA	18474969	64571	1718	3832	18545090	0.00348183804985578	0.996218891361541	0.9392	0.9443	13.9872	0.05913039016281027	0.04360018618087934	0.911814250845308	2.877888778086977e-4	2.3356778488821843e-5	0.02172432905173824	1.2174382610003663e-5	1.2939500311961767e-5	5.604031581831314e-4	Excluded By Filtering
M301281	0	1	0	Colon	positive	MSEB0012	G103bO201C	L06	76741.78728	43803.26834	5000	Lid8_Covaris_500639	Success	3	15	G103b	ULV2_Half	TecanUDI_A_10nt	1.7445	29.823	46591392	43787846	794122	4757142	6988708800	6496871144	189688179	0.43648	0.419357	0.25353	43787846	795008	788090	42687878	5319	936	1099968	789689	787154	786564	508	786056	NA	19629929	48246	1647	3327	19683149	0.00245113218418455	0.9972961643484992	0.8128	0.8274000000000001	14.47	0.06017304655761305	0.027142092256011583	0.9162181288766817	1.1416271915636262e-4	2.0089547871847228e-5	0.016882174286615002	1.0903301622754693e-5	1.1601392770039431e-5	6.458470003712349e-4	Excluded By Filtering
M301282	42	25.524541726261067	3.517539636612244	Colon	positive	MSEB0012	G121eO302B	L06	NA	NA	5000	Lid8_Covaris_500639	Success	3	15	G121e	ULV2_Half	TecanUDI_A_10nt	7.1584	1.0885	23621430	18573956	314360	6464485	3543214500	2739411081	329082355	0.56376	0.50627200000000006	0.590589	18573956	18567624	18551846	5260	15606	299	18568696	18552018	18551547	18551280	15330434	3220846	0.723	3587625	848613	7899	102141	4546278	0.18666104448518103	0.7891345403866635	0.9624	0.9655	17.5606	0.21368198284354503	0.09287678039249388	2.226791519395735e-4	6.60671263340111e-4	1.2657997420139255e-5	0.7853580414056219	0.6490053311759703	0.8253725808330762	0.8263814680173013	Retained By Filtering
M301283	34	22.51637271803615	3.5315889214418448	Colon	positive	MSEB0012	G121eO302B	L06	NA	NA	NA	Lid8_Covaris_500639	Success	1	15	G121e	ULV2_Half	TecanUDI_A_10nt	11.8181	1.0079	18571602	14187464	190976	5764680	2785740300	2085440376	305518764	0.569719	0.507724	0.617421	14187464	14167110	14157220	19659	9822	175	14167805	14157288	14157045	14156956	11593483	2563473	0.746	2825387	611363	6278	73646	3516674	0.17384693605378262	0.8034259075478705	0.9675	0.9703	17.3488	0.23606676473036628	0.10967237829025196	0.0010585516532176384	5.288719842262396e-4	9.422988926857252e-6	0.7622905121486019	0.6242586396154731	0.8171638708651525	0.8189248451432638	Retained By Filtering
M301284	0	1	0	Colon	negative	MSEB0012	G121eO302Z	L06	NA	NA	5000	Lid8_Covaris_500639	NA	0	15	G121e	ULV2_Half	TecanUDI_A_10nt	10.8454	0.4164	5295806	47862	50366	5146760	794370900	6336607	327383265	0.778266	0.600602	0.726161	47862	47602	42224	141	5349	34	47721	42253	42190	42166	2679	39487	NA	16251	4371	8	57	20687	0.21129211582153043	0.7855658142794992	0.8669	0.8776	12.7054	0.9909622822286164	0.41212897526835385	2.662484237526828e-5	0.0010100445522362412	6.42017475715689e-6	0.007962149670890512	5.058720051300973e-4	0.055973423592829384	0.06353460133757055	Excluded By Filtering
M301285	23	16.92132419064718	3.287370107471844	Colon	positive	MSEB0012	G121eO302B	L06	NA	NA	5000	Lid8_Covaris_500639	Success	1	15	G121e	ULV2_Half	TecanUDI_A_10nt	11.801	0.4299	11151732	7356304	145518	4349056	1672759800	1084982341	247792852	0.603616	0.514007	0.617841	7356304	7298408	7294890	57101	3494	102	7299203	7294914	7294788	7294704	6105393	1189311	NA	1476569	317285	3483	39120	1836457	0.1727701764865717	0.8040313494952509	0.9493	0.9536	17.1665	0.3403442622186401	0.1481341505217904	0.005120370539751134	3.1331455956796664e-4	9.146561269585747e-6	0.6541319321518846	0.5474838347980385	0.8299538735756434	0.8369624045060636	Retained By Filtering
M301286	0	1	0	Colon	negative	MSEB0012	G121eO302M	L06	41051.89146	17145.79236	5000	Lid8_Covaris_500639	Success	2	15	G121e	ULV2_Half	TecanUDI_A_10nt	7.8274	0.0769	3237530	46898	14166	3168528	485629500	6393667	200118148	0.781386	0.57922	0.794742	46898	46848	41798	44	5023	29	46854	41825	41769	41760	276	41484	NA	16938	3411	15	3	20367	0.16747680070702606	0.831639416703491	0.9026	0.9106	12.5536	0.9855142655048756	0.4120798839444474	1.3590607654600884e-5	0.001551491414751369	8.957445954168764e-6	0.012898722174003022	8.5250175287951e-5	0.0058851123715297025	0.0066091954022988505	Excluded By Filtering
M301287	34	23.018716692743514	3.5188131534562137	Colon	positive	MSEB0012	G121eO302B	L06	NA	NA	5000	Lid8_Covaris_500639	Success	1	15	G121e	ULV2_Half	TecanUDI_A_10nt	9.148	0.5476	16073384	13419474	177180	4093757	2411007600	1969732919	190557692	0.556548	0.515488	0.573383	13419474	13417926	13414632	1115	3235	142	13418359	13414691	13414490	13414380	11101465	2312915	NA	2582748	573530	6657	70897	3233832	0.1773530597755233	0.7986648657073094	0.958	0.9616	17.4707	0.16511208840652347	0.0790365372552123	6.936933753340305e-5	2.0126440082561333e-4	8.834480654478235e-6	0.8345709901536602	0.6906737871751213	0.827265286254886	0.8275794334139931	Retained By Filtering
M301288	0	1	0	Colon	positive	MSEB0012	G121eO302B	L06	NA	NA	5000	Lid8_Covaris_500639	Fail	3	15	G121e	ULV2_Half	TecanUDI_A_10nt	6.9028	0.014	1813606	35386	5438	1773383	272040900	4756545	112197023	0.766718	0.580296	0.738286	35386	35346	29418	36	5900	26	35350	29446	29392	29392	217	29175	NA	11898	2731	8	12	14649	0.18642910778892757	0.812205611304526	0.898	0.9063	12.236	0.980488595648669	0.41242703946355125	1.984995638523472e-5	0.0032531872964690236	1.4336079611558409e-5	0.016206386613189412	1.1965112598877595e-4	0.006132368733397389	0.0073829613500272185	Excluded By Filtering
M301289	44	26.685020782053385	3.5611370049448765	Colon	positive	MSEB0012	G121eO302B	L06	NA	NA	5000	Lid8_Covaris_500639	Success	2	15	G121e	ULV2_Half	TecanUDI_A_10nt	6.8243	0.8283	15702974	12774206	397080	3438669	2355446100	1889683024	171910635	0.557228	0.512453	0.513469	12774206	12770550	12768188	2209	2234	399	12771997	12768316	12767789	12767402	10570045	2197357	NA	2506550	555213	5307	66870	3133940	0.17716133684754654	0.7998079095324097	0.9449	0.9495	17.5771	0.186510402424407	0.07298432131391162	1.4067398952580574e-4	1.42266044635876e-4	2.540919955672091e-5	0.8130563038568362	0.6731237662368924	0.8274522111198144	0.8278931767011017	Retained By Filtering
M301290	0	1	0	Colon	negative	MSEB0012	G121eO302M	L06	41426.16088	18294.98234	5000	Lid8_Covaris_500639	Success	2	15	G121e	ULV2_Half	TecanUDI_A_10nt	14.0977	0.1711	4012748	73910	25818	3896511	601912200	10218565	235613235	0.773345	0.581113	0.832768	73910	73728	59770	165	13902	44	73745	59826	59726	59722	303	59419	NA	23446	7639	34	25	31144	0.2452799897251477	0.7528255843822245	0.901	0.9091	13.0343	0.9815812007133267	0.39144120188957793	4.1118953893940014e-5	0.0034644587699003276	1.0965054371717336e-5	0.014883067663356881	7.550935169614439e-5	0.004099580570964686	0.005073507250259536	Excluded By Filtering
M301291	0	1	0	Colon	positive	MSEB0012	G121eO302B	L06	NA	NA	5000	Lid8_Covaris_500639	Success	1	15	G121e	ULV2_Half	TecanUDI_A_10nt	28.8413	0.5451	13642870	43814	81466	13414166	2046430500	6082552	812477978	0.784973	0.567913	0.825614	43814	43692	36148	111	7475	22	43703	36217	36126	36124	384	35740	NA	11585	4650	28	28	16291	0.28543367503529554	0.7111288441470751	0.7358	0.7555	13.5166	0.9967885056443402	0.39702202346964627	8.136117986904516e-6	5.479052428118131e-4	1.6125639253324265e-6	0.002647829965395844	2.814657033307508e-5	0.008764321906240014	0.010630052042963127	Excluded By Filtering
M301292	52	30.478027125254176	3.754816650014046	Colon	positive	MSEB0012	G121eO302B	L06	NA	NA	5000	Lid8_Covaris_500639	Success	3	15	G121e	ULV2_Half	TecanUDI_A_10nt	20.415	1.4432	23075338	16367676	317756	8222157	3461300700	2401417530	443654790	0.586048	0.511351	0.545314	16367676	16363218	16358270	2833	4833	373	16364843	16358385	16357897	16357570	13535489	2822081	NA	3161754	748520	7729	86865	4004868	0.18690253960929548	0.7894777056322455	0.9414	0.9463	17.8091	0.2906853195389814	0.128175743297888	1.2277176611670868e-4	2.094443860367289e-4	1.6164443615083774e-5	0.7088767237125627	0.5865781467643074	0.8269646222224829	0.8274755357916854	Retained By Filtering
M301293	0	1	0	Colon	negative	MSEB0012	G121eO302R	NA	NA	NA	5000	Lid8_Covaris_500639	NA	0	15	G121e	ULV2_Half	TecanUDI_A_10nt	8.6152	0.02	2274650	4464	7952	2243731	341197500	613160	142077559	0.788281	0.588196	0.795103	4464	4458	4006	5	452	12	4459	4006	3994	3994	104	3890	NA	1665	292	1	0	1958	0.1491317671092952	0.8503575076608785	0.6434000000000001	0.6683	11.6525	0.9980375002747676	0.4164085580931865	2.198140373244235e-6	1.9871188974127888e-4	5.2755368957861646e-6	0.0017558745301474953	4.57213197634801e-5	0.023297491039426525	0.026039058587881823	Excluded By Filtering
M301294	0	1	0	Colon	positive	MSEB0012	G121eO302B	L06	NA	NA	5000	Lid8_Covaris_500639	Fail	3	15	G121e	ULV2_Half	TecanUDI_A_10nt	8.9325	0.0128	2123976	27824	8758	2080748	318596400	3834367	127241556	0.77687	0.588604	0.806405	27824	27806	24644	14	3152	60	27810	24654	24584	24584	288	24296	NA	10073	1802	11	5	11891	0.15154318392061222	0.8471112606172736	0.6932	0.7153	13.2794	0.9869000403017737	0.3993816502634681	6.591411579038558e-6	0.0014840092355092524	2.8248906767308105e-5	0.011574518732791708	1.3559475248307892e-4	0.010350776308223116	0.01171493654409372	Excluded By Filtering
M301295	33	20.837216619222712	3.555844717312687	Colon	positive	MSEB0012	G121eO302B	L06	NA	NA	NA	Lid8_Covaris_500639	Success	3	15	G121e	ULV2_Half	TecanUDI_A_10nt	4.3963	0.1541	5227518	4493086	56928	1187476	784127700	661212124	54051686	0.548696	0.513261	0.339402	4493086	4492276	4458010	543	34065	61	4492543	4458211	4457949	4457902	3740723	717179	NA	882623	205021	2000	23658	1113302	0.1841557816297824	0.7927974619644984	0.8139	0.8284	17.7657	0.14049344258594615	0.06893224917318952	1.0387338694960017e-4	0.006516476844269116	1.1669017686787496e-5	0.8527760210486124	0.715582997514308	0.8325509460535587	0.8391218559761969	Retained By Filtering
M301296	67	33.3127332114947	3.737603476574322	Colon	positive	MSEB0012	G121eO302B	L06	NA	NA	5000	Lid8_Covaris_500639	Success	1	15	G121e	ULV2_Half	TecanUDI_A_10nt	3.4398	1.5437	27402166	24950766	191872	4791013	4110324900	3683934184	198230736	0.536297	0.513518	0.434208	24950766	24944278	24939586	6038	4638	103	24944728	24939640	24939483	24939394	20731260	4208134	NA	4678816	1093816	11348	131595	5915575	0.18490442602790091	0.7909317352920046	0.9443	0.949	17.9509	0.08946008136729046	0.04822751019025284	2.2034754478897763e-4	1.6925669306579633e-4	3.758826948205481e-6	0.9101249149428553	0.7565555219247997	0.8308867150611728	0.8312655872873255	Retained By Filtering
M301297	33	22.382831925022277	3.524195387942126	Colon	positive	MSEB0012	G121eO302B	L06	NA	NA	5000	Lid8_Covaris_500639	Fail	3	15	G121e	ULV2_Half	TecanUDI_A_10nt	3.2573	0.2315	6609614	5785912	73382	1570764	991442100	847545419	66143952	0.555599	0.524259	0.399805	5785912	5785010	5779580	651	5340	76	5785261	5779670	5779504	5779440	4707753	1071687	NA	1121226	246681	2931	30615	1401453	0.17601803271319125	0.8000453814719437	0.8690000000000001	0.8794999999999998	17.715	0.12462180091000775	0.06671489136884544	9.849289232321283e-5	8.079140476281974e-4	1.1498402175981836e-5	0.8743990193678481	0.712258386041908	0.8136578987029184	0.8145690585939123	Retained By Filtering
M301298	30	22.27328241125097	3.1621680012148925	Colon	positive	MSEB0012	G121eO302B	L06	NA	NA	5000	Lid8_Covaris_500639	Success	1	15	G121e	ULV2_Half	TecanUDI_A_10nt	4.5856	0.3229	11777280	10356384	135068	2381951	1766592000	1525768950	106357479	0.582503	0.559012	0.588302	10356384	10355478	10344678	566	10679	273	10355818	10344799	10344405	10344316	8656638	1687678	NA	1951351	382176	6055	55358	2394940	0.15957644032835896	0.8147807460729705	0.958	0.9615	17.2349	0.120647212259537	0.06020489111237909	4.8058634930985765e-5	9.067458700141289e-4	2.3180224975546136e-5	0.8783281029235953	0.735028631398761	0.8358745678028161	0.8368497250084007	Retained By Filtering
M301299	0	1	0	Colon	negative	MSEB0012	G121eO302M	L06	NA	NA	NA	Lid8_Covaris_500639	Success	3	15	G121e	ULV2_Half	TecanUDI_A_10nt	1.7145	0.0279	517116	105854	2446	445524	77567400	14502813	27061879	0.733174	0.564943	0.740534	105854	105200	88126	650	16980	165	105204	88220	87961	87960	2778	85182	NA	29483	10767	42	76	40368	0.26672116527942924	0.7303557273087594	0.9452	0.9498	12.79	0.7952993138870196	0.3488821205815845	0.001256971356523488	0.032835959436567426	3.1907734434827e-4	0.1700972315689323	0.005372102197572692	0.02624369414476543	0.03158253751705321	Excluded By Filtering
M301300	0	1	0	Colon	negative	MSEB0012	G121eO302Z	L06	NA	NA	5000	Lid8_Covaris_500639	NA	0	15	G121e	ULV2_Half	TecanUDI_A_10nt	11.9255	0.4552	6721280	43520	45214	6460843	1008192000	5846677	409380706	0.787086	0.598022	0.794039	43520	40492	35242	2633	5202	87	40887	35290	35155	35094	278	34816	NA	12245	6399	14	30	18688	0.3424122431506849	0.6552333047945206	0.7466000000000002	0.7655999999999998	12.9157	0.9935250428489811	0.406054309099854	3.917408588840221e-4	7.739597219577223e-4	1.2943963054656257e-5	0.005221326890116168	4.1361169301085506e-5	0.006387867647058823	0.00792158203681541	Excluded By Filtering
M301301	18	15.486874669823749	3.1170189896111213	Colon	positive	MSEB0012	G121eO302B	L06	NA	NA	5000	Lid8_Covaris_500639	Success	3	15	G121e	ULV2_Half	TecanUDI_A_10nt	3.8841	0.1878	8183878	6939118	101454	2161934	1227581700	1012368784	96819008	0.558502	0.522358	0.582707	6939118	6938258	6933804	591	4414	126	6938527	6933844	6933678	6933606	5711248	1222358	NA	1345009	287166	3126	39809	1675110	0.17143112989594714	0.8029377175230283	0.9568	0.9604	16.9569	0.15209904155462728	0.07886970618737636	7.221515276742885e-5	5.393531037486141e-4	1.5396123940264017e-5	0.8472274391187161	0.6978657306474999	0.8230509987004112	0.8237052985127796	Retained By Filtering
M301302	52	28.769066209840744	3.7519896688702508	Colon	positive	MSEB0012	G121eO302B	L06	NA	NA	NA	Lid8_Covaris_500639	Success	1	15	G121e	ULV2_Half	TecanUDI_A_10nt	9.676	0.7893	22473166	16650164	318722	6637339	3370974900	2467398320	360491571	0.570781	0.502587	0.556247	16650164	16644814	16635536	4448	9154	251	16645716	16635660	16635285	16635084	13708120	2926964	NA	3343177	723413	7163	90398	4164151	0.1737240076068327	0.8028472070297162	0.9481	0.9525	17.7454	0.25910910816927174	0.10693985618225754	1.979249385689582e-4	4.0733023553512663e-4	1.1168875805037885e-5	0.7402198693321627	0.609977250201418	0.8233024011054786	0.824048739399212	Retained By Filtering
M301303	52	30.929534545185938	3.7418548515298014	Colon	positive	MSEB0012	G121eO302B	L06	NA	NA	5000	Lid8_Covaris_500639	Success	1	15	G121e	ULV2_Half	TecanUDI_A_10nt	15.2185	1.2977	15471546	8047900	172510	7555365	2320731900	1194420840	461206419	0.63658	0.502169	0.549859	8047900	8028974	8026218	17665	2670	220	8030235	8026304	8025998	8025788	6565661	1460127	NA	1539734	380759	3286	41878	1965657	0.19370571773203565	0.7833177405824109	0.8839	0.8933	17.8721	0.47982573945745305	0.19873317508153354	0.001141773420704046	1.7257486743729424e-4	1.4219651998578552e-5	0.5187450562471262	0.4243700661847239	0.815822885473229	0.8180705745030893	Retained By Filtering
M301304	5	4.8089229207858235	2.6631018721992454	Colon	positive	MSEB0012	G121eO302B	L06	NA	NA	5000	Lid8_Covaris_500639	Success	1	15	G121e	ULV2_Half	TecanUDI_A_10nt	4.005	0	2077188	952780	12234	1322882	311578200	136385954	76138657	0.645243	0.486383	0.689989	952780	952662	945018	86	7600	85	952694	945062	944933	944926	737447	207479	NA	212317	50783	413	4846	268359	0.18923531537977112	0.7911678013407413	0.9208	0.9273	15.5772	0.5413125822024776	0.24436451908381265	4.140212633618141e-5	0.003658792559941613	4.092070626250489e-5	0.45490634453886697	0.3550217890725346	0.7739950460756942	0.7804283086717901	Retained By Filtering
M301305	49	28.186778514639816	3.5774392493098346	Colon	positive	MSEB0012	G121eO302B	L06	NA	NA	5000	Lid8_Covaris_500639	Success	3	15	G121e	ULV2_Half	TecanUDI_A_10nt	4.258	1.0336	26335090	24079740	270350	4572579	3950263500	3546445533	183936485	0.542302	0.522081	0.547628	24079740	24071172	24057630	7836	13379	211	24071904	24057793	24057419	24057284	20092625	3964659	NA	4574266	981498	12064	133411	5701239	0.17215521047267093	0.8023284061587315	0.9669	0.9697	17.7197	0.08564048955215266	0.04656309256331888	2.975497710469188e-4	5.080294010766623e-4	8.012123748200594e-6	0.9135068078369962	0.7629601797449714	0.8344203467313185	0.835199226978407	Retained By Filtering
M301306	22	16.169633650814784	3.2899454695198185	Colon	positive	MSEB0012	G121eO302B	L06	NA	NA	5000	Lid8_Covaris_500639	Success	1	15	G121e	ULV2_Half	TecanUDI_A_10nt	35.6077	0.5231	3708420	2208238	32170	1543155	556263000	326467972	88891739	0.622532	0.511985	0.41388200000000003	2208238	2207124	2203960	998	3142	58	2207240	2203982	2203902	2203884	1786139	417745	NA	464726	86234	925	12866	564751	0.15269384206491002	0.8228865464602985	0.6782	0.7012	17.8161	0.40453400639625503	0.15980163879316078	2.691173060225109e-4	8.472610977181657e-4	1.5640083917139912e-5	0.5942919086834825	0.4816442042702822	0.8088525783905539	0.810450550028949	Retained By Filtering
M301307	0	1	0	Colon	positive	MSEB0012	G121eO302B	L06	NA	NA	NA	Lid8_Covaris_500639	Fail	3	15	G121e	ULV2_Half	TecanUDI_A_10nt	5.2292	0.1313	2056794	43688	18006	1982813	308519100	6092764	125388931	0.776459	0.592727	0.760668	43688	43634	37846	39	5733	21	43649	37901	37825	37820	1248	36572	NA	15679	3197	4	21	18901	0.1691444897095392	0.8295328289508491	0.7756000000000001	0.7927	13.3567	0.9787591756879882	0.4064219395168727	1.896154889600028e-5	0.0027873476877120413	1.0210064790153998e-5	0.018387840493505912	6.06769564672009e-4	0.028566196667277055	0.03299841353781068	Excluded By Filtering
M301308	0	1	0	Colon	negative	MSEB0012	G121eO302M	L06	41726.12974	31320.03378	5000	Lid8_Covaris_500639	Success	1	15	G121e	ULV2_Half	TecanUDI_A_10nt	5.836	0.0293	1745162	247616	8964	1511849	261774300	35960870	90204998	0.749652	0.524157	0.784501	247616	247496	237330	97	10141	188	247519	237355	237142	237140	156653	80487	NA	53505	14012	89	1035	68641	0.20413455514925485	0.779490392039743	0.9384	0.9436	14.1334	0.8581128857951297	0.3445907333149205	5.558223248042302e-5	0.005810921851381132	1.0772638872494358e-4	0.1358842330969847	0.08976415943047121	0.6326449017834066	0.660592898709623	Excluded By Filtering
M301309	0	1	0	Colon	negative	MSEB0012	G121eO302Z	L06	NA	NA	5000	Lid8_Covaris_500639	NA	0	15	G121e	ULV2_Half	TecanUDI_A_10nt	6.2002	0.0699	1814446	65242	7932	1747121	272166900	9007457	109755579	0.777333	0.583615	0.834425	65242	65192	53906	30	11172	80	65212	54020	53826	53826	349	53477	NA	21864	5534	34	25	27457	0.2015515169173617	0.7962996685726773	0.8992	0.9075	12.948	0.9640430191915328	0.40326571306062564	1.6533972352993698e-5	0.006157251304254852	4.409059294131652e-5	0.02966525319574129	1.9234521170649334e-4	0.005349314858526716	0.006483855385872998	Excluded By Filtering
M301310	45	24.093333355911692	3.6930936348390446	Colon	positive	MSEB0012	G121eO302B	L06	NA	NA	5000	Lid8_Covaris_500639	Success	1	15	G121e	ULV2_Half	TecanUDI_A_10nt	7.435	0.9364	22047172	15873198	265128	7373834	3307075800	2341034293	407339325	0.580882	0.506807	0.579386	15873198	15871820	15858848	781	12829	194	15872417	15858991	15858654	15858478	13090201	2768277	NA	3244024	665828	6634	81851	3998337	0.16652623328148675	0.8113433159836202	0.9595	0.9629	17.5737	0.28003473642787385	0.12317205580833678	3.5424044408053784e-5	5.81888688490297e-4	8.79931448804409e-6	0.7192976042460231	0.5937360583026249	0.8246732006996952	0.8254386707223732	Retained By Filtering
M301311	49	28.903709011560167	3.6472526640561815	Colon	positive	MSEB0012	G121eO302B	L06	NA	NA	5000	Lid8_Covaris_500639	Success	1	15	G121e	ULV2_Half	TecanUDI_A_10nt	6.153	0.7519	21018634	18666164	328820	3997227	3152795100	2747736585	174430395	0.53758	0.510848	0.490425	18666164	18539220	18447324	124420	90784	349	18541744	18448436	18446975	18446626	15317034	3129592	NA	3570903	907172	8770	97384	4584229	0.19788976510553904	0.7789538873385252	0.9565	0.9602	17.6672	0.11192306788347901	0.055325636290160435	0.005919509326819241	0.0043192150355727205	1.6604314057707082e-5	0.8776320097680943	0.7287359397380438	0.8205774898366907	0.8303433917942501	Retained By Filtering
M301312	56	31.56758678234347	3.7126349204484805	Colon	positive	MSEB0012	G121eO302B	L06	NA	NA	5000	Lid8_Covaris_500639	Success	3	15	G121e	ULV2_Half	TecanUDI_A_10nt	6.7307	1.29	29490128	25919948	311338	5367086	4423519200	3837901529	251026582	0.544156	0.512868	0.531593	25919948	25918386	25908756	867	9500	223	25919081	25908886	25908533	25908344	21458994	4449350	NA	4988066	1106258	11592	145558	6251474	0.1769595458607042	0.7979023827020636	0.9616	0.9648	17.8597	0.12106356405099361	0.05674816150905369	2.939966893327828e-5	3.221417011143526e-4	7.561852563000066e-6	0.8785429483385084	0.7276670348802826	0.8278949479373956	0.8282657509874038	Retained By Filtering
M301313	67	34.19425970632801	4.135404341784157	Colon	positive	MSEB0012	G121eO302B	L06	NA	NA	5000	Lid8_Covaris_500639	Success	1	15	G121e	ULV2_Half	TecanUDI_A_10nt	4.0509	3.0685	35952390	33872288	352116	4499541	5392858500	5013119442	173158208	0.518445	0.504083	0.487338	33872288	33869850	33861036	1559	8662	291	33870729	33861188	33860745	33860506	27648757	6211749	NA	6866747	1440242	14646	174994	8496629	0.16950745995853178	0.8081731001789062	0.9589	0.9623	17.9504	0.05785712716178257	0.032108798701097015	4.3362902994766135e-5	2.4092974069317785e-4	8.094037698189189e-6	0.9418151616624096	0.7690380806394234	0.8162648180128842	0.8165488430680865	Retained By Filtering
M301314	65	32.71809821778172	3.6978202226557504	Colon	positive	MSEB0012	G121eO302B	L06	NA	NA	5000	Lid8_Covaris_500639	Success	1	15	G121e	ULV2_Half	TecanUDI_A_10nt	9.3127	2.6851	56099234	51591436	699184	7662730	8414885100	7647511390	314797764	0.536255	0.517285	0.535984	51591436	51586898	51396780	2582	187292	725	51588854	51399606	51396055	51395574	42658220	8737354	NA	9949681	2173267	23521	287310	12433779	0.17478732732824026	0.8002137564130745	0.9676	0.9704	17.9435	0.08035400269458225	0.03740963307983849	4.6025583878738877e-5	0.0033385839100762054	1.2923527618933264e-5	0.916154648386108	0.7604064611648708	0.8268469208726813	0.8299979293936867	Retained By Filtering
M301315	69	34.094727564469416	3.8601518783522883	Colon	positive	MSEB0012	G121eO302B	L06	NA	NA	5000	Lid8_Covaris_500639	Success	2	15	G121e	ULV2_Half	TecanUDI_A_10nt	10.0883	3.3364	48840902	42508290	524228	9104737	7326135300	6296357649	438235278	0.550443	0.518034	0.480865	42508290	42504370	42494132	2498	10059	1194	42505792	42494311	42492938	42492590	35206501	7286089	NA	7967052	1804474	19674	226632	10017832	0.18012619896201093	0.7952870441428844	0.9595	0.9629	17.9907	0.12965796577630773	0.05981807051802606	5.114565656465558e-5	2.0595442729538451e-4	2.444672295364242e-5	0.8700205823389584	0.7208405160084881	0.8282267058966616	0.8285327159394144	Retained By Filtering
M301316	66	34.177690516894835	3.8381588664861264	Colon	positive	MSEB0012	G121eO302B	L06	NA	NA	5000	Lid8_Covaris_500639	Success	2	15	G121e	ULV2_Half	TecanUDI_A_10nt	4.7521	4.9695	49932770	46074900	686924	5928564	7489915500	6844047948	251706476	0.540242	0.523524	0.503539	46074900	46035738	46014256	37304	21241	467	46037596	46014497	46013789	46013392	38325756	7687636	NA	8835861	1839540	20854	260963	10957218	0.16788385519024993	0.8063963863820177	0.9668	0.9696	17.9724	0.07726128552451626	0.033606050161714106	7.470845298588482e-4	4.2539198205907664e-4	9.352575472980971e-6	0.9215068981752865	0.7675471639166023	0.8318141981859971	0.8329261185526161	Retained By Filtering
M301317	59	29.34338679275989	3.8033316061131033	Colon	positive	MSEB0012	G121eO302B	L06	NA	NA	5000	Lid8_Covaris_500639	Success	3	15	G121e	ULV2_Half	TecanUDI_A_10nt	4.5341	3.3065	38593026	35679466	654408	5962892	5788953900	5254557990	221904222	0.536129	0.51912	0.528488	35679466	35675208	35664182	2221	10822	495	35677245	35664386	35663687	35663200	29691184	5972016	NA	7102890	1469365	16463	187745	8776463	0.1674210897943739	0.8093112225277996	0.9702	0.9728	17.7907	0.07549446887113749	0.038332352586190055	5.754925773376775e-5	2.80413357584347e-4	1.2826151543545718e-5	0.9240840560157164	0.7693406575581816	0.8321644724167117	0.8325440229704569	Retained By Filtering
M301318	50	28.851540251457973	3.6270076882789613	Colon	positive	MSEB0012	G121eO302B	L06	NA	NA	5000	Lid8_Covaris_500639	Success	3	15	G121e	ULV2_Half	TecanUDI_A_10nt	6.8827	0.9998	23852646	19781018	523264	5060273	3577896900	2925111968	257243613	0.560257	0.521548	0.516868	19781018	19777462	19770248	1894	7057	431	19779124	19770405	19769817	19769398	16332755	3436643	NA	3712055	848627	8805	108660	4678147	0.1814023800449195	0.7934883191998884	0.9577	0.9613	17.6651	0.17069921718538061	0.07189799488073566	7.940418853321347e-5	2.9585816181567444e-4	1.8069274159353222e-5	0.8288136251215065	0.6847355635093901	0.8256781829934132	0.8261634977453537	Retained By Filtering
M301319	0	1	0	Colon	positive	MSEB0012	G121eO302B	L06	NA	NA	5000	Lid8_Covaris_500639	Success	1	15	G121e	ULV2_Half	TecanUDI_A_10nt	17.2472	0.0056	5644404	33024	18234	5561465	846660600	4466183	336246812	0.784708	0.608269	0.843792	33024	33020	29414	2	3595	15	33022	29425	29399	29398	159	29239	NA	12061	2008	7	28	14104	0.14237095859330687	0.8551474758933636	0.7392	0.7587	13.2417	0.9941492494158817	0.39714474961985946	3.543332475846874e-7	6.369140125334756e-4	2.6574993568851555e-6	0.005208344406247321	2.816949318298265e-5	0.004814680232558139	0.005408531192598136	Excluded By Filtering
M301320	0	1	0	Colon	negative	MSEB0012	G121eO302R	NA	NA	NA	5000	Lid8_Covaris_500639	NA	0	15	G121e	ULV2_Half	TecanUDI_A_10nt	7.0963	0	2197420	8766	9966	2163481	329613000	1220232	136763653	0.781112	0.591812	0.821164	8766	8764	7900	1	850	12	8765	7914	7888	7888	108	7780	NA	3078	841	0	0	3919	0.21459556009186015	0.7854044399081398	0.8654	0.8762000000000001	11.1623	0.996010776273994	0.41492190235215237	4.550791382621438e-7	3.868172675228222e-4	5.460949659145726e-6	0.0035896642426117903	4.914854693231153e-5	0.012320328542094456	0.013691683569979716	Excluded By Filtering
M301321	0	1	0	Colon	negative	MSEB0012	G121eO302M	L06	NA	NA	NA	Lid8_Covaris_500639	Success	1	15	G121e	ULV2_Half	TecanUDI_A_10nt	6.4543	0.0297	1738740	263950	7744	1506755	260811000	38049471	90316527	0.737896	0.456617	0.763145	263950	263624	38998	244	223543	16	263706	40081	38982	38982	205	38777	NA	93399	15012	13	17	108441	0.13843472487343347	0.8612886269953246	0.8737	0.8839	12.7193	0.8481946697033484	0.3462910958510185	1.403315044227429e-4	0.12856608808677547	9.202065863786421e-6	0.02241968321888264	1.179014688797635e-4	7.766622466376207e-4	0.0052588374121389355	Excluded By Filtering
M301322	40	27.178523854079923	3.3931436001835538	Colon	positive	MSEB0012	G121eO302B	L06	NA	NA	5000	Lid8_Covaris_500639	Success	1	15	G121e	ULV2_Half	TecanUDI_A_10nt	10.119	1.2493	19823580	14589406	168650	6610429	2973537000	2149468686	342613872	0.591334	0.520243	0.617323	14589406	14529400	14521622	59181	7718	101	14530225	14521682	14521521	14521424	11863897	2657527	NA	2663692	649794	7116	82483	3403085	0.19094262999601833	0.7827286124207888	0.9584	0.9619	17.5819	0.26403777723297206	0.11522098833813064	0.0029853840729071137	3.893343180192478e-4	5.0949424876838594e-6	0.7325328724680406	0.598473989057476	0.8131857458761516	0.8169926723439795	Retained By Filtering
M301323	48	25.16265595365802	3.560771454215688	Colon	positive	MSEB0012	G121eO302B	L06	NA	NA	5000	Lid8_Covaris_500639	Success	2	15	G121e	ULV2_Half	TecanUDI_A_10nt	5.7415	1.9879	40042522	36237756	393610	6005967	6006378300	5373159688	271205007	0.529526	0.505303	0.631455	36237756	36231386	36219680	5141	11555	318	36232615	36219831	36219362	36219072	30333152	5885920	NA	7293614	1521244	15868	192942	9023668	0.16858377325052296	0.8082759693729867	0.9794	0.9811	17.5776	0.0950181409652469	0.045152834778988196	1.2838851658744172e-4	2.8856823753508834e-4	7.941557727058251e-6	0.9045152550581105	0.7575235146277749	0.8370593366763659	0.8374911427879764	Retained By Filtering
M301324	62	32.31497887178399	3.747966394321854	Colon	positive	MSEB0012	G121eO302B	L06	NA	NA	5000	Lid8_Covaris_500639	Success	2	15	G121e	ULV2_Half	TecanUDI_A_10nt	7.2372	3.4623	42902656	38907532	511684	6065587	6435398400	5773738750	275674220	0.526843	0.503906	0.556758	38907532	38760774	38752042	144167	8539	348	38763365	38752235	38751694	38751376	31828073	6923303	NA	7381382	1801585	16076	207514	9406557	0.19152438028069144	0.7847060300596701	0.9699	0.9725	17.8508	0.0931206683334477	0.04283716451805066	0.0033603280878461233	1.990319666922253e-4	8.111385924451857e-6	0.9032395570101767	0.7418671934903052	0.8180439972394035	0.8213404602716559	Retained By Filtering
M301325	24	18.89963156149939	3.223852822001701	Colon	positive	MSEB0012	G121eO302B	L06	NA	NA	5000	Lid8_Covaris_500639	Success	1	15	G121e	ULV2_Half	TecanUDI_A_10nt	3.6156	0.4803	9834130	8396604	159666	2117481	1475119500	1236758682	98555325	0.559288	0.525037	0.557915	8396604	8395534	8391634	575	3854	131	8396029	8391680	8391503	8391392	6956558	1434834	NA	1551236	355171	3774	44450	1954631	0.1817074424789129	0.7936208931506765	0.9502	0.9544	17.2092	0.1461772419115875	0.06681175660683762	5.846983922319514e-5	3.9190045281077226e-4	1.33209546751975e-5	0.8532927671283581	0.707389265751012	0.8284966160128547	0.8290112057689595	Retained By Filtering
M301326	46	25.580109865615473	3.606829355409265	Colon	positive	MSEB0012	G121eO302B	L06	NA	NA	5000	Lid8_Covaris_500639	Success	2	15	G121e	ULV2_Half	TecanUDI_A_10nt	11.3417	1.5502	30101098	19547550	574116	11607953	4515164700	2883987239	639593406	0.604682	0.508654	0.617256	19547550	19542614	19533690	2579	8653	624	19544971	19533961	19533066	19532478	16118959	3413519	NA	3894951	867537	8697	103567	4874752	0.17796536110965236	0.799004954508455	0.9648	0.9677	17.6359	0.3506034231708092	0.1416545017726596	8.567793772838453e-5	2.8746459680640223e-4	2.0730140807488153e-5	0.6488958641973791	0.5354940540707186	0.8246025205204744	0.8252388150648371	Retained By Filtering
M301327	5	4.8941354448620125	2.6541232452032233	Colon	negative	MSEB0012	G121eO302M	L06	NA	NA	NA	Lid8_Covaris_500639	Success	2	15	G121e	ULV2_Half	TecanUDI_A_10nt	2.3186	0.0189	2355068	1715086	34488	833663	353260200	250793689	42854662	0.592015	0.524862	0.601295	1715086	1711930	1704384	3035	7468	56	1712051	1704462	1704328	1704304	1390028	314276	NA	307468	79584	1049	9527	397628	0.20014687094470207	0.7732554045489755	0.9402	0.9452	15.7343	0.27174671814147194	0.12131188851730254	0.0012887101349090557	0.0031710337026361873	2.377850660787714e-5	0.7236750701041329	0.5902283925559687	0.8104713116426815	0.8155986255973113	Retained By Filtering
M301328	0	1	0	Colon	negative	MSEB0012	G121eO302Z	L06	NA	NA	5000	Lid8_Covaris_500639	NA	0	15	G121e	ULV2_Half	TecanUDI_A_10nt	2.3226	0.0229	698222	105412	3532	627859	104733300	14319082	36753627	0.758658	0.610112	0.764748	105412	105352	96050	56	9275	27	105356	96077	96023	96022	1399	94623	NA	39135	5341	5	85	44566	0.11984472467800564	0.878135798590854	0.9481	0.9525	12.8278	0.8490279595887841	0.3509258946295018	8.020371744230345e-5	0.013283740701381509	3.8669649481110595e-5	0.13752359564722968	0.002003660726817545	0.01327173376845141	0.014569577805086335	Excluded By Filtering
M301329	58	28.18913247568984	3.7827395674956463	Colon	positive	MSEB0012	G121eO302B	L06	NA	NA	5000	Lid8_Covaris_500639	Success	2	15	G121e	ULV2_Half	TecanUDI_A_10nt	4.0131	2.0118	42626994	39640066	525756	5958511	6394049100	5859810759	233983852	0.52536	0.509117	0.572101	39640066	39635104	39624756	3602	10235	349	39636464	39624869	39624407	39624100	32728050	6896050	NA	7956530	1648030	16131	215636	9836327	0.16754526359280247	0.808892384321912	0.9696	0.9722	17.7362	0.07007127924619784	0.03659400300820336	8.450044589116464e-5	2.4010606987675463e-4	8.18730028207009e-6	0.9295541693603823	0.7677775730561719	0.8256305627745423	0.8259632395436111	Retained By Filtering
M301330	0	1	0	Colon	positive	MSEB0012	G103bO202A	L06	41457.05684	17136.77418	5000	Lid8_Covaris_500639	Fail	3	15	G103b	ULV2_Half	TecanUDI_A_10nt	7.7749	0.001	3839070	1768750	35176	2332751	575860500	256664512	127968891	0.639168	0.468859	0.695026	1768750	122766	107750	1628116	14860	140	140634	107906	107610	107588	818	106770	NA	790510	23088	57	144	813799	0.02837064189068799	0.9713823683735172	0.9292	0.9351	13.0792	0.5392764393459875	0.22222203294026938	0.4240912512665828	0.003870729108872722	3.646716522491124e-5	0.028024495515841075	2.1307243681412426e-4	4.6247349823321556e-4	0.007603078410231624	Excluded By Filtering
M301331	0	1	0	Colon	negative	MSEB0012	G103bO202R	NA	NA	NA	NA	Lid8_Covaris_500639	NA	0	15	G103b	ULV2_Half	TecanUDI_A_10nt	14.3875	0.4106	7349502	47618	92368	6914758	1102425300	6171113	439410939	0.784162	0.61996	0.784647	47618	42852	39620	3884	3175	172	43734	39677	39448	39282	3928	35354	NA	11079	9007	2	60	20148	0.4470418900138971	0.5498808814770697	0.9293	0.9352	9.0055	0.9935209215535964	0.39858568104342307	5.284711807684385e-4	4.320020594592668e-4	2.340294621322642e-5	0.005344851936906745	5.344579809625197e-4	0.08248981477592507	0.09999490860954127	Excluded By Filtering
M301332	0	1	0	Colon	positive	MSEB0012	G103bO202A	L06	41085.91002	17000.70058	5000	Lid8_Covaris_500639	Success	1	15	G103b	ULV2_Half	TecanUDI_A_10nt	4.6069	0.1461	4322924	2942804	173834	1344541	648438600	436231870	75517915	0.534667	0.432051	0.528613	2942804	111226	103004	2786593	8034	77	156211	103192	102927	102872	455	102417	NA	1288601	22019	89	265	1310974	0.01679590899590686	0.9829340627655468	0.8968	0.9053	13.1234	0.3192561331173067	0.11646116532852918	0.6446083715559191	0.0018584643172075198	1.7812017976721313e-5	0.02379685601689967	1.0525283349880775e-4	1.546144425520694e-4	0.0044229722373434945	Excluded By Filtering
M301333	0	1	0	Colon	negative	MSEB0012	G103bO202M	L06	40031.74592	17661.18876	5000	Lid8_Covaris_500639	Fail	3	15	G103b	ULV2_Half	TecanUDI_A_10nt	4.1364	0.0049	1133302	75410	5652	1063654	169995300	10646377	66642105	0.772553	0.517428	0.805085	75410	47650	38188	27621	9386	79	47789	38264	38109	38108	831	37277	NA	18347	14198	5	43	32593	0.4356150093578376	0.562912281778296	0.9262	0.9324	12.2691	0.9334599250685166	0.3920232206419825	0.02437214440634535	0.008281993678648762	6.970780956885278e-5	0.03362563553227648	7.332555664774261e-4	0.01101975865269858	0.02180644484097827	Excluded By Filtering
M301334	0	1	0	Colon	positive	MSEB0012	G103bO202A	L06	41194.41464	17230.58876	5000	Lid8_Covaris_500639	Fail	3	15	G103b	ULV2_Half	TecanUDI_A_10nt	10.4646	0.0029	2712726	217244	22894	2519206	406908900	30756736	157825607	0.760665	0.528889	0.723212	217244	98150	84088	118057	13981	12	99187	84169	84076	84074	974	83100	NA	64275	32402	47	82	96806	0.3347106584302626	0.6639567795384583	0.9298	0.9356	13.074	0.9199167184595864	0.38786472107147324	0.043519691999855496	0.005153856305428562	4.423594568710589e-6	0.030992440814147836	3.5904842582700945e-4	0.0044834379775736035	0.011585032233508576	Excluded By Filtering
M301335	0	1	0	Colon	positive	MSEB0012	G103bO202A	L06	41365.73814	17749.83044	5000	Lid8_Covaris_500639	Fail	3	15	G103b	ULV2_Half	TecanUDI_A_10nt	19.1013	0.6178	4649368	1367700	39478	3339015	697405200	199962126	203964700	0.686502	0.438206	0.654762	1367700	54862	51478	1303286	3315	243	64414	51547	51235	51198	165	51033	NA	602227	7388	60	108	609783	0.01211578545154587	0.9876087067038604	0.6521000000000001	0.6765000000000001	13.8434	0.7058309860609012	0.2924622586697088	0.28031465782015963	7.130001324911257e-4	5.226516808305989e-5	0.011011819240808643	3.548869437738634e-5	1.2064049133581926e-4	0.003222782139927341	Excluded By Filtering
M301336	0	1	0	Colon	positive	MSEB0012	G103bO202A	L06	41541.8673	17517.34252	5000	Lid8_Covaris_500639	Success	1	15	G103b	ULV2_Half	TecanUDI_A_10nt	10.5585	0.5167	6278524	2596746	91322	3835663	941778600	382205986	224658861	0.643684	0.452962	0.659042	2596746	119596	112596	2452823	6900	77	143923	112696	112519	112482	809	111673	NA	1177206	18474	70	136	1195886	0.01544796075880142	0.9843797820193564	0.8681	0.8787	13.5062	0.5864082067696166	0.23854742611480023	0.3906687304213538	0.0010989844109857668	1.2264028934188992e-5	0.017915357176304495	1.2885194036050512e-4	3.1154375514586333e-4	0.007192261873010793	Excluded By Filtering
M301337	0	1	0	Colon	positive	MSEB0012	G103bO202A	L06	41905.2655	17614.85838	5000	Lid8_Covaris_500639	Fail	3	15	G103b	ULV2_Half	TecanUDI_A_10nt	8.3811	0.2991	9821024	6745540	126054	4360565	1473153600	973509505	222567607	0.552217	0.448933	0.641557	6745540	473206	422890	6222909	49850	309	522631	423356	422581	422496	2418	420078	NA	2872771	89143	493	680	2963087	0.0300845030874895	0.9695196259846572	0.9452	0.9498	14.0351	0.31315308872068737	0.1510824173392374	0.6336313810046692	0.005075845451553728	3.146311423330194e-5	0.043019546637906594	2.462065055537997e-4	3.5845907073414434e-4	0.00572313110656669	Excluded By Filtering
M301338	0	1	0	Colon	positive	MSEB0012	G103bO202A	L06	41276.78876	18329.22704	5000	Lid8_Covaris_500639	Success	1	15	G103b	ULV2_Half	TecanUDI_A_10nt	2.6942	2e-4	433906	123732	3138	330149	65085900	17869844	19292911	0.695495	0.501588	0.660609	123732	27068	20880	95834	6156	16	27898	20912	20864	20864	1058	19806	NA	48547	6910	21	32	55510	0.12448207530174744	0.8745631417762565	0.7435	0.7627000000000002	12.8612	0.7148414633584232	0.2964222819381771	0.22086350499877855	0.014187404645245745	3.6874346056519154e-5	0.04808414725770098	0.002438316132987329	0.008550738693304884	0.05070935582822086	Excluded By Filtering
M301339	0	1	0	Colon	positive	MSEB0012	G103bO202A	L06	41696.43886	17996.8833	5000	Lid8_Covaris_500639	Success	2	15	G103b	ULV2_Half	TecanUDI_A_10nt	2.2164	0.1043	304268	103450	2684	220893	45640200	14843538	13103088	0.683614	0.504922	0.619763	103450	44416	34138	58612	10221	36	44838	34195	34102	34102	8626	25476	NA	32600	12756	14	52	45422	0.2808330764827617	0.7177138831403285	0.7626	0.7806000000000001	13.2764	0.6600036809654647	0.28709532385922937	0.19263281054859532	0.033592096441295176	1.1831674707823366e-4	0.11207882524616457	0.028350007230467877	0.08338327694538425	0.25294704122925343	Excluded By Filtering
M301340	0	1	0	Colon	negative	MSEB0012	G103bO202M	L06	42670.5957	16129.89518	5000	Lid8_Covaris_500639	Success	1	15	G103b	ULV2_Half	TecanUDI_A_10nt	4.4975	0.0082	508784	49392	2442	468283	76317600	6917815	29098133	0.759913	0.502073	0.761242	49392	47418	30480	1949	16866	45	47443	30552	30435	30434	168	30266	NA	10560	9662	15	24	20261	0.47687675830413107	0.5211983613839396	0.806	0.821	12.9516	0.9029214755180981	0.3812768352254264	0.0038307022233403567	0.03314962734677191	8.844617755275323e-5	0.05981713261423315	3.301990628636121e-4	0.003401360544217687	0.005520141946507196	Excluded By Filtering
M301341	0	1	0	Colon	positive	MSEB0012	G103bO202A	L06	41762.31914	18119.51194	5000	Lid8_Covaris_500639	Success	3	15	G103b	ULV2_Half	TecanUDI_A_10nt	14.1943	0.318	1877262	38014	74502	1261496	281589300	4468452	81227554	0.810268	0.717659	0.466323	38014	33110	31540	3361	1467	279	34653	31643	31261	31000	484	30516	NA	14803	1915	4	19	16741	0.11438982139657128	0.8842363060749059	0.9509	0.955	5.0175	0.9797502959096812	0.2884610814402394	0.0017903734268312041	7.814572499736318e-4	1.4862070398271524e-4	0.01651341155363503	2.5782229651481785e-4	0.012732151312674278	0.01561290322580645	Excluded By Filtering
M301342	0	1	0	Colon	positive	MSEB0012	G103bO202A	L06	41096.27874	18126.66962	5000	Lid8_Covaris_500639	Success	1	15	G103b	ULV2_Half	TecanUDI_A_10nt	2.9639	0.03	2437622	1673244	32424	896844	365643300	246432773	48476668	0.557441	0.459689	0.554388	1673244	105334	97934	1555121	7285	117	118123	98049	97817	97792	4756	93036	NA	730190	21585	87	163	752025	0.02870250324124863	0.9709650610019612	0.8282	0.8417	13.84	0.3135752795142151	0.1325791228774054	0.6379664279367351	0.0029885683670396804	4.79975976587018e-5	0.04011778692512621	0.001951081833032357	0.0028423828204374255	0.048633835078534034	Excluded By Filtering
M301343	0	1	0	Colon	negative	MSEB0012	G103bO202Z	L06	NA	NA	NA	Lid8_Covaris_500639	NA	0	15	G103b	ULV2_Half	TecanUDI_A_10nt	2.1742	0.0354	507628	18832	4746	485813	76144200	2605825	29124928	0.779201	0.590882	0.78589	18832	17948	15062	875	2868	23	17957	15080	15039	15038	281	14757	NA	5660	1992	3	35	7690	0.25903771131339404	0.7360208062418726	0.8012	0.8166	12.2922	0.9629019675825604	0.38249699911483737	0.0017237031842215166	0.005649806551254068	4.530876941382272e-5	0.029624055410655048	5.535549654471384e-4	0.014921410365335598	0.01868599547812209	Excluded By Filtering
M301344	0	1	0	Colon	positive	MSEB0012	G103bO202A	L06	41840.81952	17244.87238	5000	Lid8_Covaris_500639	Success	1	15	G103b	ULV2_Half	TecanUDI_A_10nt	2.453	1e-4	814018	352522	8650	518290	122102700	50991492	30296598	0.651556	0.497572	0.638207	352522	52242	46544	297626	5659	13	54896	46583	46531	46524	470	46054	NA	146195	12701	31	5	158932	0.079914680492286	0.9198588075403316	0.8434	0.8559	13.0987	0.5669358662830551	0.24812389898012083	0.36562582154202977	0.006951934723802176	1.597016282195234e-5	0.057153527317577744	5.773828097167384e-4	0.001333250123396554	0.010102312784799243	Excluded By Filtering
M301345	0	1	0	Colon	positive	MSEB0012	G103bO202A	L06	41615.13064	17636.39242	5000	Lid8_Covaris_500639	Success	1	15	G103b	ULV2_Half	TecanUDI_A_10nt	2.3493	0.5844	9517976	8904290	126878	1724468	1427696400	1304473748	59870837	0.457845	0.437817	0.486051	8904290	269052	257172	8580456	11512	305	323834	257540	256867	256740	11743	244997	NA	3964976	28910	341	775	3995002	0.00723654205930309	0.9924841088940632	0.8774	0.8873000000000001	13.9531	0.06447652315996594	0.04193527209286232	0.9015000668209292	0.001209500843456634	3.204462797552757e-5	0.026974222250612946	0.0012337707092348205	0.0013188025098014552	0.045738879800576455	Excluded By Filtering
M301346	0	1	0	Colon	positive	MSEB0012	G103bO202B	L06	41121.26064	31903.6352	5000	Lid8_Covaris_500639	Fail	3	15	G103b	ULV2_Half	TecanUDI_A_10nt	15.8791	0.2354	5109330	254308	32972	4804049	766399500	36758080	304228420	0.768497	0.498981	0.341158	254308	123752	97964	129009	25640	95	125299	98112	97869	97838	508	97330	NA	74853	36671	62	70	111656	0.32842838718922407	0.6703894103317332	0.8611999999999999	0.8722999999999999	13.8193	0.9502267420581564	0.3969580094976575	0.02524969027250148	0.005018270497305909	1.8593435929955592e-5	0.019148890363315737	9.942595213070989e-5	0.00199757774037781	0.005192256587420021	Excluded By Filtering
M301347	0	1	0	Colon	positive	MSEB0012	G103bO202B	L06	NA	NA	NA	Lid8_Covaris_500639	Success	2	15	G103b	ULV2_Half	TecanUDI_A_10nt	13.6191	0.2915	11980100	7023184	135008	5630530	1797015000	1032551089	328177651	0.587086	0.455137	0.564634	7023184	221838	207914	6753952	13573	219	269232	208265	207695	207600	862	206738	NA	3120405	21940	264	575	3143184	0.00698018315186129	0.9927528900630698	0.9005	0.9087	13.7654	0.41376248946169064	0.1826237683046608	0.5637642423685946	0.001132962162252402	1.8280314855468653e-05	0.017328736821896312	7.195265481924191e-5	1.2273635433729204e-4	0.0041522157996146435	Excluded By Filtering
M301348	0	1	0	Colon	positive	MSEB0012	G103bO202B	L06	41066.92588	31834.1587	5000	Lid8_Covaris_500639	Success	1	15	G103b	ULV2_Half	TecanUDI_A_10nt	5.4636	0.1331	2173140	819454	24468	1472793	325971000	118933247	87388850	0.680467	0.50626	0.664376	819454	167964	155012	645881	12840	88	173573	155124	154924	154906	37164	117742	NA	317788	53225	61	71	371145	0.14340756308181438	0.8562367807730132	0.9207	0.9273	13.7734	0.6229170693098466	0.26808780535691823	0.2972109482131846	0.005908501062977995	4.0494399808571926e-5	0.07128210791757549	0.017101521300974625	0.0453521491139222	0.23991323770544717	Excluded By Filtering
M301349	0	1	0	Colon	negative	MSEB0012	G103bO202M	L06	43773.13288	31492.75144	5000	Lid8_Covaris_500639	Fail	3	15	G103b	ULV2_Half	TecanUDI_A_10nt	2.8236	0.0134	826306	88330	4646	757952	123945900	12263554	45378346	0.755933	0.542344	0.739254	88330	86790	60272	1522	26364	98	86808	60426	60174	60174	516	59658	NA	22989	13580	19	60	36648	0.3705522811613185	0.6272920759659463	0.9487	0.953	12.5298	0.8931025552277243	0.3661141352799891	0.0018419326496479512	0.03190585569994651	1.1860013118626756e-4	0.07282290095920882	6.244659968583068e-4	0.005841729876599117	0.008575132116861103	Excluded By Filtering
M301350	0	1	0	Colon	negative	MSEB0012	G103bO202Z	L06	NA	NA	NA	Lid8_Covaris_500639	NA	0	15	G103b	ULV2_Half	TecanUDI_A_10nt	3.8392	0.0924	1150820	285826	6848	926177	172623000	40704316	55874251	0.713831	0.484939	0.724655	285826	282562	133644	3202	148346	145	282624	134216	133499	133494	592	132902	NA	71013	45598	127	264	117002	0.38971983384899406	0.6069383429343088	0.9169	0.9238	13.6603	0.7516327488225787	0.3236779050300366	0.0027823638796684105	0.12890460714968457	1.2599711510053702e-4	0.11599902678090405	5.144158078587441e-4	0.0020711901646456236	0.004434656239231726	Excluded By Filtering
M301351	0	1	0	Colon	positive	MSEB0012	G103bO202B	L06	40978.64194	31539.06776	5000	Lid8_Covaris_500639	Success	2	15	G103b	ULV2_Half	TecanUDI_A_10nt	8.6908	0.749	22266604	17068440	303212	6419930	3339990600	2521745359	345274220	0.527619	0.452723	0.601035	17068440	512286	498724	16437418	12755	513	631022	499531	498211	497910	28752	469158	NA	7574506	55026	734	1275	7631541	0.00721033930106645	0.9925264111140856	0.9296	0.9355	14.0555	0.23345113606008353	0.10337580590795675	0.7382094728051031	5.728309534763362e-4	2.3038986995951425e-5	0.02236129047788338	0.0012912611191181196	0.0016845124686263068	0.057745375670301864	Excluded By Filtering
M301352	0	1	0	Colon	positive	MSEB0012	G103bO202B	L06	41251.34098	31431.61002	5000	Lid8_Covaris_500639	Success	1	15	G103b	ULV2_Half	TecanUDI_A_10nt	7.9758	0.2421	7569978	4742178	83726	3476416	1135496700	692044137	187909794	0.581096	0.462636	0.616177	4742178	346130	325186	4360804	20638	252	381374	325492	324934	324878	50370	274508	NA	2024820	62051	228	522	2087621	0.02972330705621374	0.9699174323308684	0.9132	0.9203	14.3799	0.3735545862880975	0.16548686931454754	0.5760656107587102	0.0027262959020488567	3.328939661383428e-5	0.042916637274243066	0.006653916299360447	0.010621701673787867	0.1550428160724949	Excluded By Filtering
M301353	0	1	0	Colon	positive	MSEB0012	G103bO202B	L06	41409.99608	31114.40822	5000	Lid8_Covaris_500639	Success	1	15	G103b	ULV2_Half	TecanUDI_A_10nt	8.2133	0.0389	2858320	514388	28304	2378296	428748000	74988049	148367363	0.726228	0.474219	0.682555	514388	118330	93536	393240	24635	81	121148	93695	93455	93444	1021	92423	NA	195180	35232	49	76	230537	0.15282579369038377	0.8466319939966253	0.9251	0.9313	13.1505	0.8200383442021887	0.34604794191459787	0.1375773181449243	0.00861869909597246	2.8338324610260572e-5	0.03269193092445912	3.572028324330376e-4	0.0019848830066020204	0.010926330208467103	Excluded By Filtering
M301354	0	1	0	Colon	positive	MSEB0012	G103bO202B	L06	41668.30296	31063.3616	5000	Lid8_Covaris_500639	Success	1	15	G103b	ULV2_Half	TecanUDI_A_10nt	2.5611	8.2937	63640770	60540286	1164734	7383716	9546115500	8954995640	237021355	0.441295	0.428343	0.379769	60540286	1231866	1217138	58878661	12759	1360	1661625	1219107	1215778	1215036	6498	1208538	NA	26962687	74772	2334	5083	27044876	0.0027647381337596	0.9969610139828337	0.8822	0.8917	14.4637	0.048718518019188015	0.024829089381958557	0.925172039873182	2.0048468929587118e-4	2.1369948855112847e-5	0.01909210086553007	1.0210435857391417e-4	1.0733348699409845e-4	0.005347989689194394	Excluded By Filtering
M301355	0	1	0	Colon	negative	MSEB0012	G103bO202R	NA	NA	NA	NA	Lid8_Covaris_500639	NA	0	15	G103b	ULV2_Half	TecanUDI_A_10nt	2.4384	0.0499	586478	20430	4436	560656	87971700	2939040	35365260	0.780348	0.583438	0.798884	20430	20426	17960	2	2451	28	20428	17975	17932	17932	500	17432	NA	7945	1270	23	0	9238	0.13747564407880494	0.8600346395323664	0.9161	0.923	11.6474	0.965164933723004	0.40200723641807534	3.410187594419569e-6	0.004179184896961182	4.774262632187397e-5	0.030575741971565856	8.525468986048922e-4	0.024473813020068527	0.027883113986169977	Excluded By Filtering
M301356	0	1	0	Colon	positive	MSEB0012	G103bO202B	L06	41960.29826	31121.08838	5000	Lid8_Covaris_500639	Fail	3	15	G103b	ULV2_Half	TecanUDI_A_10nt	5.597	0.0161	2849960	1174154	33062	1855698	427494000	170410718	109303358	0.655912	0.47957	0.680317	1174154	199356	173352	966580	25839	51	207574	173517	173301	173284	18995	154289	NA	472445	58570	40	163	531218	0.11025605307049084	0.889361806264095	0.9434	0.9481	13.6367	0.5880103580401128	0.25568395813742417	0.3391556372721021	0.009066443037797021	1.7894987999831577e-5	0.060802256873780686	0.006665005824643153	0.01617760532264081	0.10961773735601671	Excluded By Filtering
M301357	0	1	0	Colon	positive	MSEB0012	G103bO202B	L06	41748.6334	31372.54232	5000	Lid8_Covaris_500639	Fail	3	15	G103b	ULV2_Half	TecanUDI_A_10nt	4.0142	0.0561	2443402	1387880	27048	1302654	366510300	200648804	71988727	0.608788	0.478796	0.657903	1387880	125108	110112	1253847	14935	101	134033	110173	110011	109992	1761	108231	NA	569943	31665	103	93	601804	0.05261679882486657	0.9470575137420156	0.9503	0.9544	12.878	0.431988678080807	0.19641665459333613	0.5131562469049301	0.006112379379242548	4.1335809662102266e-5	0.04501592451835596	7.207164437124959e-4	0.001268841686601147	0.016010255291293914	Excluded By Filtering
M301358	0	1	0	Colon	positive	MSEB0012	G103bO202B	L06	41684.03558	30812.28516	5000	Lid8_Covaris_500639	Success	1	15	G103b	ULV2_Half	TecanUDI_A_10nt	1.0105	0.5276	15223312	14333534	248324	3032971	2283496800	2089068305	100986534	0.47254	0.457577	0.600963	14333534	618518	594340	13609686	23359	542	723848	595159	593798	593564	14521	579043	NA	6411027	64058	397	1120	6476602	0.00989068032897497	0.9898750919077628	0.9541	0.958	13.6799	0.05844838495065988	0.04422451303632219	0.8940029607223448	0.0015344229954690543	3.560329053230992e-5	0.038990464098745396	9.538660181174766e-4	0.0010130788401520518	0.02446408474907508	Excluded By Filtering
M301359	0	1	0	Colon	positive	MSEB0012	G103bO202B	L06	41888.6409	30691.73628	5000	Lid8_Covaris_500639	Success	3	15	G103b	ULV2_Half	TecanUDI_A_10nt	7.2353	0.7485	19184664	13968438	251670	6748882	2877699600	2048423625	349215539	0.530469	0.439165	0.633679	13968438	447928	421928	13425060	25289	577	543378	422639	421351	421168	8818	412350	NA	6162408	60640	512	1336	6224896	0.00974152821187695	0.9899615993584472	0.9374	0.9426	13.8514	0.27189561412177976	0.12135232565622903	0.6997808249339159	0.0013181883195869366	3.0076106623498853e-5	0.021953368586491794	4.596379691612008e-4	6.312803192454303e-4	0.020937013258367207	Excluded By Filtering
M301360	0	1	0	Colon	positive	MSEB0012	G103bO202B	L06	41051.87104	30682.46512	5000	Lid8_Covaris_500639	Fail	3	15	G103b	ULV2_Half	TecanUDI_A_10nt	1.8286	0.8637	24518518	22532162	300378	4335575	3677777700	3315709954	162416261	0.455034	0.427711	0.632832	22532162	611452	577338	21790750	33238	565	741412	578214	576773	576482	919	575563	NA	9957134	72545	774	1855	10032308	0.00723113764051103	0.992506809001478	0.9506	0.9547	13.6754	0.08101452135076027	0.04416152205175424	0.888746620003705	0.00135562842746042	2.304380713385695e-5	0.023512106237416144	3.74818739044505e-5	4.078614382410352e-5	0.0015941521157642388	Excluded By Filtering
M301361	0	1	0	Colon	negative	MSEB0012	G103bO202M	L06	41203.00558	28673.7815	5000	Lid8_Covaris_500639	Success	2	15	G103b	ULV2_Half	TecanUDI_A_10nt	5.1825	0.2368	8426948	2287556	117252	6261207	1264042200	334208993	377540935	0.696802	0.446662	0.715642	2287556	240824	205388	2031882	35222	155	255674	205602	205233	205178	1407	203771	NA	939542	46201	509	299	986551	0.04683082780312422	0.9523501572650578	0.9465	0.951	13.5595	0.7285427654234962	0.298677476907021	0.24111718738504143	0.004179686406039292	1.8393373259215553e-5	0.024347842184382767	1.6696436242397603e-4	6.150669098373985e-4	0.006857460351499673	Excluded By Filtering
M301362	0	1	0	Colon	negative	MSEB0012	G103bO202M	L06	44105.7851	46919.61188	5000	Lid8_Covaris_500639	Success	1	15	G103b	ULV2_Half	TecanUDI_A_10nt	12.635	0.0419	3544754	34908	14818	3468502	531713100	4854556	219170015	0.771595	0.5334	0.807185	34908	34748	24264	131	10432	29	34777	24316	24235	24232	968	23264	NA	8004	5904	12	12	13932	0.42377260981912146	0.5745047372954349	0.7324	0.7522999999999999	13.0617	0.9901522080234623	0.4121960038223621	3.6956020079249505e-5	0.002942940469211686	8.18110368166592e-6	0.006836017393590642	2.730795987535383e-4	0.02773003323020511	0.03994717728623308	Excluded By Filtering
M301363	0	1	0	Colon	positive	MSEB0012	G103bO202C	L06	42227.02954	45904.7727	5000	Lid8_Covaris_500639	Success	1	15	G103b	ULV2_Half	TecanUDI_A_10nt	3.6261	0.0087	971518	50384	5938	929676	145727700	6657606	55457160	0.774914	0.555965	0.783718	50384	40258	35040	9855	5183	8	40529	35075	35032	35030	349	34681	NA	12572	9684	2	26	22284	0.4345718901453958	0.5641716029438162	0.8766000000000002	0.8866	12.4888	0.9481388919196556	0.3805533196502793	0.010143919103917787	0.005334950047245651	8.234536055945438e-6	0.036056974754971084	3.592316354406197e-4	0.006926802159415687	0.009962888952326577	Excluded By Filtering
M301364	0	1	0	Colon	positive	MSEB0012	G103bO202C	L06	42798.15272	44268.3438	5000	Lid8_Covaris_500639	Fail	3	15	G103b	ULV2_Half	TecanUDI_A_10nt	8.2991	0.6994	10375210	8001688	125652	4500113	1556281500	1134701693	202941838	0.67302	0.647451	0.488584	8001688	7992774	7982910	8596	9780	122	7993092	7982994	7982788	7982740	8209	7974531	NA	1617982	282446	11002	3125	1914555	0.14752566523291313	0.8450955966268924	0.8789	0.8887	18.1152	0.22876857432283298	0.13040175443838406	8.285133505731451e-4	9.426315226390598e-4	1.1758798135170276e-5	0.7694051493897472	7.912129007509246e-4	0.0010259085332994739	0.0010283436514279558	Excluded By Filtering
M301365	0	1	0	Colon	positive	MSEB0012	G103bO202C	L06	41809.89788	45629.1815	5000	Lid8_Covaris_500639	Success	1	15	G103b	ULV2_Half	TecanUDI_A_10nt	10.6263	0.188	5955002	3288998	51544	3096230	893250300	480300779	181740333	0.585491	0.438014	0.552737	3288998	105628	100842	3164016	4667	97	124982	100961	100745	100704	1115	99589	NA	1476791	14615	107	215	1491728	0.00979736252185385	0.9899867804318212	0.8931999999999999	0.9019	13.1129	0.4476915372992318	0.20345958238133252	0.5313207283557587	7.837109038754311e-4	1.628882744287911e-5	0.016910825554718536	1.8723755256505373e-4	3.390090234168583e-4	0.011072052748649508	Excluded By Filtering
M301366	0	1	0	Colon	positive	MSEB0012	G103bO202C	L06	42180.94598	45036.8465	5000	Lid8_Covaris_500639	Success	1	15	G103b	ULV2_Half	TecanUDI_A_10nt	4.4474	0.0179	2169718	38328	8962	2111931	325457700	5369004	133296965	0.780086	0.552738	0.781905	38328	32828	28726	5439	4082	30	32889	28746	28696	28692	473	28219	NA	9651	5562	11	45	15269	0.36426747003733057	0.6320649682362958	0.6857	0.7082	13.4555	0.9823350315570963	0.40956771033532163	0.0025067773784427285	0.0018813504796475855	1.3826681624063588e-5	0.013223838305254415	2.1800068027273592e-4	0.012340847422250053	0.016485431479157955	Excluded By Filtering
M301367	0	1	0	Colon	positive	MSEB0012	G103bO202C	L06	42551.6086	44760.61316	5000	Lid8_Covaris_500639	Success	1	15	G103b	ULV2_Half	TecanUDI_A_10nt	17.4169	0.2798	7167532	279362	47100	6816647	1075129800	40565127	430082164	0.772601	0.448704	0.784435	279362	29586	25398	247745	4146	42	31617	25440	25356	25346	413	24933	NA	114379	8132	18	31	122560	0.06635117493472585	0.9332490208877284	0.777	0.794	12.8633	0.9610239619439439	0.4000281305568872	0.034564896257177506	5.784417844245411e-4	5.859757584619085e-6	0.003536224184279889	5.762094958208767e-5	0.0014783685683808106	0.016294484336778978	Excluded By Filtering
M301368	0	1	0	Colon	positive	MSEB0012	G103bO202C	L06	42729.66332	44186.8088	5000	Lid8_Covaris_500639	Fail	3	15	G103b	ULV2_Half	TecanUDI_A_10nt	10.2736	0.1943	5341400	1601210	47952	3907288	801210000	233453709	231492557	0.672113	0.434969	0.673347	1601210	120410	114590	1471732	5716	47	129478	114694	114543	114514	282	114232	NA	664788	29726	171	186	694871	0.04277916332671819	0.9567070722479424	0.7076	0.7289999999999999	14.6945	0.7002265323697907	0.288928691603949	0.275533006327929	0.0010701314262178455	8.799191223274797e-6	0.021438948590257235	5.279514733964878e-5	1.7611681166118122e-4	0.002462580994463559	Excluded By Filtering
M301369	0	1	0	Colon	negative	MSEB0012	G103bO202Z	L06	NA	NA	NA	Lid8_Covaris_500639	NA	0	15	G103b	ULV2_Half	TecanUDI_A_10nt	8.0087	0.061	2051022	49064	7140	1996480	307653300	6727245	125662932	0.780176	0.56245	0.786647	49064	48966	38034	83	10870	9	48981	38096	38025	38024	70	37954	NA	9970	9369	17	52	19408	0.4827390766694147	0.5137056883759274	0.7292000000000001	0.7492	13.5613	0.9760782673223398	0.40845631104883323	4.0467630283829235e-5	0.0052997968817496835	4.388056295836905e-6	0.018539050288100274	3.4129326745398145e-5	0.0014267079732594164	0.001840942562592047	Excluded By Filtering
M301370	0	1	0	Colon	positive	MSEB0012	G103bO202C	L06	42248.67732	45163.92228	5000	Lid8_Covaris_500639	Success	2	15	G103b	ULV2_Half	TecanUDI_A_10nt	3.5428	0.1132	3746572	2958666	52048	1117737	561985800	434780104	54586701	0.509736	0.440271	0.605909	2958666	253054	213840	2686000	38797	371	272666	214257	213469	213408	2025	211383	NA	1189150	62558	141	557	1252406	0.04995025574773675	0.9494924169957666	0.9318	0.9375	13.8182	0.21030050937230085	0.09713181543021193	0.7169220289907681	0.01035533282157663	9.90238543393801e-5	0.05696086982980709	5.404940836583415e-4	6.844300776093009e-4	0.009488866396761133	Excluded By Filtering
M301371	0	1	0	Colon	positive	MSEB0012	G103bO202C	L06	42343.66506	45296.0106	5000	Lid8_Covaris_500639	Success	2	15	G103b	ULV2_Half	TecanUDI_A_10nt	2.7073	0.1402	838182	221488	5428	655605	125727300	31869137	39913976	0.712519	0.51008	0.6503	221488	140668	114420	78767	26082	83	142721	114586	114337	114336	4945	109391	NA	54755	36764	112	126	91757	0.4006669790860643	0.5967392133570191	0.9338	0.9393	13.3239	0.7357519011384163	0.3174646715550242	0.09397362386689287	0.03111734682920893	9.902383969114106e-5	0.13640951487863018	0.00589967334063485	0.022326265982807195	0.04324972012314582	Excluded By Filtering
M301372	0	1	0	Colon	positive	MSEB0012	G103bO202C	L06	42131.08786	45460.48658	5000	Lid8_Covaris_500639	Success	1	15	G103b	ULV2_Half	TecanUDI_A_10nt	2.1728	0.0575	606072	128698	4812	501707	90910800	18507278	29505727	0.733518	0.555689	0.688674	128698	111852	88072	16720	23688	78	111978	88164	87994	87994	815	87179	NA	35640	19785	62	93	55580	0.3559733717164448	0.6412378553436487	0.9515	0.9556	12.6926	0.7876522921369078	0.3245568953303678	0.02758748135535052	0.03908446521205401	1.2869758048548687e-4	0.14518737047743502	0.0013447247191752795	0.006332654742109435	0.009261995136032002	Excluded By Filtering
M301373	0	1	0	Colon	positive	MSEB0012	G103bO202C	L06	42210.01374	45601.5616	5000	Lid8_Covaris_500639	Fail	3	15	G103b	ULV2_Half	TecanUDI_A_10nt	1.2885	0.0073	1388302	1077704	19774	389111	208245300	159340917	19526712	0.508524	0.432813	0.607745	1077704	126368	98108	945429	28119	38	132275	98249	98070	98062	705	97357	NA	406963	35248	79	275	442565	0.07964479793928575	0.9195553195575792	0.9523	0.9563	12.7779	0.2237250972771054	0.09376784013852894	0.6809966419410186	0.020254238631075946	2.7371566128983464e-5	0.07063448730895727	5.078145821298248e-4	6.541684915338534e-4	0.007189329199893945	Excluded By Filtering
M301374	0	1	0	Colon	positive	MSEB0012	G103bO202C	L06	42975.7614	45566.74104	5000	Lid8_Covaris_500639	Fail	3	15	G103b	ULV2_Half	TecanUDI_A_10nt	1.4326	0.6167	17880140	17017296	232838	2132339	2682021000	2518346039	72303462	0.440828	0.426818	0.610679	17017296	483620	440750	16431424	42195	1382	585872	441425	439368	439106	10366	428740	NA	7466549	58616	600	1807	7527572	0.00778684016572674	0.9918934020159488	0.9451	0.9497	13.5925	0.048257116555015786	0.026958574149866837	0.9189762496266808	0.0023598808510447906	7.729245967872735e-5	0.024558308827559515	5.797493755641735e-4	6.091449546390919e-4	0.023607056155005853	Excluded By Filtering
M301375	0	1	0	Colon	negative	MSEB0012	G103bO202Z	L06	NA	NA	NA	Lid8_Covaris_500639	NA	0	15	G103b	ULV2_Half	TecanUDI_A_10nt	NA	0	5106808	4553602	74890	1156906	766021200	667484021	43659395	0.480238	0.446875	0.608676	4553602	758600	425870	3769164	330325	478	784438	428275	425392	425336	65903	359433	NA	1920143	119356	289	1051	2040839	0.05848379024509038	0.9408596170496546	0.9521	0.9561	14.1597	0.10832715856950173	0.05699502180879589	0.7380665182634633	0.06468326202982372	9.360054264816692e-5	0.08328803432594294	0.012904930046322477	0.014472718520415267	0.1549433859348844	Excluded By Filtering
M301376	0	1	0	Colon	negative	MSEB0012	G103bO202M	L06	44828.31554	45127.40366	5000	Lid8_Covaris_500639	Fail	3	15	G103b	ULV2_Half	TecanUDI_A_10nt	1.129	0.0237	379080	138472	2178	270689	56862000	19948590	15280017	0.700217	0.57558	0.716028	138472	134918	110102	3497	24686	68	134975	110232	110034	110034	1813	108221	NA	46708	14339	54	50	61151	0.23448512698075255	0.7638141649359782	0.9589	0.9624	12.9001	0.63471562730822	0.2687210615173578	0.009224965706447187	0.06512081882452253	1.7938166086314234e-4	0.2902659069325736	0.0047826316344834864	0.013092899647582182	0.016476725375792936	Excluded By Filtering
M301377	0	1	0	Colon	positive	MSEB0012	G103bO202C	L06	43010.45838	44867.36506	5000	Lid8_Covaris_500639	Success	2	15	G103b	ULV2_Half	TecanUDI_A_10nt	1.6642	15.5837	63393566	61441430	986712	6909239	9509034900	9086564217	179050421	0.433845	0.42662	0.335708	61441430	1220400	1207856	59842880	10428	1521	1598550	1209972	1206335	1205502	233	1205269	NA	27416058	74074	2389	5003	27497524	0.00269384254378685	0.9970373332522594	0.8693	0.8798	14.4275	0.03079391369149355	0.018829505084685304	0.9439898048959732	1.6449618877726488e-4	2.39929711478922e-5	0.019016156939333558	3.675451858947326e-6	3.7922294451805564e-6	1.9328047568564798e-4	Excluded By Filtering
M301474	79	36.754509798614805	4.125485052817707	Caecum right	positive	MSEB0014	G121eI104A	L06	NA	NA	50000	Lid8_Covaris_500639	Success	1	12	G121e	ULV2_Half	TecanSI_A_8nt	0.0475	27.814	35364310	34256500	552144	3423745	5304646500	5076061236	63800554	0.514891	0.510534	0.176828	34256500	33759250	33701930	488331	56725	1002	33768169	33702525	33700928	33699950	27963494	5736456	0.6976	6611919	1815897	16380	179626	8623822	0.21056754186252916	0.7667040205607212	0.933	0.9385	18.1657	0.03132565006923647	0.012027296069587294	0.013808582720827862	0.001604018288494813	2.8333650508097006e-5	0.9529367319763908	0.7907264131549576	0.8162974617955716	0.8297785011550463	Retained By Filtering
M301475	0	1	0	Caecum right	negative	MSEB0014	G121eI104M	L06	7713.36	7571.61	50000	Lid8_Covaris_500639	Success	1	12	G121e	ULV2_Half	TecanSI_A_8nt	0.1703	0.2487	579316	535234	22374	107394	86897400	77278920	3290645	0.504362	0.49223	0.472526	535234	534384	218652	607	310974	58	534627	223410	218594	218578	16209	202369	0.13449999999999998	138003	94520	188	172	232883	0.40586904153587855	0.5925851178488769	0.8729	0.8831	14.4129	0.07609318575699618	0.03786816406474762	0.0010477873906469008	0.5367951170000483	1.0011807027598064e-4	0.3773035787031603	0.027979548294885692	0.030283950571152057	0.07415659398475602	Excluded By Filtering
M301476	79	37.806910023531096	4.064960035941305	Caecum right	positive	MSEB0014	G121eI104A	L06	NA	NA	50000	Lid8_Covaris_500639	Success	3	12	G121e	ULV2_Half	TecanSI_A_8nt	0.3528	44.0996	31675684	30847708	445106	2759247	4751352600	4580089350	47775513	0.524335	0.521293	0.122243	30847708	30837982	30805396	7243	32149	650	30840465	30805833	30804746	30804102	25648332	5155770	0.7164	5963832	1382603	15937	167721	7530093	0.1836103485043279	0.7919997800823974	0.9207	0.9273	18.2058	0.026139167192095993	0.010055139456499187	2.286612027067829e-4	0.0010149425660389844	2.052047242294752e-5	0.9724841932379424	0.8097167530778498	0.8314501680319328	0.8326271611488626	Retained By Filtering
M301477	79	37.605392313934566	4.08683378706939	Caecum right	positive	MSEB0014	G121eI104A	L06	NA	NA	50000	Lid8_Covaris_500639	Success	2	12	G121e	ULV2_Half	TecanSI_A_8nt	0.0901	28.3428	30564614	29609998	471870	3277592	4584692100	4378670877	63551073	0.523132	0.519007	0.158024	29609998	29598612	29526184	8350	71501	809	29601648	29527111	29525375	29524598	24444474	5080124	0.7212000000000001	5806207	1332468	14835	158465	7311975	0.1822309294000595	0.7940682237015307	0.9224	0.9288	18.1918	0.031232718986734135	0.013861579275956175	2.7319173734698565e-4	0.002339339211023571	2.6468516827989386e-5	0.9659732002504595	0.7997638707297269	0.8255479787604173	0.8279358790930871	Retained By Filtering
M301478	83	40.29492048416757	4.00006355316534	Caecum right	positive	MSEB0014	G121eI104A	L06	NA	NA	50000	Lid8_Covaris_500639	Success	3	12	G121e	ULV2_Half	TecanSI_A_8nt	0.043	46.3351	34471734	33574266	447372	2282218	5170760100	4996617961	40283351	0.528024	0.524881	0.116602	33574266	33566258	33530534	5442	35366	736	33568824	33530892	33529798	33529066	28063158	5465908	0.74	6351553	1442045	16864	186122	7996584	0.18033262703174255	0.7942832839622519	0.9274	0.9334	18.2182	0.02603489572065043	0.007790605292247072	1.5786847276090028e-4	0.001025942008023153	2.135082615803429e-5	0.9726538850642095	0.8140918585644691	0.8358532097172281	0.8369800101201745	Retained By Filtering
M301479	0	1	0	Caecum right	negative	MSEB0014	G121eI104R	NA	NA	NA	NA	Lid8_Covaris_500639	NA	0	12	G121e	ULV2_Half	TecanSI_A_8nt	0.1122	0.1171	353866	304154	37554	44776	53079900	44627534	1124280	0.493741	0.474488	0.447305	304154	303666	99142	343	203245	17	303811	100421	99125	99118	3956	95162	0.1204	87366	45839	82	38	133325	0.3438139883742734	0.6552859553722108	0.8548	0.8664000000000001	13.7565	0.14048255554362385	0.02118089898436131	9.69293461366732e-4	0.5743558296078176	4.804078379951733e-5	0.2801003769788564	0.011179372982993563	0.013006569040683338	0.03991202405213987	Excluded By Filtering
M301480	77	36.5894192162877	4.156257617808564	Caecum right	positive	MSEB0014	G121eI104A	L06	NA	NA	50000	Lid8_Covaris_500639	Success	1	12	G121e	ULV2_Half	TecanSI_A_8nt	0.0178	26.6121	29819320	28896394	456218	2941510	4472898000	4280541974	54440859	0.515344	0.511054	0.162352	28896394	28762422	28720136	129077	41696	800	28767317	28720726	28719336	28718544	23963274	4755270	0.6947	5714098	1382924	14050	153822	7264894	0.19035707885070313	0.78653563286677	0.9235	0.9298	18.1808	0.03095060517811942	0.01217127218192769	0.0043286366020418975	0.0013982880897351114	2.6828244238969904e-5	0.9630851407745046	0.8036157095466966	0.8292825049381594	0.8344181376326042	Retained By Filtering
M301481	61	29.455444795568503	3.983486222848541	Caecum right	positive	MSEB0014	G121eI104A	L06	NA	NA	50000	Lid8_Covaris_500639	Success	1	12	G121e	ULV2_Half	TecanSI_A_8nt	0.0419	2.5665	30031620	28968904	524202	2635399	4504743000	4291890332	54453299	0.505936	0.500673	0.504077	28968904	28952838	28665602	11687	285100	952	28957217	28667738	28664650	28663718	22930112	5733606	0.7062999999999999	6092144	1432051	12619	156785	7693599	0.1861353834531797	0.7918457928467548	0.9702	0.9727	17.8736	0.03538656922270594	0.012087992367156129	3.891564957201776e-4	0.009493327366289264	3.169992161595012e-5	0.9544512750227926	0.7635323036186527	0.7915422689101389	0.7999699131843259	Retained By Filtering
M301482	75	34.892765357161856	4.097755712872889	Caecum right	positive	MSEB0014	G121eI104A	L06	NA	NA	25000	Lid8_Covaris_500639	Success	2	12	G121e	ULV2_Half	TecanSI_A_8nt	0.1638	10.67	32480158	31312738	519336	1475299	4872023700	4670552857	27012251	0.510338	0.504737	0.292984	31312738	31299784	31235282	7976	63459	1269	31304762	31236325	31234013	31232764	25930296	5302468	0.7539	6265606	1417798	13674	170133	7867211	0.18021608928500835	0.7964202307526772	0.9434	0.9481	18.0828	0.035942559146417946	0.005544359523538442	2.45565307902751e-4	0.0019537774415998837	3.907000698703498e-5	0.9615951991366545	0.798342668160666	0.8281069512349895	0.8302273855749687	Retained By Filtering
M301483	30	19.997172829990852	3.5979767880199485	Caecum right	negative	MSEB0014	G121eI104Z	L06	NA	NA	NA	Lid8_Covaris_500639	NA	0	12	G121e	ULV2_Half	TecanSI_A_8nt	0.2702	0.9797	13233384	12762784	231796	776764	1985007600	1900167730	14646585	0.521876	0.516955	0.556682	12762784	12753740	11921440	6625	821582	490	12756159	11932158	11920950	11920548	8125886	3794662	0.7027	2875160	830984	4926	60896	3771966	0.22030527316524065	0.7622444104745377	0.9592	0.9627	17.5781	0.03556157669119252	0.0073786039912391264	5.006278061605407e-4	0.06208404441373423	3.70275660405532e-5	0.9007936292032332	0.61404445000613594	0.6366860083191881	0.6816705070941369	Retained By Filtering
M301484	75	34.54808823872382	4.075072308371203	Caecum right	positive	MSEB0014	G121eI104A	L06	NA	NA	25000	Lid8_Covaris_500639	Success	1	12	G121e	ULV2_Half	TecanSI_A_8nt	0.1287	7.4138	32838348	31733804	518472	1562286	4925752200	4732721624	27991520	0.51015	0.505159	0.329518	31733804	31725184	31666734	5093	57280	951	31728711	31667904	31665783	31664866	26314266	5350600	0.7323999999999999	6333207	1420453	13881	170619	7938160	0.17893982988501114	0.7978180082034124	0.9433	0.948	18.0719	0.03363579678246908	0.0056826894377674944	1.5509306375582595e-4	0.001744302118973829	2.8960043909638817e-5	0.9642648893299992	0.8013273383910786	0.8292187725114833	0.8310240757058628	Retained By Filtering
M301485	72	35.05374307622714	4.084613151441281	Caecum right	positive	MSEB0014	G121eI104A	L06	NA	NA	25000	Lid8_Covaris_500639	Success	1	12	G121e	ULV2_Half	TecanSI_A_8nt	0.02	7.4434	29581048	28378698	593684	1049169	4437157200	4239483532	17705025	0.511152	0.505113	0.325335	28378698	28362814	28285146	11145	76756	1196	28367553	28286058	28283950	28282766	23444141	4838625	0.7701	5629730	1277291	12205	151636	7070862	0.18064148331561272	0.7961872258290432	0.9413	0.9462	18.073	0.0406459568301975	0.003990173032409129	3.767614994573553e-4	0.0025947694618527377	4.043129235989205e-5	0.9561110208130557	0.7925392298474347	0.8261175688891718	0.8289196678995258	Retained By Filtering
M301486	73	34.422510492572606	4.091570943286718	Caecum right	positive	MSEB0014	G121eI104A	L06	NA	NA	25000	Lid8_Covaris_500639	Success	1	12	G121e	ULV2_Half	TecanSI_A_8nt	0.0066	8.9085	30209502	29196718	485854	1521767	4531425300	4350536148	29535568	0.511041	0.505927	0.295579	29196718	29188032	29079452	4596	106626	1026	29192122	29081406	29078426	29077408	24092930	4984478	0.753	5862620	1333310	13091	156422	7365443	0.18102237706543925	0.7959629855257857	0.9433	0.948	18.0593	0.03352534576703714	0.006517942158287372	1.5213756254571823e-4	0.003529551728459476	3.396282401477522e-5	0.9625252346099582	0.7975282081776787	0.8251930919084809	0.8285790122695943	Retained By Filtering
M301487	66	35.14567579198422	4.0673874212436525	Caecum right	positive	MSEB0014	G121eI104A	L06	NA	NA	25000	Lid8_Covaris_500639	Success	1	12	G121e	ULV2_Half	TecanSI_A_8nt	0.8854	3.0374	33080790	30670042	891822	1589918	4962118500	4571237316	30288649	0.525546	0.513099	0.445334	30670042	30641506	30477940	16005	161756	3295	30654037	30479750	30474645	30471404	24889758	5581646	0.7415999999999999	5898534	1458928	13795	172807	7544064	0.19338754284163015	0.7818775132342461	0.968	0.9707	17.9677	0.07287455952533177	0.0061039753484323275	4.8381553161215313e-4	0.004889726031331174	9.960463459306746e-5	0.9211208075744262	0.7523930958117989	0.8115332218977724	0.8168234716063625	Retained By Filtering
M301488	0	1	0	Caecum right	negative	MSEB0014	G121eI104M	L06	11373.66	11398.86	25000	Lid8_Covaris_500639	Success	2	12	G121e	ULV2_Half	TecanSI_A_8nt	0.0071	0.0014	645518	607396	18872	74618	96827700	89488762	1771564	0.505935	0.496919	0.515964	607396	606688	313038	489	291361	103	606907	315327	312935	312906	75627	237279	0.2263	133932	109725	197	535	244389	0.4489768361096449	0.5480279390643605	0.8741	0.8842	14.7458	0.05905644769007216	0.018296045449804135	7.575311610210715e-4	0.4513599930598372	1.5956177829278193e-4	0.4847362893056429	0.1171570738538662	0.1245102042160304	0.2416923932426991	Excluded By Filtering
M301489	74	34.56150118963869	4.1008283443925935	Caecum right	positive	MSEB0014	G121eI104A	L06	NA	NA	25000	Lid8_Covaris_500639	Success	1	12	G121e	ULV2_Half	TecanSI_A_8nt	0.065	7.269	34816070	33604678	603772	2293053	5222410500	4995394001	45918827	0.50908	0.503967	0.329696	33604678	33568850	33482544	31168	85293	1141	33573510	33483557	33481403	33480274	27788009	5692265	0.7341	6700586	1561265	14544	181304	8457699	0.1845968980452012	0.7922469220056187	0.951	0.9551	18.0305	0.03479404769119547	0.00879264986925099	8.952187883353865e-4	0.002449816995427686	3.277222271209818e-5	0.9616327747502805	0.7981374405554676	0.8269089499979735	0.8299815288250031	Retained By Filtering
M301490	70	32.985414393342346	3.9651056329906393	Caecum right	positive	MSEB0014	G121eI104A	L06	NA	NA	5000	Lid8_Covaris_500639	Success	1	15	G121e	ULV2_Half	TecanSI_A_8nt	0.0062	30.7386	38355604	36929536	631668	1218219	5753340600	5519577359	21407937	0.511615	0.505824	0.443178	36929536	36891274	36678624	32161	210353	1503	36897375	36680921	36677121	36675652	30515626	6160026	0.7506999999999999	7303618	1698514	15902	199028	9217062	0.1842793289228173	0.7924019606247631	0.9691	0.9717	17.9405	0.03718017320233048	0.0037209576989062666	8.384954647044536e-4	0.005484283339665307	3.918592964928932e-5	0.9562006115195057	0.7955975872521783	0.8263203198653782	0.8320404501602316	Retained By Filtering
M301491	46	26.870394859332325	3.7437797882163752	Caecum right	positive	MSEB0014	G121eI104A	L06	NA	NA	5000	Lid8_Covaris_500639	Success	1	15	G121e	ULV2_Half	TecanSI_A_8nt	0.1324	6.7089	34954500	33574788	619862	1094376	5243175000	5017911586	19345315	0.51905	0.513027	0.650008	33574788	33560546	32508884	8708	1040890	1476	33566080	32519656	32507408	32506048	26968677	5537371	0.7225	6476229	1812269	14586	193186	8496270	0.21330171946042203	0.7622437846254886	0.9878	0.9888	17.5088	0.0394716560099558	0.003689618408693206	2.4912386101932514e-4	0.02977842623982606	4.2226322791056944e-5	0.9299531676894248	0.7715366261854697	0.8032419147367363	0.8296510544745397	Retained By Filtering
M301492	0	1	0	Caecum right	negative	MSEB0014	G121eI104Z	L06	NA	NA	NA	Lid8_Covaris_500639	NA	0	15	G121e	ULV2_Half	TecanSI_A_8nt	0.2101	0.3523	4374094	4156062	93790	448902	656114100	614109324	9984085	0.507534	0.499349	0.677281	4156062	4136598	1796540	16744	2325340	463	4139318	1811258	1796077	1795950	162825	1633125	0.2427	1011217	785720	892	2156	1799985	0.4365147487340173	0.5617919038214207	0.9791	0.9809	14.2738	0.04984620815190528	0.015216995031809254	0.0038279927226072415	0.531616375871209	1.0585049155322222e-4	0.41058788402809815	0.03722485159212399	0.039177711978310235	0.09066232356134636	Excluded By Filtering
M301493	57	30.10809370445109	3.992081035236157	Caecum right	positive	MSEB0014	G121eI104A	L06	NA	NA	5000	Lid8_Covaris_500639	Success	1	15	G121e	ULV2_Half	TecanSI_A_8nt	0.0279	9.8456	39544690	38054582	659512	1056345	5931703500	5690355072	19275948	0.50953	0.50362	0.610812	38054582	38042088	37546282	6734	490756	1513	38047848	37551332	37544769	37543290	31180679	6362611	0.7456999999999999	7740882	1794080	15745	204467	9755174	0.183910609897886	0.7935155231469987	0.9868	0.9879	17.6801	0.037681620465351985	0.003249647929974922	1.7028834971269215e-4	0.012410161768874658	3.826050981813235e-5	0.9493889065763318	0.788492184412117	0.8193672709373079	0.8305260141026533	Retained By Filtering
M301494	62	30.753440976747267	3.9989756399075356	Caecum right	positive	MSEB0014	G121eI104A	L06	NA	NA	5000	Lid8_Covaris_500639	Success	2	15	G121e	ULV2_Half	TecanSI_A_8nt	0.0155	11.7328	37402080	36172392	592404	1090951	5610312000	5406839322	20646966	0.509503	0.504684	0.592367	36172392	36133750	35663000	33773	465505	1102	36138619	35668245	35661898	35660868	29384616	6276252	0.7448999999999999	7329385	1701313	14511	196924	9242133	0.1840822892291206	0.7930404161030792	0.9829	0.9843	17.7383	0.03287752980582898	0.003680181423065241	9.029711716567635e-4	0.01244596557196819	2.9463602024272446e-5	0.9534461185046393	0.7856412263702981	0.8123492634935505	0.8240017040527449	Retained By Filtering
M301495	0	1	0	Caecum right	negative	MSEB0014	G121eI104M	L06	12473.66	13176.11	5000	Lid8_Covaris_500639	Success	3	15	G121e	ULV2_Half	TecanSI_A_8nt	0.186	0.3227	3051696	2847822	111202	304731	457754400	420744245	7147596	0.507282	0.497381	0.66607	2847822	2842218	1228452	4332	1600904	542	2843490	1241314	1227910	1227808	54048	1173760	0.1553	699199	547950	929	852	1248930	0.4387355576373376	0.5598384216889658	0.9708	0.9733	13.8907	0.06680678547273385	0.015614477982079473	0.001419538512355097	0.5245948482417646	1.7760615736298765e-4	0.40233627464858884	0.017710807367444202	0.01897871425952886	0.04401991190805077	Excluded By Filtering
M301496	65	31.700557421559928	4.049704017099384	Caecum right	positive	MSEB0014	G121eI104A	L06	NA	NA	5000	Lid8_Covaris_500639	Success	1	15	G121e	ULV2_Half	TecanSI_A_8nt	0.0513	13.289	51636884	49927978	772732	1451647	7745532600	7465447412	26420937	0.506387	0.501295	0.611167	49927978	49902996	49600680	18655	298802	1632	49909323	49604194	49599048	49597466	40852378	8745088	0.7673000000000001	10229324	2267330	20857	265925	12783436	0.17736467722762486	0.8002014481865439	0.9844	0.9857	17.824	0.03309467705293759	0.0034111194625918947	3.612727677371082e-4	0.005786600136445104	3.160531530136482e-5	0.9605046268864713	0.7911472349880756	0.8182261656981182	0.8236787339095106	Retained By Filtering
M301497	56	30.35216993349605	4.072771339645854	Caecum right	positive	MSEB0014	G121eI104A	L06	NA	NA	5000	Lid8_Covaris_500639	Success	1	15	G121e	ULV2_Half	TecanSI_A_8nt	0.0777	12.0809	39311146	37845644	685140	1245107	5896671900	5655495291	24346142	0.506296	0.500453	0.60308	37845644	37748790	37054344	90477	688791	1542	37755167	37059999	37052802	37051350	30396639	6654711	0.7534000000000001	7715715	1936373	14990	197439	9864517	0.19629678776974077	0.782168554223182	0.9816	0.9831	17.7685	0.03727955425161098	0.004128793735327211	0.00230156098730879	0.01752151921493207	3.9225516345923874e-5	0.9425151329854388	0.7732320751982148	0.8031740456048257	0.8203922124295067	Retained By Filtering
M301498	2	1.9850912859660501	1.3663064313529656	Caecum right	negative	MSEB0014	G121eI104Z	L06	NA	NA	NA	Lid8_Covaris_500639	NA	0	15	G121e	ULV2_Half	TecanSI_A_8nt	0.0097	1.5875	36202504	33976706	831044	1760158	5430375600	5060033233	43592515	0.434103	0.421565	0.660032	33976706	33912194	1949622	42373	31626973	838	33934333	2285221	1948784	1948568	116538	1832030	0.033	13628873	773783	1963	3737	14408356	0.0537037674527198	0.9459006287740253	0.9167	0.9236	14.4609	0.061481879816932	0.008027532202376573	0.0011704439007865313	0.8736128583812877	2.3147570123878724e-5	0.05382412222093809	0.00321905910154723	0.0034299381464465684	0.05980699672785348	Retained By Filtering
M301499	47	25.823680443670714	3.829566392802819	Caecum right	positive	MSEB0014	G121eI104A	L06	NA	NA	2500	Lid8_Covaris_500639	Success	1	15	G121e	ULV2_Half	TecanSI_A_8nt	0.0979	7.0161	38832506	37437188	684504	2001858	5824875900	5580418799	37502839	0.510764	0.505457	0.659547	37437188	36569348	35755606	852262	805992	1338	36584926	35763356	35754268	35753052	29500419	6252633	0.733	7093738	2330428	14671	190868	9629705	0.2420040904679842	0.7366516419765714	0.9863	0.9875	17.5263	0.03593170113718646	0.00643839279047988	0.021947128521656572	0.020755600990572175	3.445566969074826e-5	0.9206990658805281	0.7596836269078282	0.7879977256838842	0.8251161047733772	Retained By Filtering
M301500	0	1	0	Caecum right	positive	MSEB0014	G121eI104A	L06	NA	NA	2500	Lid8_Covaris_500639	Fail	2	15	G121e	ULV2_Half	TecanSI_A_8nt	0.045	0.2083	4863138	4630122	113960	502702	729470700	684477221	10635127	0.503585	0.496253	0.687321	4630122	4623444	2225904	5121	2382527	1401	4625001	2240917	2224503	2224378	541934	1682444	0.2768	1048702	860896	1304	4017	1914919	0.4495730628815109	0.5476482295073577	0.985	0.9863	14.4875	0.04791474146939692	0.014579238069465985	0.0010530237883440692	0.48991556480609844	2.880855941163915e-4	0.4573956157526272	0.11143710090069416	0.11704529599867995	0.24363395070442165	Excluded By Filtering
M301501	13	12.023209185503864	2.9799006408885482	Caecum right	positive	MSEB0014	G121eI104A	L06	NA	NA	2500	Lid8_Covaris_500639	Success	2	15	G121e	ULV2_Half	TecanSI_A_8nt	0.1386	1.3889	21412116	20626224	364180	1534779	3211817400	3065018938	30114508	0.517023	0.511611	0.713506	20626224	20498770	18239542	121584	2240891	1553	20504640	18257879	18237989	18237296	13658010	4579286	0.5524	3888206	1771713	8706	95426	5764051	0.30737288757507525	0.6745613458312565	0.9902	0.991	16.4317	0.0367031450791692	0.009376158183836976	0.0056782804651347865	0.10465528021611689	7.252902982591726e-5	0.8517278722009539	0.6378636282373961	0.662167248838178	0.7489054298400377	Retained By Filtering
M301502	0	1	0	Caecum right	negative	MSEB0014	G121eI104M	L06	9628	9716.2	2500	Lid8_Covaris_500639	Success	1	15	G121e	ULV2_Half	TecanSI_A_8nt	0.1822	1.2195	17913370	16733370	550958	1182048	2687005500	2487704909	23903323	0.591971	0.584104	0.630629	16733370	16707378	12410508	19145	4266641	2843	16714225	12440737	12407665	12406602	65475	12341127	0.5775	4995909	2034486	5270	18009	7053674	0.28842926395520974	0.7082704701124549	0.9912	0.9919	15.9536	0.06587258567204272	0.008895896565898358	0.0010687547904163204	0.23818192780029665	1.5870827208950633e-4	0.6925889433423191	0.0036550911414211843	0.003912840031625429	0.005277432128474823	Excluded By Filtering
M301503	52	28.47371109382826	3.8077404891093627	Caecum right	positive	MSEB0014	G121eI104A	L06	NA	NA	2500	Lid8_Covaris_500639	Success	1	15	G121e	ULV2_Half	TecanSI_A_8nt	0.0235	8.2519	39266912	37765672	690066	1859708	5890036800	5632837843	33875420	0.510625	0.504789	0.632959	37765672	37717736	35883342	40783	1819546	1539	37724889	35898190	35881803	35880366	29340934	6539432	0.7112	7341752	2344535	15447	196936	9898670	0.23685353688929928	0.7416907523940085	0.9888	0.9898	17.6338	0.03823167963908137	0.005751308718478635	0.0010386098097044146	0.04633789384813351	3.919330351212746e-5	0.9137557340898108	0.7472177593185836	0.7769207443203976	0.8177434421934269	Retained By Filtering
M301504	42	24.22262696010243	3.8740047873680807	Caecum right	positive	MSEB0014	G121eI104A	L06	NA	NA	2500	Lid8_Covaris_500639	Success	2	15	G121e	ULV2_Half	TecanSI_A_8nt	0.0238	4.9722	36422922	35083422	630088	2041513	5463438300	5225842363	38278210	0.512009	0.506402	0.668528	35083422	35064812	34090992	12852	966023	1536	35070570	34098789	34089456	34088142	27430633	6657509	0.7112999999999999	7271339	1879127	15138	181004	9346608	0.2010490864707282	0.7779655464313898	0.9868	0.9879	17.45	0.03677629158912621	0.0070062491599841075	3.528547215404629e-4	0.026522391586265376	4.217124589839332e-5	0.9358980589201492	0.7531145634059783	0.7818687983173364	0.8046972169970426	Retained By Filtering
M301505	54	29.18489491060587	3.8936587835089056	Caecum right	positive	MSEB0014	G121eI104A	L06	NA	NA	2500	Lid8_Covaris_500639	Success	2	15	G121e	ULV2_Half	TecanSI_A_8nt	0.1746	9.238	38237764	36791006	678072	2191615	5735664600	5479870410	40837143	0.514566	0.508782	0.616642	36791006	36769394	36147252	15934	617940	1395	36775072	36151454	36145857	36144508	29427624	6716884	0.7259	7325760	1838545	16390	200092	9380787	0.19599048565967864	0.7809323460814108	0.9859	0.9871	17.7133	0.037835842074866094	0.007119862448023896	4.1670846653062664e-4	0.016160463776072262	3.648225874295369e-5	0.9452568408550249	0.7695958372461319	0.7998591829753174	0.8141658478239626	Retained By Filtering
M301506	52	25.684421635238603	3.8325975273837147	Caecum right	positive	MSEB0014	G121eI104A	L06	NA	NA	1500	Lid8_Covaris_500639	Success	1	17	G121e	ULV2_Half	TecanSI_A_8nt	0.6138	30.7774	44458654	42775200	700076	1735347	6668798100	6389540946	36028001	0.514289	0.508128	0.62887	42775200	42758308	41054352	10213	1693285	1767	42764987	41065023	41052585	41051116	33057957	7993159	0.7733	8977896	2321369	16607	213622	11529494	0.20134179349067705	0.7786895071023933	0.9891	0.99	17.6216	0.037865608796883506	0.0054024728983772955	2.2971905537221167e-4	0.03808673559932786	3.974479299350808e-5	0.9233548995882781	0.7435663031993726	0.7728299809235257	0.8052876564914825	Retained By Filtering
M301507	0	1	0	Caecum right	negative	MSEB0014	G121eI104M	L06	17671	17765.5	1500	Lid8_Covaris_500639	Success	1	17	G121e	ULV2_Half	TecanSI_A_8nt	0.0731	0.8924	20368596	19520476	363886	1871687	3055289400	2893338645	38465443	0.499308	0.492496	0.730815	19520476	19499058	7805872	15242	11553874	2235	19505234	7945184	7803637	7803062	553454	7249608	0.284	5025870	3508598	5594	5459	8545521	0.4105774241266273	0.588129149761612	0.9908	0.9916	14.2573	0.0416386087681252	0.012589787075489477	7.483088181433811e-4	0.5672395878439535	1.0972773970282487e-4	0.38309277674317854	0.027171926823036797	0.028352484847193275	0.07092779731853982	Excluded By Filtering
M301508	39	25.573960097086275	3.70618415856503	Caecum right	positive	MSEB0014	G121eI104A	L06	NA	NA	1500	Lid8_Covaris_500639	Success	2	17	G121e	ULV2_Half	TecanSI_A_8nt	1.0191	17.459	38341118	36816486	680316	1579977	5751167700	5496534780	29962714	0.503196	0.496876	0.6662	36816486	36795870	30594910	12679	6160187	1543	36803807	30635683	30593367	30592008	24835084	5756924	0.63	6290618	3933242	14499	161163	10399522	0.3782137294387185	0.6048949172856214	0.9886	0.9896	17.3944	0.039764933302153575	0.0052098487755799575	3.306893659178118e-4	0.1606679022766107	4.0244001231263e-5	0.797890348424373	0.6477402145654699	0.674564215607106	0.8118160795460043	Retained By Filtering
M301509	54	29.299660302307636	4.112323729819719	Caecum right	positive	MSEB0014	G121eI104A	L06	NA	NA	1500	Lid8_Covaris_500639	Success	1	17	G121e	ULV2_Half	TecanSI_A_8nt	0.1896	30.6373	38474848	36699302	878506	1700770	5771227200	5477263304	33917103	0.516584	0.509613	0.623327	36699302	36681784	35889656	10389	785824	1830	36688913	35895960	35887826	35886148	29403731	6482417	0.7498999999999999	7421458	1838187	15764	193829	9469238	0.1941219557476536	0.7837439506748062	0.9848	0.9861	17.6641	0.04614822649851664	0.005876930819843655	2.70020559925279e-4	0.020424356192388336	4.7563540731856825e-5	0.9327170831188208	0.7642325448563175	0.8012068185928986	0.8193615820789681	Retained By Filtering
M301510	36	23.107155987479388	3.6755527209228944	Caecum right	positive	MSEB0014	G121eI104A	L06	NA	NA	1500	Lid8_Covaris_500639	Success	1	17	G121e	ULV2_Half	TecanSI_A_8nt	NA	14.9084	39550274	37937892	717470	1535218	5932541100	5666135384	28370122	0.513799	0.507428	0.675662	37937892	37829638	35576054	100326	2237662	2455	37837566	35591976	35573599	35572040	28179911	7392129	0.7432	7610586	2461775	16001	179264	10267626	0.2397608755909107	0.7412215832559542	0.9872	0.9883	17.3844	0.04076790972421582	0.004782119756405902	0.002536670163144761	0.056577661130742106	6.207289486793442e-5	0.899413237946215	0.7125086162487775	0.7427906379194711	0.7921927165268002	Retained By Filtering
M301511	0	1	0	Caecum right	positive	MSEB0014	G121eI104A	L06	NA	NA	1500	Lid8_Covaris_500639	Fail	2	17	G121e	ULV2_Half	TecanSI_A_8nt	0.0545	1.2678	28016840	26894266	520890	2208730	4202526000	3995626794	42405869	0.518411	0.512388	0.739228	26894266	26850504	16225642	36024	10563468	2637	26858242	16287036	16223005	16222268	4694275	11527993	0.5789	6133899	4844251	9873	40567	11028590	0.4392448173338568	0.5561816152382126	0.9954	0.9958	15.01	0.04006783063329055	0.010090566721062523	0.0012857981128492721	0.37703995168620014	9.412196379034895e-5	0.5790184760308443	0.16755190806671988	0.17454557042010369	0.28937229985351	Excluded By Filtering
M301512	0	1	0	Caecum right	negative	MSEB0014	G121eI104R	NA	NA	NA	NA	Lid8_Covaris_500639	NA	0	17	G121e	ULV2_Half	TecanSI_A_8nt	0.1057	0.2604	9514254	9088870	175746	758780	1427138100	1349565612	15747320	0.502314	0.494789	0.73191	9088870	9078336	3579576	6800	5465895	540	9082070	3612441	3579036	3578770	29478	3549292	0.1681	2335869	1721767	1856	809	4060301	0.42404910374871224	0.5752945409712236	0.992	0.9926	13.5501	0.04471017906396024	0.011034194938807954	7.147170971050384e-4	0.5744953834530799	5.675694594657658e-5	0.37614825082449976	0.0030982986159503413	0.0032433074738663884	0.00823690821148048	Excluded By Filtering
M301513	31	20.22709439123107	3.4197453080554636	Caecum right	positive	MSEB0014	G121eI104A	L06	NA	NA	1500	Lid8_Covaris_500639	Fail	2	17	G121e	ULV2_Half	TecanSI_A_8nt	0.1619	13.0276	36932030	35743638	549366	1613943	5539804500	5335573276	30369804	0.513406	0.508599	0.700551	35743638	35656990	33786390	80718	1858189	1433	35662920	33798801	33784957	33784016	27004750	6779266	0.723	7114564	2218907	15182	173024	9521677	0.233037415572908	0.7471965285106815	0.9891	0.9901	17.2706	0.03217781421709015	0.005482107536466314	0.0021855825417665914	0.05031375204666518	3.8801008230525104e-5	0.9147619559498895	0.7312013447405951	0.7555120718266003	0.7993351056902175	Retained By Filtering
M301514	20	16.847826320396905	3.264700716605654	Caecum right	positive	MSEB0014	G121eI104A	L06	NA	NA	500	Lid8_Covaris_500639	Success	2	17	G121e	ULV2_Half	TecanSI_A_8nt	0.0455	6.9678	42344320	40945112	664566	3364443	6351648000	6078664824	69098771	0.517651	0.513025	0.72413400000000006	40945112	40925512	36205440	12511	4671821	1775	40932601	36253691	36203665	36202596	27006752	9195844	0.6429	7921261	3447881	17747	172300	11559189	0.2982805281581606	0.6852782664943017	0.9929	0.9935	16.9083	0.033043581760198296	0.01087887285315559	2.954587533817995e-4	0.1103293428729048	4.1918254915889545e-5	0.8549575480253314	0.6377892477668787	0.6595842746748378	0.7459893760104939	Retained By Filtering
M301515	11	9.218588020475146	3.143667485118392	Caecum right	positive	MSEB0014	G121eI104A	L06	NA	NA	500	Lid8_Covaris_500639	Success	1	17	G121e	ULV2_Half	TecanSI_A_8nt	0.491	3.3697	36272466	34735014	773294	3221780	5440869900	5149570282	67366283	0.512824	0.506508	0.73103	34735014	34714700	28643428	13180	6024088	1693	34721834	28690612	28641735	28640704	19639930	9000774	0.6531999999999999	7054204	3617328	14720	120780	10807032	0.3347198379721648	0.6527420294489736	0.995	0.9955	16.1197	0.04238620004495972	0.012381527997940182	3.6336101328208564e-4	0.16607881030200702	4.6674521660589604e-5	0.789599030846152	0.541455604369441	0.5654216808434279	0.6857348897568998	Retained By Filtering
M301516	6	5.499650754598838	2.8603495137321824	Caecum right	positive	MSEB0014	G121eI104A	L06	NA	NA	500	Lid8_Covaris_500639	Success	2	17	G121e	ULV2_Half	TecanSI_A_8nt	0.1046	2.2455	37314644	35796016	713688	3392091	5597196600	5306047139	70320741	0.517882	0.511912	0.735498	35796016	35766256	25438522	20682	10250543	3351	35775334	25515713	25435171	25434180	14242526	11191654	0.4946	6622610	5229697	12562	130597	11995466	0.4359728083927711	0.5520927657166466	0.9922	0.9929	15.7387	0.040697909378419904	0.0125635645887443	5.542596091764938e-4	0.27470563567483053	8.980388503773478e-5	0.681613899358118	0.38168730753534724	0.39788019985240813	0.5599758278033733	Retained By Filtering
M301517	0	1	0	Caecum right	negative	MSEB0014	G121eI104M	L06	8021.76	7032.66	500	Lid8_Covaris_500639	Fail	2	17	G121e	ULV2_Half	TecanSI_A_8nt	0.1361	0.4801	16356646	15626414	313376	1810678	2453496900	2309076741	37627662	0.508933	0.501659	0.727894	15626414	15607576	6786016	13484	8768343	1440	15612930	6839233	6784576	6784112	88825	6695287	0.3913	3770678	3171020	5224	2719	6949641	0.45628543978027064	0.5425716234838606	0.9906	0.9914	14.1185	0.0446443604636305	0.015336339736153733	8.243743858001206e-4	0.5360721874154396	8.803760868823596e-5	0.4147618038563652	0.005430514299814278	0.005684285594890805	0.013093091623487348	Excluded By Filtering
M301518	0	1	0	Caecum right	positive	MSEB0014	G121eI104A	L06	NA	NA	500	Lid8_Covaris_500639	Fail	2	17	G121e	ULV2_Half	TecanSI_A_8nt	0.0806	0.8788	21027030	20067536	413424	2228819	3154054500	2966463947	47110634	0.505109	0.497502	0.724966	20067536	20044794	9776272	15313	10208279	1749	20052223	9836515	9774523	9773942	1959663	7814279	0.2619	4585904	3895764	6757	14849	8503274	0.45814870836809446	0.539310387975267	0.9926	0.9932	14.5456	0.04563145627318742	0.01493653137572607	7.282531104012312e-4	0.48548363701388164	8.317865147859684e-5	0.4648275101143623	0.09319732743996656	0.09765339401907638	0.20049873428755768	Excluded By Filtering
M301519	7	6.571853585435238	2.8761926304814307	Caecum right	positive	MSEB0014	G121eI104A	L06	NA	NA	500	Lid8_Covaris_500639	Success	1	17	G121e	ULV2_Half	TecanSI_A_8nt	0.1619	3.8184	41147404	39021488	901024	3298769	6172110600	5794410454	68022956	0.534289	0.526406	0.700898	39021488	38933920	26682392	73418	12112271	6833	38948070	26821649	26675559	26673728	8049956	18623772	0.5745	9051684	6293255	9326	102542	15456807	0.4071510370802974	0.5856115043682696	0.9914	0.9921	16.0537	0.05166585964937181	0.01102102026493174	0.0017842680913721799	0.2943629445007029	1.6606150900795588e-4	0.6482481373551536	0.19563703216854214	0.20629546469370927	0.30179343509838596	Retained By Filtering
M301520	0	1	0	Caecum right	negative	MSEB0014	G121eI104Z	L06	NA	NA	NA	Lid8_Covaris_500639	NA	0	17	G121e	ULV2_Half	TecanSI_A_8nt	1.5576	1.5224	27412384	26138490	583326	2127352	4111857600	3882896893	44492893	0.573414	0.567629	0.693382	26138490	26098890	18788424	31323	7266106	3908	26107167	18832784	18784516	18783292	293865	18489427	0.5801	7437531	3634254	5909	52161	11129855	0.3265320168142352	0.6682504848445914	0.9931	0.9937	15.7571	0.046471478000600024	0.010820630802000537	0.001142658734096239	0.26506654802442575	1.4256330277585488e-4	0.6852119100622551	0.010720154803026252	0.011242615774667931	0.015645021117703967	Excluded By Filtering
M301521	26	17.928201900651068	3.4978719311734086	Caecum right	positive	MSEB0014	G121eI104A	L06	NA	NA	500	Lid8_Covaris_500639	Fail	2	17	G121e	ULV2_Half	TecanSI_A_8nt	0.1359	13.0789	38255956	36842992	648502	2074002	5738393400	5491819767	41205564	0.514189	0.508454	0.699332	36842992	36826354	34488688	11098	2321392	1409	36831894	34504962	34487279	34486168	25970427	8515741	0.7143	7829775	2381570	13529	166061	10390935	0.22919689132883617	0.7535197746882258	0.9882	0.9893	17.2271	0.0369344841362741	0.007180679526084775	2.9009861889217983e-4	0.06068053821475537	3.683086628393236e-5	0.9014587950697142	0.6788597048783724	0.704894624193388	0.7530679256680534	Retained By Filtering
M301522	81	37.50607381232234	4.07043519934363	Caecum right	positive	MSEB0014	G121eI104B	L06	NA	NA	50000	Lid8_Covaris_500639	Success	1	12	G121e	ULV2_Half	TecanSI_A_8nt	0.0103	72.0476	28554328	27883418	342452	1894399	4283149200	4153558838	29377845	0.525176	0.52242	0.0961809	27883418	27832560	27806404	48432	25798	474	27834986	27806762	27805930	27805462	23205241	4600221	0.7313	5447133	1228183	14221	151001	6840538	0.1795447960379725	0.7963018405862229	0.9167	0.9236	18.1874	0.023495912773713323	0.006858935710201269	0.0016961351708224407	9.034707453104832e-4	1.6599935393331617e-5	0.9737739932104162	0.812669834149135	0.8322236893626169	0.8345569298578819	Retained By Filtering
M301523	79	36.57211698188521	4.075813379520632	Caecum right	positive	MSEB0014	G121eI104B	L06	NA	NA	50000	Lid8_Covaris_500639	Success	2	12	G121e	ULV2_Half	TecanSI_A_8nt	0.0192	62.8668	27824138	27006030	415306	1723738	4173620700	4021549490	29862005	0.515366	0.511393	0.101312	27006030	26986232	26959732	16723	26082	766	26989307	26960150	26958966	26958210	22468678	4489532	0.7414000000000001	5260121	1221143	12537	146068	6639869	0.1839107066720744	0.7922025268872022	0.914	0.9211	18.1736	0.029402815641584295	0.0071549398343745034	6.010249086602431e-4	9.37387530208483e-4	2.753005322213396e-5	0.9688785327329817	0.807524675157951	0.8319874487290431	0.8334632751952002	Retained By Filtering
M301524	78	36.63832170828511	4.085955879350916	Caecum right	positive	MSEB0014	G121eI104B	L06	NA	NA	50000	Lid8_Covaris_500639	Success	1	12	G121e	ULV2_Half	TecanSI_A_8nt	NA	63.81	29783814	28854816	424370	1539358	4467572100	4302202340	26464319	0.515345	0.51077	0.112225	28854816	28835788	28799214	15009	35896	1055	28839807	28799892	28798159	28797112	23934400	4862712	0.7391	5636336	1289609	13150	157169	7096264	0.18173069660317032	0.7942680824726926	0.9191	0.9257	18.1597	0.031191371259570718	0.005923646761067381	5.039314306757355e-4	0.0012052183780089413	3.542192413637823e-5	0.9668712005789454	0.8036042663978495	0.8294767847419301	0.831138900317504	Retained By Filtering
M301525	0	1	0	Caecum right	negative	MSEB0014	G121eI104Z	L06	NA	NA	NA	Lid8_Covaris_500639	NA	0	12	G121e	ULV2_Half	TecanSI_A_8nt	0	8e-4	1659328	1585554	32758	150066	248899200	235049164	2878201	0.521821	0.515162	0.538725	1585554	1563230	890656	21462	668643	234	1564092	894587	890422	890362	210076	680286	0.5022	330303	313230	578	2047	646158	0.48475759798687007	0.5111799281290335	0.9143	0.9213	15.5982	0.04446016700736684	0.011563721377971485	0.012934151656574227	0.4029601139738497	1.4102094341805838e-4	0.5365798684768774	0.12660305858757281	0.13249375297214727	0.2359444810088481	Excluded By Filtering
M301526	86	36.96470169786096	4.056478681043775	Caecum right	positive	MSEB0014	G121eI104B	L06	NA	NA	50000	Lid8_Covaris_500639	Success	1	12	G121e	ULV2_Half	TecanSI_A_8nt	0.001	34.4531	52571864	50947556	773760	2024553	7885779600	7610511220	32284801	0.514401	0.51002	0.192788	50947556	50932928	50853600	8384	77900	1670	50939172	50855028	50851930	50850276	42311926	8538350	0.7656999999999999	9999026	2241556	22596	278233	12541411	0.1787323611354416	0.7972807844348614	0.9513	0.9554	18.1181	0.030896907136486542	0.004094053173892915	1.5947693998447535e-4	0.0014817812052469739	3.1766041242136666e-5	0.967252673407205	0.8048397523055298	0.8304996220034578	0.8320884236695195	Retained By Filtering
M301527	79	35.125224219094854	4.064460536785121	Caecum right	positive	MSEB0014	G121eI104B	L06	NA	NA	50000	Lid8_Covaris_500639	Success	1	12	G121e	ULV2_Half	TecanSI_A_8nt	0.0043	19.096800000000002	32675656	31722710	569352	1366731	4901348400	4737238442	21660855	0.509974	0.506449	0.191533	31722710	31716618	31635180	3453	80194	685	31719257	31636424	31634495	31633832	26250049	5383783	0.7539	6365617	1416305	13682	170584	7966188	0.17778955254382647	0.7990794342287679	0.9308	0.9365	18.1098	0.029163790927410914	0.004419366515549068	1.0567500159751957e-4	0.002454242999742683	2.0963618909441328e-5	0.9681162024719565	0.8033518592557102	0.8274844425334406	0.8298093319835548	Retained By Filtering
M301528	78	34.77880483474705	4.118454349960706	Caecum right	positive	MSEB0014	G121eI104B	L06	NA	NA	50000	Lid8_Covaris_500639	Success	1	12	G121e	ULV2_Half	TecanSI_A_8nt	0.026	60.3489	26153824	25373360	371970	1332752	3923073600	3783747722	22746401	0.508272	0.5039	0.103795	25373360	25337584	25309096	32795	28099	652	25340565	25309485	25308444	25307794	21054352	4253442	0.7456	5136566	1135728	10966	135935	6419195	0.17692685765115407	0.800188497155796	0.9074	0.915	18.169	0.029841295865568263	0.005798107127024076	0.001253927532738616	0.0010743744394701134	2.492943288140197e-5	0.9676517667167907	0.8050200230757842	0.8297817868819897	0.8319315385608086	Retained By Filtering
M301529	0	1	0	Caecum right	negative	MSEB0014	G121eI104M	L06	7999.44	8030.94	50000	Lid8_Covaris_500639	Success	1	12	G121e	ULV2_Half	TecanSI_A_8nt	0.0019	0.0018	900600	863288	16402	72193	135090000	128211931	1338032	0.490973	0.484247	0.555356	863288	862286	292378	701	557631	67	862587	304655	292311	292292	3052	289240	0.2081	242114	136243	219	104	378680	0.35978398647934934	0.63936305059681	0.9341	0.9396	14.3637	0.04143015767266267	0.009904744984824932	7.78369975571841e-4	0.6191772151898735	7.439484787919165e-5	0.32455252054186096	0.00338885187652676	0.003535320773600467	0.010441613181339208	Excluded By Filtering
M301530	83	36.846765777183265	4.033765419240058	Caecum right	positive	MSEB0014	G121eI104B	L06	NA	NA	25000	Lid8_Covaris_500639	Success	1	12	G121e	ULV2_Half	TecanSI_A_8nt	NA	40.0548	39301632	38285116	541494	1879880	5895244800	5711576964	31650317	0.514052	0.510725	0.143713	38285116	38259752	38205184	21864	53504	828	38263252	38206248	38204356	38203540	31840298	6363242	0.7448999999999999	7491504	1703481	17444	211749	9424178	0.18075645430296416	0.7949238649779323	0.9349	0.9403	18.1697	0.025864473007126014	0.005368787569262603	5.563127760190721e-4	0.0013613684032255963	2.1067827412357837e-5	0.9720598879965087	0.8101520567899063	0.8316625709061454	0.8334384195810126	Retained By Filtering
M301531	84	35.74626121513138	4.007921174129326	Caecum right	positive	MSEB0014	G121eI104B	L06	NA	NA	25000	Lid8_Covaris_500639	Success	1	12	G121e	ULV2_Half	TecanSI_A_8nt	NA	26.502	46006914	44709100	654058	1773702	6901037100	6678077530	28781383	0.513174	0.509344	0.201349	44709100	44697810	44457660	6926	236650	1067	44702174	44461160	44456593	44455542	37081850	7373692	0.7547	8776914	1994873	19613	244828	11036228	0.18075677668130813	0.7952820474531697	0.9444	0.9491	18.1081	0.02820910787452512	0.004170588070016317	1.5054259018546648e-4	0.005143792083076904	2.319216629048408e-5	0.9662795900633544	0.8060060277027057	0.8294027390397033	0.834133346074152	Retained By Filtering
M301532	80	34.46984879520706	3.9925658170673515	Caecum right	positive	MSEB0014	G121eI104B	L06	NA	NA	25000	Lid8_Covaris_500639	Success	1	12	G121e	ULV2_Half	TecanSI_A_8nt	0.0096	17.4179	41985962	40525536	652686	1412441	6297894300	6056682452	22596632	0.519714	0.514594	0.230397	40525536	40514072	40397624	6108	114879	1449	40519428	40399193	40396175	40394744	33424466	6970278	0.7554000000000001	7972549	1774798	17737	205196	9970280	0.17800884227925395	0.7996314045342758	0.9451	0.9497	18.0205	0.03478367364787307	0.003587966219121842	1.4547719544927897e-4	0.002736128804194126	3.451153506974546e-5	0.9621011899167631	0.7960867015503896	0.8247754206138076	0.8274459172213098	Retained By Filtering
M301533	0	1	0	Caecum right	negative	MSEB0014	G121eI104M	L06	9809.58	9655.23	25000	Lid8_Covaris_500639	Success	2	12	G121e	ULV2_Half	TecanSI_A_8nt	NA	0.0179	1583022	1522142	27174	138103	237453300	225747597	2656012	0.506159	0.500267	0.551501	1522142	1519752	867246	1881	648925	173	1520261	870827	867073	867038	370645	496393	0.4013000000000001	296744	287388	461	2289	586882	0.48968617200732006	0.5056280478869688	0.9298	0.9356	15.5184	0.03845808839043298	0.01118540782545452	0.0011882336442576287	0.40992797320567875	1.0928464670737361e-4	0.5477106445772706	0.2341376177968468	0.24350224880464502	0.42748414717694033	Excluded By Filtering
M301534	8	7.422046051748373	2.8532897176956635	Caecum right	negative	MSEB0014	G121eI104Z	L06	NA	NA	NA	Lid8_Covaris_500639	NA	0	12	G121e	ULV2_Half	TecanSI_A_8nt	NA	NA	2536124	2459708	37998	187674	380418600	365657464	3389263	0.50253	0.498321	0.569489	2459708	2457620	1691804	1582	761115	107	2458126	1696505	1691697	1691650	1108335	583315	0.5388000000000001	434813	380639	846	7125	823423	0.4622642311424383	0.5280554465930634	0.9345	0.94	16.1784	0.03013101883030956	0.008909298861832728	6.237865340969133e-4	0.3001095372308294	4.219036608620083e-5	0.6670218017730994	0.43701924669298503	0.4505961683256712	0.6551798539887093	Retained By Filtering
M301535	77	36.099519290991694	4.020442296817962	Caecum right	positive	MSEB0014	G121eI104B	L06	NA	NA	25000	Lid8_Covaris_500639	Success	1	12	G121e	ULV2_Half	TecanSI_A_8nt	NA	10.2524	39036630	37199568	767324	1210640	5855494500	5560984725	19436693	0.520557	0.51304	0.304215	37199568	37177970	36875128	12726	291974	2304	37186842	36885996	36872824	36870568	30373833	6496735	0.7694	7312800	1708258	16120	203156	9240334	0.18486972440606583	0.7913999645467361	0.9546	0.9584	18.0935	0.04705995368964995	0.0033193939470014017	3.260015016665117e-4	0.007479487855380959	5.902148827908556e-5	0.9445120646941091	0.7780854289932302	0.816510369152674	0.8237961780247053	Retained By Filtering
M301536	80	36.67535136853728	3.774937563531373	Caecum right	positive	MSEB0014	G121eI104B	L06	NA	NA	25000	Lid8_Covaris_500639	Success	1	12	G121e	ULV2_Half	TecanSI_A_8nt	0.0018	16.7039	46231592	45073424	653672	1686664	6934738800	6735301492	26074792	0.509588	0.506509	0.260147	45073424	44871588	44766728	195393	103428	849	44878031	44768160	44765879	44765036	37545582	7219454	0.7322	8468121	2179799	19618	246951	10914489	0.19971608382215603	0.7758605098232267	0.951	0.9552	18.0395	0.02505144101462048	0.0037600251072181694	0.00422639566467882	0.0022371714995235293	1.836406585349689e-5	0.968278055404192	0.8121195999480182	0.8329871278472211	0.8387256071903975	Retained By Filtering
M301537	79	35.24493210298391	4.111700129499358	Caecum right	positive	MSEB0014	G121eI104B	L06	NA	NA	25000	Lid8_Covaris_500639	Success	1	12	G121e	ULV2_Half	TecanSI_A_8nt	0.0044	27.5153	36987622	35917724	540642	1332241	5548143300	5367085685	21007732	0.504159	0.500031	0.185051	35917724	35864752	35708686	48752	154620	958	35868972	35710132	35707728	35706798	29608102	6098696	0.7569	7319558	1671925	15324	190803	9197610	0.18177820107614912	0.795810868258167	0.9365	0.9418	18.1172	0.028925839027986174	0.0037864436558442895	0.0013180625669852472	0.0041803174045630725	2.5900556678123292e-5	0.9653715505149263	0.8004867682491186	0.8243312410329786	0.8292007029025678	Retained By Filtering
M301538	67	32.13344529268496	4.110877536652107	Caecum right	positive	MSEB0014	G121eI104B	L06	NA	NA	5000	Lid8_Covaris_500639	Success	1	15	G121e	ULV2_Half	TecanSI_A_8nt	0.0206	27.7855	33483028	32236498	548384	1168173	5022454200	4817487736	19326706	0.508999	0.503104	0.44962800000000003	32236498	32221800	31933608	9384	284984	1349	32227114	31936816	31932259	31930954	26360252	5570702	0.7503	6518806	1513497	13811	168742	8214856	0.18423901770158843	0.7935386816275295	0.9622	0.9654	17.965	0.037228711811846886	0.0038480601774327776	2.8026139093513286e-4	0.00851129712641282	4.028906824078157e-5	0.9536459486280632	0.7872720471995543	0.817714504844788	0.8255391304625599	Retained By Filtering
M301539	0	1	0	Caecum right	negative	MSEB0014	G121eI104R	NA	NA	NA	NA	Lid8_Covaris_500639	NA	0	15	G121e	ULV2_Half	TecanSI_A_8nt	0.0681	0.1901	5491792	5260482	116050	552878	823768800	779010905	10474656	0.496277	0.489801	0.705471	5260482	5254350	1998896	3862	3237394	635	5256620	2016956	1998261	1998160	14526	1983634	0.4051	1376458	944801	1406	354	2323019	0.406712558097889	0.5925298071173761	0.9871	0.9882	14.154	0.042119220829922185	0.012715528920250439	7.032312949944207e-4	0.5894968345487229	1.1562710313864764e-4	0.36384480694097665	0.0026450382680188907	0.002761343922477066	0.007269688113064019	Excluded By Filtering
M301540	58	31.146958876461692	3.952812303881831	Caecum right	positive	MSEB0014	G121eI104B	L06	NA	NA	5000	Lid8_Covaris_500639	Success	1	15	G121e	ULV2_Half	TecanSI_A_8nt	0.1778	12.1961	41547562	40101934	626914	1762114	6232134300	5988044358	28831588	0.507677	0.502214	0.607094	40101934	40087540	38676272	8102	1394319	1458	40093832	38693221	38674814	38673388	31638339	7035049	0.7393000000000001	7973823	2285542	16565	202679	10478609	0.2181150188922976	0.7609619750102328	0.9845	0.9859	17.779	0.03479453258893988	0.004626278352185062	1.9500542534842358e-4	0.033559586480670034	3.509231179437195e-5	0.9308220780800568	0.7614968839808218	0.788947959467491	0.8180906984410055	Retained By Filtering
M301541	70	33.108242410061905	4.122438487566284	Caecum right	positive	MSEB0014	G121eI104B	L06	NA	NA	5000	Lid8_Covaris_500639	Success	2	15	G121e	ULV2_Half	TecanSI_A_8nt	1e-4	29.5135	37192494	35865968	631842	1632541	5578874100	5354304932	27024450	0.513187	0.50788	0.475948	35865968	35856126	35480750	5548	372036	1203	35860420	35484090	35479547	35478552	29378452	6100100	0.7358	7274678	1679360	15210	192733	9161981	0.1832966036493636	0.7940071039221758	0.9676	0.9704	17.9503	0.035666497654069665	0.004844068805926271	1.4916988357919746e-4	0.01000298608638614	3.234523611135086e-5	0.9539169919607973	0.7899027153166981	0.8191177776102404	0.8280623177631375	Retained By Filtering
M301542	65	31.518225046260895	4.007288315139485	Caecum right	positive	MSEB0014	G121eI104B	L06	NA	NA	5000	Lid8_Covaris_500639	Success	1	15	G121e	ULV2_Half	TecanSI_A_8nt	0.1419	18.1379	36883754	35583752	619242	1406947	5532563100	5316304553	22830760	0.511958	0.506738	0.530203	35583752	35571450	35008022	7273	557600	4333	35576479	35013850	35003689	35002388	28718393	6283995	0.7392	7113426	1755701	15225	187396	9071748	0.19353502764847524	0.7841295856101823	0.976	0.978	17.8698	0.03524592426248153	0.004126615383745013	1.9718708675911894e-4	0.01511776702555819	1.1747719605764641e-4	0.9489920142076644	0.7786190364462359	0.8070647805773826	0.8204695348214528	Retained By Filtering
M301543	0	1	0	Caecum right	negative	MSEB0014	G121eI104M	L06	6287.12	6101.27	5000	Lid8_Covaris_500639	Success	1	15	G121e	ULV2_Half	TecanSI_A_8nt	0.3242	0.6234	14367870	13712668	386506	1117422	2155180500	2036992472	21384174	0.508016	0.50196	0.696733	13712668	13643592	5607734	64142	7993047	1656	13648526	5650545	5606078	5605772	143088	5462684	0.31980000000000003	3489143	2381057	2968	11130	5884298	0.4046458897900821	0.5929582424275589	0.9828	0.9843	15.2969	0.045601888101715844	0.009922219507832406	0.0044642664500722795	0.5563139839099324	1.1525716755510733e-4	0.39016026731867703	0.009958887434254347	0.010434730863461436	0.025525119466150246	Excluded By Filtering
M301544	56	30.23542193930256	3.87799325068679	Caecum right	positive	MSEB0014	G121eI104B	L06	NA	NA	5000	Lid8_Covaris_500639	Success	1	15	G121e	ULV2_Half	TecanSI_A_8nt	1.81	5.3648	36826172	35590766	668514	1115735	5523925800	5321738130	17922734	0.513362	0.508868	0.607142	35590766	35478106	34611982	106952	859951	1128	35483814	34618155	34610854	34609766	28483867	6125899	0.7458	6935543	1867342	14917	183314	9001116	0.20745671981118785	0.7705203443661874	0.9831	0.9845	17.7173	0.033546956767594525	0.00324456458122591	0.0029042388657718756	0.023351626120683953	3.063038971305516e-5	0.9398143798383389	0.773468037894354	0.8003162112329922	0.8230008547298471	Retained By Filtering
M301545	81	35.2175030976828	4.168579066838587	Caecum right	positive	MSEB0014	G121eI104B	L06	NA	NA	5000	Lid8_Covaris_500639	Success	2	15	G121e	ULV2_Half	TecanSI_A_8nt	0.0437	89.1035	51558288	49860240	820854	2482125	7733743200	7435466576	47289676	0.508273	0.503388	0.310662	49860240	49828666	49625606	25398	200558	1538	49834842	49628108	49624068	49622584	41339169	8283415	0.727	10032859	2314793	21347	269630	12638629	0.1831522232356057	0.7938249473103451	0.9556	0.9593	18.1117	0.03293453033196137	0.006114720230172628	4.926075124914931e-4	0.003889927454534565	2.9830315545000252e-5	0.9624560070730045	0.8017948346151447	0.8291008827875678	0.8330716715598688	Retained By Filtering
M301546	0	1	0	Caecum right	negative	MSEB0014	G121eI104M	L06	12480.64	12234.94	2500	Lid8_Covaris_500639	Fail	2	15	G121e	ULV2_Half	TecanSI_A_8nt	0.0154	0.1166	7262342	6925386	136926	615646	1089351300	1027199428	12873637	0.484349	0.476059	0.691736	6925386	6915068	2650700	6863	4233735	689	6918523	2681333	2650011	2649812	44426	2605386	0.151	1879804	1150991	1883	2354	3035032	0.37923521069959065	0.6193687578911853	0.9841	0.9855	14.5118	0.04639770476245817	0.011817709310118784	9.450119534442195e-4	0.5829710305573601	9.48729762382438e-5	0.3648701754888437	0.0061173103662702745	0.006414949289469208	0.01676571771884194	Excluded By Filtering
M301547	63	32.27168775097855	4.035078558139915	Caecum right	positive	MSEB0014	G121eI104B	L06	NA	NA	2500	Lid8_Covaris_500639	Success	2	15	G121e	ULV2_Half	TecanSI_A_8nt	0.2161	15.0136	40353760	38982828	650166	1517437	6053064000	5823323142	25902008	0.511693	0.506695	0.574608	38982828	38971926	38655496	5828	313459	1294	38977000	38658467	38654202	38652932	31940654	6712278	0.7409	7744867	1816764	17168	209102	9787901	0.18561323822135103	0.7912694458188737	0.9822	0.9837	17.8155	0.03397284416619418	0.00427915647348186	1.444227254164172e-4	0.007767776782138765	3.2066404716685635e-5	0.9578520564130827	0.7915161808961544	0.8193518951472685	0.8263449199662266	Retained By Filtering
M301548	59	30.343054419218667	3.9160148518868336	Caecum right	positive	MSEB0014	G121eI104B	L06	NA	NA	2500	Lid8_Covaris_500639	Success	2	15	G121e	ULV2_Half	TecanSI_A_8nt	0.0361	11.9645	40763394	38425568	888986	1208819	6114509100	5744406111	21937766	0.518504	0.508614	0.558113	38425568	38400036	37662752	13704	731492	2919	38411864	37668544	37659833	37656966	30719213	6937753	0.7620999999999999	7648291	1919417	16435	202665	9786808	0.19612288296654024	0.7814898381576506	0.9817	0.9832	17.8103	0.057351112618345766	0.003587821301958648	3.3618397918485396e-4	0.017944825693365963	7.160836509344634e-5	0.9237936860703994	0.7535980198312241	0.7994472066099322	0.8157644192577809	Retained By Filtering
M301549	39	25.399992389362456	3.558510433025693	Caecum right	positive	MSEB0014	G121eI104B	L06	NA	NA	2500	Lid8_Covaris_500639	Success	1	15	G121e	ULV2_Half	TecanSI_A_8nt	0.0086	3.5003	53683458	52019066	839694	1953282	8052518700	7771657468	32633883	0.514297	0.510021	0.711612	52019066	52005222	50339376	7761	1654642	1644	52011305	50350580	50337732	50336360	40889119	9447241	0.7136	10145654	2827764	21314	271039	13265771	0.21316243134304064	0.7647994225137762	0.9907	0.9915	17.3857	0.031003814992692908	0.004052630514226561	1.4456967358548325e-4	0.030822194799746322	3.062395868760913e-5	0.9376512220952682	0.7616707366354828	0.7860410065801643	0.8123177559918914	Retained By Filtering
M301550	0	1	0	Caecum right	positive	MSEB0014	G121eI104B	L06	NA	NA	2500	Lid8_Covaris_500639	Fail	2	15	G121e	ULV2_Half	TecanSI_A_8nt	0.0652	0.0907	4495614	4305922	87502	425506	674342100	637818686	8598940	0.506075	0.499736	0.695868	4305922	4301610	2169644	3004	2117799	428	4302918	2183811	2169216	2169100	599279	1569821	0.5596	933105	836468	1388	3942	1774903	0.47127533166601215	0.5257216873260117	0.9798	0.9815	14.4553	0.042194903743960226	0.012751598928792967	6.682068344835655e-4	0.47108114709136506	9.520390318207925e-5	0.4824924915706731	0.13330303713797492	0.1391755354602336	0.2762800239730764	Excluded By Filtering
M301551	59	30.17971127118607	4.035038280155632	Caecum right	positive	MSEB0014	G121eI104B	L06	NA	NA	2500	Lid8_Covaris_500639	Success	1	15	G121e	ULV2_Half	TecanSI_A_8nt	0.1578	11.292	42507072	40565458	806962	1125297	6376060800	6067170522	20208444	0.514056	0.506523	0.596259	40565458	40531970	39689426	24497	835070	2392	40540961	39696900	39687034	39684860	32297306	7387554	0.7798999999999999	8278187	2022168	16662	209657	10526674	0.1920994228566402	0.7864010037738416	0.985	0.9863	17.7436	0.045677434569005367	0.0031694246077452713	5.763041029972612e-4	0.019645436881655834	5.6272989115787606e-5	0.9336060597163691	0.7598101793508619	0.7961775262096141	0.8138445240829878	Retained By Filtering
M301552	0	1	0	Caecum right	negative	MSEB0014	G121eI104Z	L06	NA	NA	NA	Lid8_Covaris_500639	NA	0	15	G121e	ULV2_Half	TecanSI_A_8nt	0.1651	0.2927	6302824	6057842	111670	453506	945423600	900818060	8263127	0.526861	0.521304	0.699375	6057842	6045504	3060794	10316	2967862	828	6047526	3077642	3059966	3059808	23168	3036640	0.4853	1361794	1293171	1454	4335	2660754	0.48601674562924646	0.5118075553019934	0.9887	0.9897	14.6939	0.038868608737924464	0.008740131936626079	0.0016367266482452945	0.4708781333573649	1.3136968444621015e-4	0.4854661973743833	0.003675812619866904	0.0038244642233983654	0.007571716918185716	Excluded By Filtering
M301553	50	27.608356069311213	3.9334977906261384	Caecum right	positive	MSEB0014	G121eI104B	L06	NA	NA	2500	Lid8_Covaris_500639	Success	1	15	G121e	ULV2_Half	TecanSI_A_8nt	NA	9.4898	29818102	28824646	487306	1379029	4472715300	4300763638	24255419	0.508757	0.503832	0.631771	28824646	28816362	28213538	4656	597267	932	28819990	28219095	28212606	28211732	23110860	5100872	0.7325	5906900	1472744	12329	146693	7538666	0.1953587013935887	0.783547115630272	0.9866	0.9877	17.5906	0.03331721113570542	0.005422974048895981	1.5614675944163045e-4	0.02003034934953271	3.125618122843634e-5	0.9461276911588806	0.7750614039753436	0.8017742871846544	0.819193234927937	Retained By Filtering
M301554	22	15.971327026634585	3.454296296425043	Caecum right	positive	MSEB0014	G121eI104B	L06	NA	NA	1500	Lid8_Covaris_500639	Success	1	17	G121e	ULV2_Half	TecanSI_A_8nt	0.2963	8.6913	44521726	42810048	755138	2432755	6678258900	6379633728	49810469	0.497691	0.491284	0.712372	42810048	42475438	39140896	321044	3272965	1908	42489004	39202473	39138988	39137616	30875733	8261883	0.6496999999999999	8758544	3275904	17855	200244	12252547	0.2673651445695332	0.7148345564395713	0.9903	0.9911	17.0208	0.03844590391666307	0.00745860107340253	0.007210951345417291	0.07351388398554	4.285548138901893e-5	0.8790678061313256	0.6934981137074515	0.7212263111688172	0.788901730754372	Retained By Filtering
M301555	34	21.806974599377657	3.6156985630400955	Caecum right	positive	MSEB0014	G121eI104B	L06	NA	NA	1500	Lid8_Covaris_500639	Success	1	17	G121e	ULV2_Half	TecanSI_A_8nt	0.4416	16.7384	37740440	36251678	750260	1488712	5661066000	5414540519	28286391	0.51562	0.509965	0.682187	36251678	36212178	33863558	33075	2330401	1536	36218603	33881777	33862022	33860840	26122017	7738823	0.7062999999999999	7143384	2415729	13787	167189	9740089	0.2480191916110828	0.7334002800179752	0.9878	0.9888	17.4025	0.03944739383006663	0.00499665451701146	8.763808795021998e-4	0.06174811422442346	4.069904855375295e-5	0.8972031062700911	0.6921492436230208	0.720574010394774	0.7714521258184971	Retained By Filtering
M301556	27	18.767612368229045	3.401371411538201	Caecum right	positive	MSEB0014	G121eI104B	L06	NA	NA	1500	Lid8_Covaris_500639	Success	1	17	G121e	ULV2_Half	TecanSI_A_8nt	0.279	9.7159	48035452	46444560	735616	2358590	7205317800	6930743604	40939691	0.512334	0.507395	0.723604	46444560	46431134	44493832	7649	1921325	1563	46436911	44509809	44492269	44490948	35897506	8593442	0.7526999999999999	9163388	2709696	20229	243343	12136656	0.2232654530209969	0.7550175270684116	0.9922	0.9929	17.2119	0.03311912210173436	0.0056818716587351634	1.5923655719946177e-4	0.03999806226451247	3.253846763011619e-5	0.9262106662387605	0.7473127555872692	0.7729108855805717	0.8068496540015285	Retained By Filtering
M301557	22	12.281253659536793	2.921610680578073	Caecum right	positive	MSEB0014	G121eI104B	L06	NA	NA	1500	Lid8_Covaris_500639	Success	1	17	G121e	ULV2_Half	TecanSI_A_8nt	0.0753	12.5903	38651282	37254360	581652	1526059	5797692300	5565917973	27658706	0.528218	0.522717	0.697762	37254360	37237994	35327614	10338	1891561	1990	37244022	35346433	35325624	35324312	28075398	7248914	0.6765000000000001	7174375	2272735	16527	150223	9613860	0.23640192388905185	0.746253325927359	0.99	0.9909	16.7708	0.03614167312742692	0.004770640552966221	2.6746848914351663e-4	0.048939152910891806	5.148600245652913e-5	0.9139234243252268	0.7263768896462477	0.7536137515179432	0.7947896621454368	Retained By Filtering
M301558	0	1	0	Caecum right	negative	MSEB0014	G121eI104Z	L06	NA	NA	NA	Lid8_Covaris_500639	NA	0	17	G121e	ULV2_Half	TecanSI_A_8nt	0.089	0.4251	15851712	15227368	311190	1547420	2377756800	2254884141	31289638	0.501448	0.495449	0.729553	15227368	15209888	5841482	12644	9240725	1682	15214724	5969163	5839800	5839438	45315	5794123	0.1153	3992596	2755341	3999	1648	6753584	0.4079820433121139	0.5911818080592468	0.992	0.9927	14.0175	0.039386534400826866	0.01315930964848886	7.976425511641897e-4	0.5829480752615238	1.0610841276954818e-4	0.36837901168025255	0.00285868176257555	0.002975891828449933	0.007760164591181549	Excluded By Filtering
M301559	0	1	0	Caecum right	negative	MSEB0014	G121eI104M	L06	17382.02	16572.47	1500	Lid8_Covaris_500639	Success	1	17	G121e	ULV2_Half	TecanSI_A_8nt	0.3885	1.6781	33827172	32221276	666840	2625989	5074075800	4784265379	56363133	0.4976	0.489802	0.725295	32221276	32182182	12381334	27250	19618355	3564	32194026	12563827	12377770	12376592	123485	12253107	0.3265	8554317	5506579	10983	11316	14083195	0.3910035329341105	0.6074130905664518	0.9904	0.9912	14.6822	0.04747355173527364	0.011108058929667547	8.055654194208136e-4	0.5799584724374831	1.0535908825012035e-4	0.3658772302928545	0.0036504677364102445	0.0038324056440222913	0.009977302313916464	Excluded By Filtering
M301560	32	21.906686953744924	3.6356268178466795	Caecum right	positive	MSEB0014	G121eI104B	L06	NA	NA	1500	Lid8_Covaris_500639	Success	1	17	G121e	ULV2_Half	TecanSI_A_8nt	0.3258	14.7182	36495078	35449280	557344	1842467	5474261700	5287826464	33705538	0.516807	0.5131	0.710989	35449280	35441426	33637626	4515	1791035	949	35444765	33650391	33636677	33636002	26748543	6887459	0.6781999999999999	7060385	2105775	14708	177933	9358801	0.2250047842667025	0.7544112755469424	0.9923	0.9929	17.2466	0.028655864223663258	0.006157092928166003	1.2371531306221622e-4	0.04907606992921073	2.6003506555048326e-5	0.9216585863989659	0.7329356303882951	0.7545581461739138	0.7952355039103637	Retained By Filtering
M301561	14	12.107851525374794	2.994943587310077	Caecum right	positive	MSEB0014	G121eI104B	L06	NA	NA	1500	Lid8_Covaris_500639	Success	1	17	G121e	ULV2_Half	TecanSI_A_8nt	0.1218	4.8604	41879734	40518804	645074	2102355	6281960100	6044600309	37889316	0.511833	0.507108	0.739513	40518804	40495926	35210594	16334	5256754	1506	40502470	35239172	35209088	35207924	26489239	8718685	0.6409999999999999	7973599	3604342	15523	166467	11759931	0.3064934649701601	0.6780311040940631	0.9926	0.9932	16.5861	0.03249614718183263	0.006031448050744544	3.900215794111777e-4	0.12552023372450263	3.596011378677811e-5	0.8406912040081248	0.6325073363646484	0.6537517494346575	0.7523658310555317	Retained By Filtering
M301562	8	7.126592160712865	2.8409493423191954	Caecum right	positive	MSEB0014	G121eI104B	L06	NA	NA	500	Lid8_Covaris_500639	Fail	2	17	G121e	ULV2_Half	TecanSI_A_8nt	0.4012	2.5323	42762428	41308504	633584	4819684	6414364200	6105210499	100149015	0.5083	0.502844	0.746046	41308504	41196452	32074294	102796	9067825	2460	41205708	32128627	32071834	32070892	21358198	10712694	0.5439	8217294	5071197	14958	136918	13440367	0.377310902299022	0.6113891086456196	0.992	0.9927	16.1843	0.034000033861501036	0.01561324113775766	0.0024038859533420318	0.21205121935545848	5.752713573700726e-5	0.7499782753215042	0.49946177050564106	0.5170411884197017	0.6659683179376489	Retained By Filtering
M301563	0	1	0	Caecum right	negative	MSEB0014	G121eI104M	L06	19703.7	19880.1	500	Lid8_Covaris_500639	Success	2	17	G121e	ULV2_Half	TecanSI_A_8nt	0.6084	2.2497	29463980	28169490	627562	3195346	4419597000	4166242361	64883789	0.495483	0.488444	0.73079	28169490	28138048	10644270	21695	17383632	3730	28147795	10754416	10640540	10639950	72212	10567738	0.3036	7447511	4940153	5840	5588	12399092	0.3984286107402058	0.6006497088657783	0.9905	0.9913	14.6747	0.04393466191600728	0.014680928826768594	7.363227914219328e-4	0.5899960562015043	1.265952529155939e-4	0.3611172014099928	0.0024508569446490256	0.002563482689959953	0.006786873998468038	Excluded By Filtering
M301564	27	18.485696955465556	3.563241549931673	Caecum right	positive	MSEB0014	G121eI104B	L06	NA	NA	500	Lid8_Covaris_500639	Fail	2	17	G121e	ULV2_Half	TecanSI_A_8nt	0.3279	11.0558	46789848	45335398	687482	2470389	7018477200	6763528244	40890409	0.515012	0.510569	0.724619	45335398	45307006	42787346	22391	2500978	1987	45313007	42806028	42785359	42784056	33862187	8921869	0.6698000000000001	9175652	2832387	22941	232879	12263859	0.23095397623211425	0.7481863579807955	0.9928	0.9934	17.2125	0.031084734449233518	0.005826108404256126	4.785439781723591e-4	0.053451295674224034	4.246647691610368e-5	0.9143875825371349	0.7237079932381913	0.7469259892678123	0.7914674335691781	Retained By Filtering
M301565	20	16.01336400378399	3.4385268974593295	Caecum right	positive	MSEB0014	G121eI104B	L06	NA	NA	500	Lid8_Covaris_500639	Fail	2	17	G121e	ULV2_Half	TecanSI_A_8nt	0.0726	7.2958	46450690	44698876	833692	1831546	6967603500	6678519908	32051329	0.507914	0.5022	0.726912	44698876	44674836	39346460	15930	5295150	2118	44682946	39379686	39344342	39342936	29452603	9890333	0.6779000000000001	8997970	3844055	18735	175014	13035774	0.29488506014295734	0.6902520709548969	0.9933	0.9939	16.9406	0.03771341179216068	0.004600050648691476	3.429443136366758e-4	0.11399507736053006	4.559673925188194e-5	0.8469828112348815	0.6340616899339924	0.6589114903023512	0.748612228634894	Retained By Filtering
M301566	24	15.754902466199768	3.2443342075780093	Caecum right	positive	MSEB0014	G121eI104B	L06	NA	NA	500	Lid8_Covaris_500639	Success	2	17	G121e	ULV2_Half	TecanSI_A_8nt	0.2246	10.8632	40327470	39035876	628158	1782040	6049120500	5829286303	29975874	0.508143	0.503438	0.719845	39035876	39019766	36691280	11235	2313326	1407	39024641	36706440	36689873	36688880	29117306	7571574	0.6423000000000001	8026298	2518969	14213	183335	10742815	0.23447941717324555	0.7471317340939037	0.9921	0.9928	17.1176	0.03202764765555588	0.004955410294769298	2.785942187794077e-4	0.057363529127912066	3.488936945461741e-5	0.9097739084549564	0.7220216393440997	0.7459114277338108	0.7936275514542827	Retained By Filtering
M301567	25	18.245196947779764	3.455772332039161	Caecum right	positive	MSEB0014	G121eI104B	L06	NA	NA	500	Lid8_Covaris_500639	Success	2	17	G121e	ULV2_Half	TecanSI_A_8nt	0.2334	9.3186	41600068	40425112	533708	2392293	6240010200	6026132122	41540453	0.513542	0.509434	0.732821	40425112	40409664	37092184	10032	3298818	1766	40415080	37110846	37090418	37089370	28517937	8571433	0.6509	8127272	2916503	18976	198293	11261044	0.25899046305120554	0.7217156775162232	0.9927	0.9933	17.0718	0.028244088447163116	0.006657112996385807	2.4115345196070354e-4	0.0792983799930327	4.245185368446994e-5	0.89156993685683394	0.6855262111590779	0.7054510325166199	0.7688978540212466	Retained By Filtering
M301568	0	1	0	Caecum right	negative	MSEB0014	G121eI104R	NA	NA	NA	NA	Lid8_Covaris_500639	NA	0	17	G121e	ULV2_Half	TecanSI_A_8nt	NA	NA	12961372	12401026	244116	1196717	1944205800	1839496875	22869530	0.486934	0.479567	0.738981	12401026	12382644	4248034	12440	8089512	1666	12388586	4293132	4246368	4246018	35639	4210379	0.0556	3466917	2017979	3132	1568	5489596	0.36760063946417915	0.6315431955284141	0.9917	0.9924	13.6631	0.0432319973533666	0.011762916250944215	9.597749374063178e-4	0.6241246682835737	1.2853577537933484e-4	0.32759016560901116	0.0027496317519472477	0.002873875113236598	0.008393511285161769	Excluded By Filtering
M301569	13	10.566579387975407	3.0017754826948995	Caecum right	positive	MSEB0014	G121eI104B	L06	NA	NA	500	Lid8_Covaris_500639	Fail	2	17	G121e	ULV2_Half	TecanSI_A_8nt	0.3809	2.9164	39205194	38001046	642078	3278283	5880779100	5644795128	59660056	0.512334	0.508276	0.742583	38001046	37673794	31189752	315882	6447259	2328	37685164	31226535	31187424	31186756	22480230	8706526	0.5856	7695007	3994542	16457	150659	11856665	0.33690266192053164	0.649002649564612	0.9856	0.9868	16.1879	0.030713991620600067	0.010144923824804098	0.00805714671377471	0.16444910335094887	5.937988726697794e-5	0.7954751097520395	0.573399279697481	0.5915687162927041	0.7208261737770995	Retained By Filtering
M301570	76	35.335708197828964	4.1225319376538625	Caecum right	positive	MSEB0015	G121eI104C	L06	10622.69968	46523.96506	5000	Lid8_Covaris_500639	Success	2	15	G121e	ULV2_Half	TecanSI_A_8nt	2.0352	18.0701	43862910	42561828	540696	2283151	6579436500	6344290855	49102982	0.510609	0.505585	0.364672	42561828	42542860	42017544	14868	520960	1108	42546960	42021900	42016436	42015444	34658503	7356941	0.7579	8516395	2020124	18157	229481	10784157	0.1873233114095056	0.7897135585099512	0.962	0.9652	18.0399	0.02966246425510756	0.007463098397560338	3.3896519861541333e-4	0.011877004968434607	2.5260521930715497e-5	0.9578809066703509	0.7901551219469934	0.814309549862379	0.8248991251883474	Retained By Filtering
M301571	76	35.17436896987177	4.159718949371932	Caecum right	positive	MSEB0015	G121eI104C	L06	11163.68876	46464.93372	5000	Lid8_Covaris_500639	Success	1	15	G121e	ULV2_Half	TecanSI_A_8nt	1.5104	16.4279	37778018	36808806	499490	1786460	5666702700	5489301701	32549532	0.507615	0.503889	0.225816	36808806	36798602	36512102	7359	284168	805	36801447	36514434	36511297	36510590	29722154	6788436	0.7648999999999999	7427575	1683827	15664	191166	9318232	0.1807024122172532	0.7971013170738827	0.9374	0.9426	18.1778	0.025655448626235502	0.0057439985337505	1.947958201512848e-4	0.007522046286282144	2.130868803122493e-5	0.9664506486285226	0.7867578971453717	0.8074740049976085	0.8140693973994942	Retained By Filtering
M301572	70	34.31172044973394	3.909545613841744	Caecum right	positive	MSEB0015	G121eI104C	L06	11574.91644	46452.86654	5000	Lid8_Covaris_500639	Success	1	15	G121e	ULV2_Half	TecanSI_A_8nt	3.7227	7.5125	48519284	46781100	672290	2581029	7277892600	6969206161	48996042	0.512328	0.506254	0.429738	46781100	46766298	46076260	8022	685103	1821	46773078	46081195	46074439	46072762	38008913	8063849	0.7401000000000001	9197015	2298737	20423	253111	11769286	0.19531660629200445	0.7814420517948157	0.9693	0.9719	17.9921	0.03582460120392543	0.006732174365969621	1.6533632277013815e-4	0.014120220735326598	3.753146893099247e-5	0.9495762963031359	0.7833774504998878	0.8124843793754315	0.82497578504193	Retained By Filtering
M301573	78	35.13873147823176	4.0830823911694845	Caecum right	positive	MSEB0015	G121eI104C	L06	12078.09608	46438.84252	5000	Lid8_Covaris_500639	Success	1	15	G121e	ULV2_Half	TecanSI_A_8nt	2.6463	9.027	45676734	44480162	539164	2656277	6851510100	6620392709	52259239	0.511546	0.50748	0.372789	44480162	44470702	43869818	5459	596665	1156	44474703	43874037	43868662	43867644	36039113	7828531	0.7243999999999999	8907257	2119115	19597	233282	11279251	0.1878772801491872	0.7897028800937226	0.9562	0.9599	18.1083	0.026196531477053503	0.007627404504592352	1.1951379886311487e-4	0.013062777211698191	2.530828933609833e-5	0.9603936218381989	0.7890037190487393	0.8102289060907647	0.8215420230910965	Retained By Filtering
M301574	0	1	0	Caecum right	negative	MSEB0015	G121eI104Z	L06	NA	NA	NA	Lid8_Covaris_500639	NA	0	15	G121e	ULV2_Half	TecanSI_A_8nt	2.9527	7e-4	3411756	3287028	56812	277820	511763400	487575034	5781192	0.577541	0.57355	0.484613	3287028	3284924	2267858	1442	1011333	242	3285586	2273591	2267616	2267542	41402	2226140	0.4553	679152	481072	3578	1344	1165146	0.4128855954532737	0.5828900412480496	0.8832	0.8927	16.8013	0.036558300183248744	0.011296610894800215	4.226562509159506e-4	0.29642594605241407	7.093121547965329e-5	0.6646260752527438	0.012135099930944651	0.0125955726571237	0.018258537217833232	Excluded By Filtering
M301575	0	1	0	Caecum right	negative	MSEB0015	G121eI104M	L06	8528.26724	38751.44014	5000	Lid8_Covaris_500639	Success	2	15	G121e	ULV2_Half	TecanSI_A_8nt	3.4947	0.3215	3968226	3797548	93002	426472	595233900	560571025	9529329	0.535166	0.530041	0.543127	3797548	3793506	2113290	2948	1670563	421	3794600	2122943	2112869	2112802	72390	2040412	0.4585	874808	760133	1353	2530	1638824	0.4638283305589862	0.5338022874939591	0.9305	0.9363	16.109	0.043011159142649635	0.016009385554149387	7.429012359679111e-4	0.4209848431011742	1.0609274774168609e-4	0.532429856565629	0.01824240857249562	0.019062300200023804	0.034262557494739214	Excluded By Filtering
M301576	73	35.04267517158643	3.993579096600934	Caecum right	positive	MSEB0015	G121eI104C	L06	13566.0359	46499.60456	5000	Lid8_Covaris_500639	Success	1	15	G121e	ULV2_Half	TecanSI_A_8nt	2.1554	5.3741	48076216	47079266	507996	2435348	7211432400	7019995508	42440649	0.514661	0.511817	0.439256	47079266	47001724	46234054	73800	762355	987	47005466	46239369	46233067	46232370	36823598	9408772	0.7404999999999999	9494470	2319182	20795	247405	12081852	0.19195583590992507	0.7858455806278706	0.9644	0.9674	18.112	0.02073686498122065	0.005885189882664643	0.0015350625764723248	0.015857217215265028	2.0529901937373772e-5	0.961647439141217	0.7659421032637012	0.7821616845088452	0.7964895158954646	Retained By Filtering
M301577	81	37.82559483214021	4.012053220209025	Caecum right	positive	MSEB0015	G121eI104C	L06	13976.23738	46491.45106	5000	Lid8_Covaris_500639	Success	1	15	G121e	ULV2_Half	TecanSI_A_8nt	3.7136	20.8984	46353568	45148352	574490	2372746	6953035200	6730525019	42216984	0.519199	0.515401	0.234378	45148352	45092776	44831488	51328	258917	994	45097024	44833859	44830494	44829554	36938646	7890908	0.7696	8728858	2011339	20386	242409	11002992	0.18279927859622183	0.7933167632949293	0.9494	0.9536	18.1365	0.026000501191192012	0.006071734542635423	0.0011073149751924167	0.005585697308133864	2.144387245443544e-5	0.9671219699851369	0.7968889471464203	0.8181615577020397	0.8239797790537912	Retained By Filtering
M301578	75	34.52023786322485	4.060220549297313	Caecum right	positive	MSEB0015	G121eI104C	L06	12406.356	44865.24284	5000	Lid8_Covaris_500639	Success	1	15	G121e	ULV2_Half	TecanSI_A_8nt	0.7766	4.9026	50340662	48879096	653094	1691264	7551099300	7303421903	29069016	0.509474	0.504762	0.394443	48879096	48667284	47846054	204401	814150	1489	48674695	47853134	47844565	47843250	37355635	10487615	0.7461	10177527	2482998	19251	247733	12927509	0.19207087769190492	0.7872767290279976	0.9591	0.9626	18.1733	0.02903350774370031	0.0038496402768799505	0.0040603558213040585	0.01617281075882554	2.9578474752676076e-5	0.9503897664277836	0.7420568883261806	0.7642456194361696	0.7807921702643529	Retained By Filtering
M301579	73	31.49108127777345	4.057450555939555	Caecum right	positive	MSEB0015	G121eI104C	L06	12373.86814	45172.40334	5000	Lid8_Covaris_500639	Success	1	15	G121e	ULV2_Half	TecanSI_A_8nt	2.8773	3.1564	48934136	48002242	522460	2127252	7340120400	7166060227	34729739	0.502925	0.50043	0.484593	48002242	47937468	47424736	61993	509304	662	47940249	47428164	47424074	47423558	38635570	8787988	0.7383	9878902	2281405	19897	249175	12429379	0.1835493953479092	0.7948025400142678	0.9737	0.976	17.9786	0.019043842932058717	0.0047314944588647346	0.001266866140233885	0.0104079491666104	1.3528388444418433e-5	0.9691303837468388	0.7895422941563738	0.8048701141917496	0.8146915083849254	Retained By Filtering
M301580	69	32.64053616779891	4.039924484988643	Caecum right	positive	MSEB0015	G121eI104C	L06	12519.61496	45558.77052	5000	Lid8_Covaris_500639	Success	1	15	G121e	ULV2_Half	TecanSI_A_8nt	1.4504	1.9922	49507664	48021550	638456	1992899	7426149600	7170422201	33365448	0.513604	0.508896	0.541407	48021550	48009368	47104140	6709	899119	1548	48014841	47110249	47102592	47101216	38943142	8158074	0.7553	9397873	2386743	20485	252746	12057847	0.1979410586317773	0.7793989258613084	0.9781	0.9799	17.9005	0.030017857437183867	0.004492967391876943	1.3551437207782617e-4	0.018161208333319866	3.1267886119611705e-5	0.9513924147178505	0.7866083521937128	0.8109513749556189	0.8267969557303998	Retained By Filtering
M301581	0	1	0	Caecum right	negative	MSEB0015	G121eI104M	L06	9701.96506	35377.49422	5000	Lid8_Covaris_500639	Success	1	15	G121e	ULV2_Half	TecanSI_A_8nt	0.9294	0.1746	2861104	2730346	73982	237644	429165600	404983326	4751516	0.544413	0.539159	0.470821	2730346	2727082	1701680	2433	1019154	277	2727913	1707928	1701403	1701342	99641	1601701	0.5357	697486	462768	754	2478	1163486	0.39774264580751295	0.5994794952410257	0.8781	0.888	16.3859	0.04570193883200331	0.01107152110980004	8.503710455824045e-4	0.35621005038614467	9.681577461008059e-5	0.5946452837785694	0.034826067140516385	0.03649390956311031	0.05856612015691143	Excluded By Filtering
M301582	72	33.838496184116245	3.9799747649271846	Caecum right	positive	MSEB0015	G121eI104C	L06	12463.19274	46128.53866	5000	Lid8_Covaris_500639	Success	1	15	G121e	ULV2_Half	TecanSI_A_8nt	1.3042	3.0984	48787524	47517210	581392	1852905	7318128600	7098358243	29761198	0.508852	0.504765	0.489435	47517210	47504834	46910902	7865	589323	1255	47509345	46915511	46909647	46908534	38469470	8439064	0.7415999999999999	9339026	2303970	20551	258032	11921579	0.1932604732980421	0.783371565125727	0.9754	0.9775	17.9581	0.026037681272777852	0.004066777126600371	1.6120924685581503e-4	0.012079379146193194	2.572378954914785e-5	0.961486260298842	0.7885103986830732	0.8095902516162039	0.8200953370233228	Retained By Filtering
M301583	71	32.75888353708132	4.08544384649971	Caecum right	positive	MSEB0015	G121eI104C	L06	12444.05048	47534.52736	5000	Lid8_Covaris_500639	Success	1	15	G121e	ULV2_Half	TecanSI_A_8nt	3.8552	1.5017	38901612	37385284	667586	1574573	5835241800	5581772870	26629824	0.511777	0.505579	0.502561	37385284	37372772	36509340	6710	857129	1560	37378574	36515643	36507780	36506358	29627163	6879195	0.7443000000000001	7535792	1911864	15450	192737	9655843	0.19800073385617392	0.7804385386133557	0.9717	0.9741	17.9371	0.03897853898702192	0.00456361962583967	1.7248642549825443e-4	0.022033251475542966	4.010116598767167e-5	0.93842789856626	0.7615921674402593	0.7924819562692101	0.8115617285076753	Retained By Filtering
M301584	75	34.138154912644026	4.146111079123593	Caecum right	positive	MSEB0015	G121eI104C	L06	12501.67726	49070.79602	5000	Lid8_Covaris_500639	Success	1	15	G121e	ULV2_Half	TecanSI_A_8nt	2.4338	4.0146	47520868	46327706	547886	2275227	7128130200	6911045674	38595890	0.50481	0.500919	0.42822	46327706	46310140	45827866	13441	478486	1168	46314265	45831654	45826698	45825664	37821251	8004413	0.7419	9365114	2250249	20060	244250	11879673	0.1894201128263379	0.7883309582679591	0.963	0.9661	18.0384	0.025108169320476218	0.0054145882464380355	2.828441601698016e-4	0.010068965911986288	2.457867562520112e-5	0.9643271667512471	0.7958872089625972	0.8163851454246407	0.8253290339666437	Retained By Filtering
M301585	0	1	0	Caecum right	negative	MSEB0015	G121eI104Z	L06	NA	NA	NA	Lid8_Covaris_500639	NA	0	15	G121e	ULV2_Half	TecanSI_A_8nt	1.7334	0.4016	3974858	3833598	77682	292274	596228700	569768428	5498522	0.583967	0.580659	0.448444	3833598	3830706	2743812	2025	1080079	465	3831573	2750627	2743347	2743248	9082	2734166	0.5509000000000001	1107830	508520	1491	2843	1620684	0.3137687544271431	0.6835570660289112	0.9131	0.9202	16.6877	0.03553837646527247	0.009222169278332292	5.094521615614947e-4	0.27172769442329764	1.1698531117338028e-4	0.6901499374317271	0.0022848614969390104	0.00236905382358818	0.0033106740622794585	Excluded By Filtering
M301586	0	1	0	Caecum right	negative	MSEB0015	G121eI104M	L06	8873.67322	36586.17476	5000	Lid8_Covaris_500639	Success	1	15	G121e	ULV2_Half	TecanSI_A_8nt	0.43120000000000003	0.0016	1365986	1315378	22346	117233	204897900	194864033	2566766	0.498422	0.492632	0.451836	1315378	1313198	560024	1742	748268	238	1313636	564930	559786	559762	31187	528575	0.4015	327297	236935	442	474	565148	0.4192441625910381	0.579135023038213	0.8323	0.8454999999999999	15.6241	0.03704869596028071	0.012527048837494186	0.001275269292657465	0.5477859948784248	1.742331180553827e-4	0.4097860446593157	0.022831127112576555	0.023709534445611833	0.05571475019740533	Excluded By Filtering
M301587	71	33.52243567930588	3.984138280084468	Caecum right	positive	MSEB0015	G121eI104C	L06	11275.81554	48031.12556	5000	Lid8_Covaris_500639	Fail	2	15	G121e	ULV2_Half	TecanSI_A_8nt	0.3121	2.6354	45633478	44677910	500276	1768732	6845021700	6674140273	27960863	0.507174	0.50435	0.480982	44677910	44636550	44021628	38409	610410	736	44639501	44026140	44020892	44020268	36287606	7732662	0.7509	8871615	2153390	18450	238308	11281763	0.19087353634356616	0.786367786665967	0.97	0.9725	17.9525	0.020940065098697933	0.004084846509690393	8.416846947322315e-4	0.013376363730154427	1.612850986286866e-5	0.964648541581687	0.7951970261832771	0.8122046443085632	0.8243385978477005	Retained By Filtering
M301588	71	30.59655381686109	4.019566599682398	Caecum right	positive	MSEB0015	G121eI104C	L06	11512.58362	47676.07476	5000	Lid8_Covaris_500639	Success	1	15	G121e	ULV2_Half	TecanSI_A_8nt	0.75	2.5296	53111318	51865678	632736	2853593	7966697700	7731272705	49121675	0.507295	0.503942	0.517312	51865678	51857552	51115572	4498	736681	983	51861180	51120871	51114589	51113702	42181887	8931815	0.7428	10656151	2479000	21914	278755	13435820	0.18450678856965932	0.7931150461974037	0.9742	0.9764	17.9326	0.023453381443104087	0.006165876609074799	8.469004666764248e-5	0.01387050873036139	1.850829610366664e-5	0.9623881297767831	0.7942165359180128	0.8132909590037558	0.825255955829613	Retained By Filtering
M301589	83	35.96441468062859	4.150485438213722	Caecum right	positive	MSEB0015	G121eI104C	L06	11919.21336	47403.24194	5000	Lid8_Covaris_500639	Success	2	15	G121e	ULV2_Half	TecanSI_A_8nt	1.3972	9.8623	53299414	51804392	649146	1667854	7994912100	7743914239	27092945	0.50948	0.505073	0.308833	51804392	51793562	51484964	5822	305490	1340	51798570	51488072	51483624	51482330	42917281	8565049	0.7605	10369968	2335441	21833	283228	13010470	0.17950473733846664	0.7970479160245556	0.9615	0.9648	18.0733	0.028049501632419448	0.0033887733424861543	1.0923197016762698e-4	0.0057315827149619315	2.5140989354967393e-5	0.9659079929096406	0.8052111229590629	0.8284486960101761	0.833631286695843	Retained By Filtering
M301590	2	1.983005753701598	1.3657825389616545	Caecum right	negative	MSEB0015	G121eI104R	NA	NA	NA	NA	Lid8_Covaris_500639	NA	0	15	G121e	ULV2_Half	TecanSI_A_8nt	0.6857	7e-4	2120054	2005162	48472	145312	318008100	297909689	3225799	0.4781	0.468895	0.513502	2005162	2002712	718880	1569	1275224	224	2003593	727488	718656	718622	164050	554572	0.27899999999999997	567376	285511	682	1225	854794	0.3340114694300615	0.6637575836985286	0.8064	0.8215	15.5906	0.05419295923594399	0.010143763633693606	7.400754886432138e-4	0.6015054333521693	1.0565768607780745e-4	0.33896400752056316	0.0773801044690371	0.0818138384828757	0.22828413268728204	Retained By Filtering
M301591	60	26.27563229756169	3.9489232425324894	Caecum right	positive	MSEB0015	G121eI104C	L06	13464.0061	47206.50784	5000	Lid8_Covaris_500639	Success	1	15	G121e	ULV2_Half	TecanSI_A_8nt	0.4507	2.6963	50491772	49032364	713292	1737278	7573765800	7323142500	32851512	0.493379	0.48885	0.622591	49032364	49018366	46869674	8407	2125205	1457	49023957	46893161	46868217	46867028	38277106	8589922	0.7334	10360587	2916498	17357	239940	13534382	0.21548808065266667	0.7655012988402425	0.981	0.9827	17.7276	0.02890387764564888	0.0043375399857228224	1.6650237587225103e-4	0.04209012509998659	2.8856186707014364e-5	0.9282111944892725	0.7580860105286065	0.7806498173328946	0.8167171598762354	Retained By Filtering
M301592	0	1	0	Caecum right	positive	MSEB0015	G121eI104C	L06	14335.66872	47132.40912	5000	Lid8_Covaris_500639	Success	1	15	G121e	ULV2_Half	TecanSI_A_8nt	1.5419	0.3659	9162502	8851422	143266	722762	1374375300	1313432143	15187210	0.492516	0.487419	0.585331	8851422	8828036	2564094	19685	6222261	1795	8831737	2605775	2562299	2562040	46752	2515288	0.2504	2650874	1100120	1466	3135	3755595	0.29292828433310836	0.7058466101909284	0.9521	0.9561	16.0209	0.03395142505835196	0.011050264072702704	0.002148430636086082	0.679100643033966	1.9590718779652108e-4	0.27962231277002725	0.00510253640326627	0.0052818631853729266	0.01824795865794445	Excluded By Filtering
M301593	77	33.11945293319433	4.069564895116056	Caecum right	positive	MSEB0015	G121eI104C	L06	14072.68786	48229.9088	5000	Lid8_Covaris_500639	Success	1	15	G121e	ULV2_Half	TecanSI_A_8nt	3.1267	12.9168	45166770	44116850	511490	2013553	6775015500	6583873683	34119673	0.508248	0.504856	0.344234	44116850	44082210	43630510	31114	448271	832	44085736	43633939	43629678	43628896	36286584	7342312	0.7406999999999999	8851261	2057901	18697	239882	11167741	0.1842719131828003	0.7925739860908307	0.958	0.9616	18.0256	0.02324540807323614	0.005036102574230273	6.888692726976049e-4	0.009924796482015429	1.842062206352148e-5	0.965951207048899	0.8033911656733479	0.8225107640278034	0.8317098832846928	Retained By Filtering
M301594	77	37.72785737981427	3.7782754040449404	Caecum right	positive	MSEB0015	G121eI104C	L06	11274.23834	45873.3246	5000	Lid8_Covaris_500639	Success	1	15	G121e	ULV2_Half	TecanSI_A_8nt	0.7305	4.8319	59037774	57848020	660722	2420705	8855666100	8638513715	39352482	0.525647	0.523337	0.411315	57848020	57826032	56763660	18726	1053366	814	57829294	56772666	56762846	56762142	47298208	9463934	0.7634000000000001	10505614	2775262	26567	315998	13623441	0.20371226329676911	0.7711424742104436	0.9707	0.9732	18.0469	0.020152419703358057	0.0044437630727743906	3.171867557201598e-4	0.017842237751037156	1.378778271687547e-5	0.961454644275714	0.8011516152353576	0.8176288142619229	0.8332703159792666	Retained By Filtering
M301595	74	32.5371629256921	4.060551047873911	Caecum right	positive	MSEB0015	G121eI104C	L06	11630.1438	45793.02248	5000	Lid8_Covaris_500639	Success	1	15	G121e	ULV2_Half	TecanSI_A_8nt	1.9426	2.9903	52825034	51361496	698454	2048589	7923755100	7671179944	33547932	0.507534	0.503383	0.443587	51361496	51350674	50497320	6064	845679	1249	51355432	50504995	50496071	50494964	41461229	9033735	0.7283	10239182	2538696	21700	277404	13076982	0.19413470172246164	0.7829927425150544	0.9678	0.9705	17.9989	0.027705386805808776	0.00423384261333367	1.1479405768106084e-4	0.016009057372305714	2.3644092685297655e-5	0.955890799805259	0.7848784157905133	0.8072434066172839	0.8210963176446665	Retained By Filtering
M301596	1	1	1	Caecum right	negative	MSEB0015	G121eI104Z	L06	NA	NA	NA	Lid8_Covaris_500639	NA	0	15	G121e	ULV2_Half	TecanSI_A_8nt	1.4669	0.1174	1756920	1674472	45742	167172	263538000	247807092	3533345	0.495723	0.488881	0.456581	1674472	1672844	734574	1118	933048	204	1673354	739796	734370	734334	130442	603892	0.2817	409169	296996	646	932	707743	0.4196382020027043	0.5781321750974577	0.7996	0.8152000000000001	15.8391	0.046927577806616126	0.013407345430260531	6.363408692484575e-4	0.5310702820845571	1.1611228741206202e-4	0.4179666689433782	0.07424470095394213	0.07790037695464601	0.17763306615245925	Retained By Filtering
M301597	56	20.582606035109816	2.8263629432441086	Caecum right	positive	MSEB0015	G121eI104C	L06	12159.4578	45823.12736	5000	Lid8_Covaris_500639	Success	1	15	G121e	ULV2_Half	TecanSI_A_8nt	0.947	2.4368	57876030	56581560	612522	2076411	8681404500	8456836024	30530637	0.498999	0.495688	0.610135	56581560	56556888	55092104	19634	1453658	1128	56561926	55103230	55090976	55090070	47809651	7280419	0.6587999999999999	10034377	3303615	22870	310264	13671126	0.2416490785031167	0.7339832139649652	0.9842	0.9856	17.1968	0.02236625421612367	0.003516785446410198	3.392423426416774e-4	0.025116753861659135	1.9489933915646944e-5	0.9518633188903939	0.8260699809575743	0.8449687672096704	0.8678451670146725	Retained By Filtering
M301598	70	34.58837703104476	4.207378508293447	Caecum right	positive	MSEB0015	G121eI104C	L06	12544.71336	45818.00912	5000	Lid8_Covaris_500639	Success	1	15	G121e	ULV2_Half	TecanSI_A_8nt	1.9413	2.403	53952664	52166840	829296	1573954	8092899600	7800155428	25266978	0.505348	0.500154	0.500746	52166840	52133280	51388344	26975	739293	1674	52139865	51393987	51386670	51385104	42004056	9381048	0.7613	10615129	2508060	21497	272303	13416989	0.18693165806426465	0.7911707313764661	0.9767	0.9787	17.9913	0.03309982988050414	0.0031221168244815493	4.999753116917452e-4	0.013702622728694176	3.102719821212165e-5	0.9524108763192861	0.7785353472073223	0.8051868965036026	0.8174364306044802	Retained By Filtering
M301599	56	30.608777417865245	4.018906532277232	Caecum right	positive	MSEB0015	G121eI104C	L06	12991.44836	45806.04194	5000	Lid8_Covaris_500639	Success	1	15	G121e	ULV2_Half	TecanSI_A_8nt	0.9272	1.3173	37985688	37061928	472798	1777439	5697853200	5529261451	30436892	0.505014	0.501523	0.57916	37061928	37036026	35908050	22775	1118873	839	37039153	35917153	35907211	35906588	28748832	7157756	0.7109000000000001	7434853	2067570	15272	189796	9707491	0.2129870632895771	0.7658882197263948	0.9794	0.9812	17.8579	0.0243186328492984	0.005341817511198779	5.995679214761097e-4	0.029455120044159788	2.208726613033835e-5	0.9452662276381568	0.7568332578312127	0.7756971520747652	0.8006561915601672	Retained By Filtering
M301600	0	1	0	Caecum right	negative	MSEB0015	G121eI104M	L06	9895.87964	38252.46596	5000	Lid8_Covaris_500639	Success	1	15	G121e	ULV2_Half	TecanSI_A_8nt	1.7237	0.1433	3026286	2925030	48488	281097	453942900	433346793	5633803	0.498429	0.49338	0.530645	2925030	2920890	1537068	2951	1375816	252	2922079	1545074	1536816	1536764	7816	1528948	0.2793	776900	481033	711	750	1259394	0.38195592483368984	0.6168839934127048	0.9225	0.9289	15.9688	0.03345883369912824	0.012410818629391494	9.751226420767899e-4	0.4546219359307085	8.327038488761472e-5	0.5078052768310728	0.0025827036836571296	0.0026721093458870505	0.005086011905536569	Excluded By Filtering
M301601	0	1	0	Caecum right	positive	MSEB0015	G121eI104C	L06	13167.91002	45805.48966	5000	Lid8_Covaris_500639	Success	1	15	G121e	ULV2_Half	TecanSI_A_8nt	1.1037	0.4838	7035276	6757162	131772	605788	1055291400	1001791766	12310724	0.502827	0.496962	0.606532	6757162	6750226	2810890	4726	3910161	749	6752436	2840065	2810141	2810032	19321	2790711	0.3344	1729471	1231981	1741	1954	2965147	0.41548732659797305	0.5832665294503105	0.9689	0.9715	15.6947	0.03953135598375956	0.011665710532654772	6.717575827870861e-4	0.5557935466924112	1.0646348487251958e-4	0.3994202928214899	0.0027463030590413225	0.00285933650843357	0.006875722411702073	Excluded By Filtering
M301602	72	34.51728098437401	4.068400193376971	Caecum right	positive	MSEB0015	G121eI104C	L06	14100.7551	45507.11548	5000	Lid8_Covaris_500639	Success	1	15	G121e	ULV2_Half	TecanSI_A_8nt	0.087	5.6594	58318572	56904708	687254	1740143	8747785800	8509217340	27170433	0.504164	0.500578	0.486441	56904708	55936360	55261418	953872	669186	1134	55950836	55267174	55260284	55259248	45551925	9707323	0.7433	11033887	3167589	23640	295266	14520382	0.21814777324728785	0.7598895814173484	0.9754	0.9775	18.0131	0.024243803500538386	0.0031059783151068925	0.01635623039603919	0.01147466368003661	1.9444920564927413e-5	0.947541170932649	0.7810877982403273	0.8004948377909259	0.824331250399933	Retained By Filtering
M301603	77	33.2386057158347	3.9810188266114266	Caecum right	positive	MSEB0015	G121eI104C	L06	13995.41188	46086.12248	5000	Lid8_Covaris_500639	Success	1	15	G121e	ULV2_Half	TecanSI_A_8nt	0.6162	17.395	49757536	48687272	521846	1907711	7463630400	7271341756	32251916	0.50688	0.503773	0.284398	48687272	48657332	48246062	26420	406301	904	48660852	48251031	48245158	48244348	40223319	8021029	0.7412000000000001	9628953	2270959	20708	264226	12184846	0.18637568336932617	0.790240024371256	0.9522	0.9562	18.044	0.02150958600522341	0.004321210224986489	5.309748456997549e-4	0.00816561736497563	1.816810221470774e-5	0.9695887674180651	0.8083864723526503	0.8261567622848124	0.8337415815009045	Retained By Filtering
M301604	73	33.4665031064394	4.0690683369972955	Caecum right	positive	MSEB0015	G121eI104C	L06	13643.37694	46727.2824	5000	Lid8_Covaris_500639	Success	1	15	G121e	ULV2_Half	TecanSI_A_8nt	1.7662	5.813	54538454	53093968	737136	2439644	8180768100	7921535429	43130812	0.507447	0.503655	0.475814	53093968	53084770	52352190	5014	726172	1203	53088954	52358598	52350987	52349906	43203239	9146667	0.7365	10569928	2590253	23084	285845	13469110	0.19231062779946115	0.7847532613513439	0.9772	0.9792	17.9661	0.02648564258898868	0.005272220343221806	9.193513259470097e-5	0.013314862207131871	2.2057830975553507e-5	0.9598714697706686	0.7921610502563934	0.8137127554678151	0.825278253603741	Retained By Filtering
M301605	0	1	0	Caecum right	negative	MSEB0015	G121eI104M	L06	11598.22248	38212.67688	5000	Lid8_Covaris_500639	Success	1	15	G121e	ULV2_Half	TecanSI_A_8nt	0.6313	0.1	5285012	5027512	155526	374702	792751800	747065291	7265034	0.488237	0.481233	0.578382	5027512	5022398	2931824	3755	2079228	529	5023757	2943170	2931295	2931196	99111	2832085	0.42590000000000006	1347659	883955	1049	2494	2235157	0.3954778120731564	0.6029370643762384	0.9397	0.9447	16.1976	0.048722689749805675	0.009164323562557664	7.104998058660983e-4	0.39341973111886974	1.0009438010736778e-4	0.5546242846752287	0.018753221373953362	0.019713727187523372	0.033812477910040814	Excluded By Filtering
M301606	78	35.360941009602804	4.06623036060888	Caecum right	positive	MSEB0015	G121eI104C	L06	13595.2605	47410.63834	5000	Lid8_Covaris_500639	Success	2	15	G121e	ULV2_Half	TecanSI_A_8nt	1.1205	12.6024	49407684	47938960	663258	1418404	7411152600	7169631974	21623850	0.508815	0.504227	0.381508	47938960	47927568	47538616	6628	385429	1349	47932332	47542139	47537267	47536008	38917241	8618767	0.7631999999999999	9494439	2225482	20051	251447	11991419	0.18558954532403543	0.7917694311240396	0.9574	0.961	18.0928	0.029726631185545957	0.0029177445354451343	1.3414917404345445e-4	0.007800993060107816	2.7303445350727226e-5	0.9621177143215214	0.7876758805371246	0.8118082035989099	0.8186897183288929	Retained By Filtering
M301607	0	1	0	Caecum right	negative	MSEB0015	G121eI104Z	L06	NA	NA	NA	Lid8_Covaris_500639	NA	0	15	G121e	ULV2_Half	TecanSI_A_8nt	1.047	0.0455	4026290	3877686	68746	353140	603943500	574897798	7066699	0.536405	0.531547	0.561987	3877686	3873128	2125604	3409	1736912	492	3874277	2136216	2125112	2125002	61063	2063939	0.453	911625	774663	1172	3255	1690715	0.4581866251852027	0.5391949559801622	0.9448	0.9494	15.9902	0.03690841941340539	0.011700927321843848	8.466851617742388e-4	0.4313926716654786	1.221968611302216e-4	0.527781655072039	0.015166070998363257	0.015747278144749213	0.028735502366586008	Excluded By Filtering
M301608	81	34.949890843506424	3.986992167181421	Caecum right	positive	MSEB0015	G121eI104C	L06	13596.36506	48006.83212	5000	Lid8_Covaris_500639	Success	1	15	G121e	ULV2_Half	TecanSI_A_8nt	0.9107	12.3751	64745148	63322132	717312	2518472	9711772200	9459997033	39052498	0.514261	0.511276	0.354259	63322132	63256886	62880908	60415	372131	1105	63261717	62884755	62879803	62878764	52128224	10750540	0.7668	12511465	2777322	28211	345881	15662879	0.1773187419758526	0.7987972709231809	0.9665	0.9694	18.0729	0.021978728043065096	0.004021150537282989	9.331201158116126e-4	0.005747627606009951	1.706691596411209e-5	0.9711733765748748	0.8051294283858923	0.8232228188400227	0.829027491698151	Retained By Filtering
M301609	83	35.731741964606975	4.0239467661858255	Caecum right	positive	MSEB0015	G121eI104C	L06	13573.00912	48179.36018	5000	Lid8_Covaris_500639	Fail	2	15	G121e	ULV2_Half	TecanSI_A_8nt	0.7441	31.1973	57613690	56443488	610316	2358941	8642053500	8428047432	39051629	0.509909	0.507187	0.235638	56443488	56408412	56162534	31738	243025	829	56411750	56165387	56161705	56160934	46500267	9660667	0.7597	11255900	2494761	24697	307848	14083206	0.1771443945363009	0.7992427292478715	0.9557	0.9594	18.11	0.02031117951306365	0.004518790470343651	5.50876015752506e-4	0.0042181814773537335	1.4388941239486657e-5	0.9747845347173563	0.8071044746482997	0.8238375877833772	0.8279824370442272	Retained By Filtering
M301612	1	1	1	Caecum right	negative	MSEB0015	G121eI104R	NA	NA	NA	NA	Lid8_Covaris_500639	NA	0	15	G121e	ULV2_Half	TecanSI_A_8nt	0.9345	1.0687	24910070	24179210	348866	2727699	3736510500	3577731584	50566093	0.491304	0.487123	0.676367	24179210	24148818	7261470	23044	16784791	17955	24156166	7364027	7243515	7243208	104875	7138333	0.2186	7047175	3410173	6232	2268	10465848	0.32583819294910454	0.6733496416152804	0.9754	0.9775	15.4409	0.029339941638060432	0.013532972274532616	9.250877255664075e-4	0.6738154890773089	7.207928359896219e-4	0.29077429328781496	0.004210144732632225	0.004337403910218737	0.014479081644486807	Retained By Filtering
M301615	0	1	0	Caecum right	negative	MSEB0015	G121eI104R	NA	NA	NA	NA	Lid8_Covaris_500639	NA	0	15	G121e	ULV2_Half	TecanSI_A_8nt	0.2903	0.0321	3597480	3445146	67216	189928	539622000	513162875	3944554	0.480548	0.473404	0.639288	3445146	3440426	1138234	2904	2288873	568	3442242	1151553	1137666	1137568	13659	1123909	0.315	987081	541128	895	307	1529411	0.35381463844578076	0.6453994380843344	0.9693	0.9719	14.4382	0.042344641248874215	0.0073098465221951665	8.072317288768805e-4	0.6362434259537232	1.5788829958748903e-4	0.31621245983299423	0.0037968244437773108	0.0039647086074146055	0.012007194295198177	Excluded By Filtering
M301618	80	34.671699403302604	4.087146270895344	Caecum right	positive	MSEB0015	G121eI104C	L06	10880.39024	47181.58112	5000	Lid8_Covaris_500639	Success	1	15	G121e	ULV2_Half	TecanSI_A_8nt	0.2343	10.8144	57331748	56132772	593636	1662507	8599762200	8395753106	24673714	0.505588	0.502622	0.396578	56132772	56125288	55632942	4210	488482	906	56128562	55636806	55632036	55631218	46106141	9525077	0.754	11269444	2573419	23612	301888	14168363	0.18163135712996625	0.7953949231820218	0.9655	0.9684	18.0333	0.020912950360418105	0.0028691158460172304	7.34322630455991e-5	0.00852027047910697	1.5802762546155054e-5	0.9703387728558355	0.8041991149476203	0.8213765213661638	0.8287818001755777	Retained By Filtering
M301619	1	1	1	Caecum right	negative	MSEB0015	G121eI104M	L06	8115.18658	37967.13796	5000	Lid8_Covaris_500639	Success	2	15	G121e	ULV2_Half	TecanSI_A_8nt	0.8322	0.1299	5251814	5007002	121136	500844	787772100	740399051	11169792	0.493634	0.486127	0.579597	5007002	5001148	2011214	4032	2971659	454	5002970	2029489	2010760	2010652	213059	1797593	0.3453	1285304	875808	1504	1619	2164235	0.40467324481860795	0.5938837510713948	0.9394	0.9445	15.5139	0.04661475063663717	0.01417896368759442	7.677347293716038e-4	0.5658347763268082	8.64463212139653e-5	0.38284904987114926	0.04056864923243664	0.04255220988527666	0.105965129719116	Retained By Filtering
M301620	77	34.08471641313585	3.993823699698459	Caecum right	positive	MSEB0015	G121eI104C	L06	11177.6133	47177.76744	5000	Lid8_Covaris_500639	Success	1	15	G121e	ULV2_Half	TecanSI_A_8nt	0.6021	16.4346	53531746	52024252	713076	2081020	8029761900	7770053083	34401448	0.507485	0.503209	0.368229	52024252	52010970	49909252	7611	2086314	1397	52016641	49924656	49907855	49906604	40981483	8925121	0.7228	9881746	3080567	22306	267224	13251843	0.2324632883139349	0.7456884299036746	0.9612	0.9644	18.0545	0.02816074782989518	0.004284242600020307	1.421773166150792e-4	0.038973397206211055	2.6096664211176673e-5	0.932280520048795	0.7655547607208627	0.7877380533986341	0.8211635277768049	Retained By Filtering
M301621	75	35.16074844168149	3.939528516188219	Caecum right	positive	MSEB0015	G121eI104C	L06	11837.50238	47108.93012	5000	Lid8_Covaris_500639	Success	1	15	G121e	ULV2_Half	TecanSI_A_8nt	1.0496	21.4523	51121596	50102710	549226	2205981	7668239400	7481106621	34768607	0.513835	0.511259	0.391887	50102710	50096370	49566834	3729	524523	1752	50098981	49571847	49565082	49564466	40329243	9235223	0.7459	9938136	2327640	21988	268163	12555927	0.18538177228969235	0.7915095396779545	0.9612	0.9645	18.1052	0.01993063753330393	0.004534105573177593	7.294373203841289e-5	0.010260301732363754	3.4271230499141696e-5	0.969540661445703	0.7888885746055346	0.8049313699797875	0.8136725007790864	Retained By Filtering
M301622	68	32.45682631743571	3.9257646519204714	Caecum right	positive	MSEB0015	G121eI104C	L06	12228.07868	47018.1632	5000	Lid8_Covaris_500639	Success	1	15	G121e	ULV2_Half	TecanSI_A_8nt	0.7881	9.3179	58568244	56793492	779560	1297461	8785236600	8500160605	19245645	0.510633	0.505843	0.516627	56793492	56778208	55916960	8745	853878	1770	56784747	55924330	55915190	55913664	45704853	10208811	0.7864	11420222	2710625	22580	315345	14468772	0.1873431276683329	0.7893014002846959	0.9792	0.981	17.9349	0.030302291460198125	0.0021906803284045873	1.4931299630564304e-4	0.014579197559687807	3.0221155341450905e-5	0.9546754381094301	0.7803691877803268	0.8047551117300553	0.8174183147790136	Retained By Filtering
M301623	5	4.724705292553039	2.1360171823135117	Caecum right	negative	MSEB0015	G121eI104Z	L06	NA	NA	NA	Lid8_Covaris_500639	NA	0	15	G121e	ULV2_Half	TecanSI_A_8nt	0.1147	0.9533	33002536	31560330	623208	1694763	4950380400	4702654500	34565377	0.427202	0.418581	0.647707	31560330	31519500	6581670	27475	24804568	1471	31532855	6714932	6580199	6579848	226934	6352914	0.1582	10638844	3022180	2550	3920	13667494	0.2211217359963721	0.7784048780266521	0.9615	0.9648	15.3456	0.043699853853655365	0.006982367860053745	8.325117803068225e-4	0.7515958167578395	4.457233225955726e-5	0.19937401174261274	0.006876259448667823	0.007190482482280762	0.03448924656010291	Retained By Filtering
M301624	26	17.880990094682623	3.502910606791349	Caecum right	positive	MSEB0015	G121eI104C	L06	12238.06288	47161.33866	5000	Lid8_Covaris_500639	Success	2	15	G121e	ULV2_Half	TecanSI_A_8nt	1.2404	0.9822	25177646	24489664	333194	1364749	3776646900	3650984330	23109222	0.500972	0.496926	0.670612	24489664	24480478	20958974	6251	3500158	914	24483413	20980320	20958060	20957632	15447941	5509691	0.6757	4818142	2338758	9761	97601	7264262	0.32195397137382986	0.6632665506833316	0.9825	0.984	17.2268	0.02732511212525587	0.006118978716278718	2.482757919465545e-4	0.1390184769457796	3.630204348730616e-5	0.8323904466684455	0.613557796467549	0.6307943220454147	0.7371033616775025	Retained By Filtering
M301625	81	34.65934980431802	4.0622197341087425	Caecum right	positive	MSEB0015	G121eI104C	L06	11066.91824	47442.8341	5000	Lid8_Covaris_500639	Success	1	15	G121e	ULV2_Half	TecanSI_A_8nt	0.3403	23.9484	50259472	49138712	547436	1606766	7538920800	7346254844	25214590	0.506011	0.502782	0.3274	49138712	49131094	48701020	4348	425684	905	49134364	48705410	48700115	48699260	40195074	8504186	0.7678	9848703	2253324	20191	261844	12384062	0.1819535464211985	0.7952724235392232	0.962	0.9652	18.0549	0.02229947819587122	0.0033445887904804622	8.651105606521294e-5	0.008469726860640318	1.8006556057731764e-5	0.9689568565304466	0.7997512190338968	0.8179920141170978	0.8253734040311906	Retained By Filtering
M301626	11	7.955881155757454	2.9201546207404108	Caecum right	positive	MSEB0015	G121eI104C	L06	12089.36378	48106.16384	5000	Lid8_Covaris_500639	Success	1	15	G121e	ULV2_Half	TecanSI_A_8nt	0.5572	0.1977	11056296	10690424	161156	661530	1658444400	1592301200	11843024	0.487306	0.482241	0.621395	10690424	10653178	5780404	33930	4843260	847	10656494	5809918	5779557	5779440	3138093	2641347	0.4222999999999999	2315940	1675084	2738	19997	4013759	0.4173354703159806	0.5770002633441619	0.963	0.9661	16.5196	0.03309173343405423	0.007141043739542912	0.003068839690977883	0.4380544804516811	7.660793451984281e-5	0.5227284074160099	0.2838285986554629	0.29354242638084327	0.5429752709605082	Retained By Filtering
M301627	67	33.61701221306535	3.884543174468559	Caecum right	positive	MSEB0015	G121eI104C	L06	12291.68054	48099.18876	5000	Lid8_Covaris_500639	Success	1	15	G121e	ULV2_Half	TecanSI_A_8nt	0.9086	3.4525	50947416	49879050	598110	2906931	7642112400	7432399316	49954900	0.508803	0.506129	0.562492	49879050	49866598	48333552	8805	1521563	885	49870245	48345035	48332667	48332058	38038419	10293639	0.7069	9505337	3108665	21513	247652	12883167	0.24129664701233788	0.7378105864807931	0.9749	0.9771	18.0166	0.02096997421812325	0.006536792104758889	1.728252518243516e-4	0.029865361572017704	1.7370851546229548e-5	0.9486655417420974	0.7466211632794095	0.7626131411885351	0.7870225389533382	Retained By Filtering
M301628	0	1	0	Caecum right	negative	MSEB0015	G121eI104Z	L06	NA	NA	NA	Lid8_Covaris_500639	NA	0	15	G121e	ULV2_Half	TecanSI_A_8nt	2.7012	0.0697	5454332	5273916	78166	633869	818149800	778675884	12864788	0.495158	0.489783	0.60344	5273916	5268954	2117534	3475	3136966	621	5270441	2131988	2116913	2116844	114757	2002087	0.2957	1340333	969888	1649	1066	2312936	0.41933196595150063	0.5794942013095045	0.9381	0.9432	15.366	0.03307756110189112	0.01572424511990347	6.371082655034567e-4	0.5751329402023933	1.1385445550435873e-4	0.38810325444069044	0.021039606683274873	0.02175935301206921	0.05421136370937112	Excluded By Filtering
M301629	77	35.60137604665327	4.108398320952686	Caecum right	positive	MSEB0015	G121eI104C	L06	12553.1693	47697.32826	5000	Lid8_Covaris_500639	Success	2	15	G121e	ULV2_Half	TecanSI_A_8nt	7.2918	11.4262	60794018	59308114	696612	2097678	9119102700	8863256167	33639179	0.511946	0.508338	0.407944	59308114	59270142	58652050	32910	612515	1315	59275204	58657627	58650735	58649588	48253944	10395644	0.7506999999999999	11678676	2762575	25780	320949	14787980	0.18681219476899483	0.7897411275914628	0.9645	0.9675	18.1273	0.024441615291820325	0.0036888694103642456	5.413361558040135e-4	0.010075251153822405	2.163041765063135e-5	0.9647262992224005	0.7937284882206667	0.8136145418483548	0.822749922812757	Retained By Filtering
M301630	1	1	1	Caecum right	negative	MSEB0015	G121eI104M	L06	9665.23738	37793.57598	5000	Lid8_Covaris_500639	Success	1	15	G121e	ULV2_Half	TecanSI_A_8nt	1.2763	0.0256	8707582	8416878	137070	507233	1306137300	1252541179	10618529	0.48894	0.483689	0.596133	8416878	8406750	2750852	7336	5622440	3523	8409542	2784310	2747329	2747192	99765	2647427	0.2657	2442478	1174005	1397	3531	3621411	0.32418441320247826	0.67445479124021	0.9428	0.9476	15.9913	0.03338515790032181	0.008129718828181386	8.42484170691703e-4	0.6456947519988901	4.045899309360509e-4	0.315494243981854	0.011457256446163815	0.011852969711572391	0.036315263003095524	Retained By Filtering
M301631	78	34.759267789807645	4.001751378671203	Caecum right	positive	MSEB0015	G121eI104C	L06	12925.6	47760.37328	5000	Lid8_Covaris_500639	Success	1	15	G121e	ULV2_Half	TecanSI_A_8nt	0.7268	18.5758	45449930	44233172	645624	2359712	6817489500	6594804259	40754298	0.510266	0.506546	0.336291	44233172	44219730	43816308	9964	400044	877	44223208	43819686	43815431	43814600	36320211	7494389	0.731	8583911	2120922	19269	237198	10961300	0.19349183034859005	0.7831106711795134	0.9558	0.9596	18.0688	0.026771394367384065	0.005977904036375854	2.1923026064066546e-4	0.008801861741041186	1.929595931170851e-5	0.964019086498043	0.7991257852322324	0.8211079910796358	0.8289522442290926	Retained By Filtering
M301632	79	35.09264197227581	3.942339606437038	Caecum right	positive	MSEB0015	G121eI104C	L06	13655.3237	47737.86962	5000	Lid8_Covaris_500639	Success	1	15	G121e	ULV2_Half	TecanSI_A_8nt	1.692	21.3137	46263462	45130154	600160	1790299	6939519300	6742040576	27944755	0.510834	0.507523	0.306362	45130154	45108648	44667640	18155	436729	795	45111999	44671919	44666845	44666088	37023914	7642174	0.7594	8772146	2131861	19662	239460	11163129	0.1909734268949145	0.7858142640831258	0.956	0.9597	18.0542	0.024496826458858614	0.004026900681723012	3.924263169064174e-4	0.009440041473766057	1.718418738312321e-5	0.9654722337900263	0.8002841205441996	0.820380847803001	0.8289043356561694	Retained By Filtering
M301633	12	11.173191135277968	3.0105010669961008	Caecum right	positive	MSEB0015	G121eI104C	L06	14190.2937	47733.95594	5000	Lid8_Covaris_500639	Success	1	15	G121e	ULV2_Half	TecanSI_A_8nt	0.9137	0.2469	8215752	7848260	169472	417869	1232362800	1169400293	8355041	0.496813	0.489412	0.628713	7848260	7842290	5889700	3994	1941388	860	7844266	5900902	5888840	5888594	3367917	2520677	0.5771999999999999	1398894	1083977	2978	28196	2514045	0.4311684953928828	0.5564315674540432	0.9698	0.9723	16.4515	0.044730171991559625	0.006779692635967265	4.8613930897622033e-4	0.23630070625306118	1.0467696688020768e-4	0.7167443710569648	0.40993411193521906	0.4291291318075599	0.5719390740811814	Retained By Filtering
M301634	80	33.42906846640187	4.067737202050111	Caecum right	positive	MSEB0015	G121eI104C	L06	12278.52954	46523.46192	5000	Lid8_Covaris_500639	Success	1	15	G121e	ULV2_Half	TecanSI_A_8nt	1.884	10.1028	61874372	60106724	788014	1545725	9281155800	8991886433	24755446	0.507448	0.50293	0.401283	60106724	60092296	59385550	8261	699693	1770	60098463	59392603	59383780	59382180	49093400	10288780	0.7705	11954605	2812460	24005	318287	15109357	0.18614028379897304	0.7912054099985857	0.9685	0.9712	18.0084	0.028568338439055187	0.002667280512627533	1.3351246619521244e-4	0.011308284470345816	2.8606350946075057e-5	0.9597217406909601	0.7934367398508707	0.8167705163901463	0.8267362363591232	Retained By Filtering
M301635	3	2.9620484500314608	1.7959297738262159	Caecum right	negative	MSEB0015	G121eI104M	L06	16019.0228	37782.81336	5000	Lid8_Covaris_500639	Success	1	15	G121e	ULV2_Half	TecanSI_A_8nt	0.5793	0.1327	6400440	6166956	103216	504862	960066000	914315620	11343545	0.494756	0.488918	0.599327	6166956	6160004	2629726	4766	3508425	1572	6162190	2651579	2628154	2627966	215754	2412212	0.3753	1541104	1127192	1737	2776	2672809	0.4217256077781839	0.576585906437759	0.922	0.9285	15.6979	0.03647936704351576	0.01181538040093077	7.446363062539451e-4	0.5481537206817031	2.456081144421321e-4	0.41059145933717056	0.03370924498940698	0.034985493653595066	0.08209923568265343	Retained By Filtering
M301636	75	36.21807817259435	4.155730501670041	Caecum right	positive	MSEB0015	G121eI104C	L06	12327.51278	46664.42608	5000	Lid8_Covaris_500639	Success	1	15	G121e	ULV2_Half	TecanSI_A_8nt	0.2626	5.617	84510654	81954564	1082800	2476281	12676598100	12254974355	39221353	0.504967	0.500133	0.547327	81954564	81934532	79413402	10763	2500165	2349	81943801	79434367	79411053	79409008	65066046	14342962	0.7553	16258372	4492112	32058	422264	21204806	0.2118440508250818	0.7667305232596799	0.9843	0.9856	18.006	0.030245772325936563	0.003093996724562878	1.2735672356765812e-4	0.02958402144184093	2.779531205615803e-5	0.9396331023541719	0.7699153055897544	0.7939282795769617	0.819378652860139	Retained By Filtering
M301637	1	1	1	Caecum right	negative	MSEB0015	G121eI104R	NA	NA	NA	NA	Lid8_Covaris_500639	NA	0	15	G121e	ULV2_Half	TecanSI_A_8nt	0.7763	0.2921	3477594	3348048	63120	251145	521639100	497719407	4761870	0.491383	0.485618	0.604502	3348048	3344322	1294110	2549	2039281	413	3345499	1305041	1293697	1293628	132183	1161445	0.3232	877305	576327	929	1008	1455569	0.3959461901153432	0.6027230588175483	0.9091	0.9166	15.1568	0.037251617066282036	0.009128667693813597	7.329780302128426e-4	0.5864057161359262	1.1876026931263397e-4	0.37198936966189844	0.03800989994806754	0.039480616765351036	0.10218007031387694	Retained By Filtering
M301638	71	32.583458217627076	4.067691437584836	Caecum right	positive	MSEB0015	G121eI104C	L06	12137.6993	46789.01156	5000	Lid8_Covaris_500639	Success	1	15	G121e	ULV2_Half	TecanSI_A_8nt	1.3197	14.2344	52160790	50515242	760536	1702276	7824118500	7550472230	27398884	0.508348	0.503418	0.395792	50515242	50502250	49723578	7641	771863	1572	50507601	49730387	49722006	49720656	40573311	9147345	0.7503	10313613	2451765	20432	259948	13045758	0.187935802580425	0.7905721537989591	0.9649	0.9679	18.0517	0.03154760501135048	0.0035018493137597547	1.464893457326854e-4	0.014797762840631824	3.0137580354898764e-5	0.9532189984085747	0.7778507764165382	0.8031894809095441	0.8160252551776469	Retained By Filtering
M301639	79	34.9347517829094	3.971333943236407	Caecum right	positive	MSEB0015	G121eI104C	L06	NA	NA	NA	Lid8_Covaris_500639	Success	1	15	G121e	ULV2_Half	TecanSI_A_8nt	1.5526	16.0538	52957928	51449660	786012	1895517	7943689200	7686463246	31652780	0.510876	0.506763	0.367254	51449660	51438624	50501810	6296	928299	1404	51443364	50510325	50500406	50499318	40186193	10313125	0.7559999999999999	10453960	2568114	21468	269538	13313080	0.19290156748100365	0.7852397792246423	0.9595	0.9629	18.1092	0.028480494931750353	0.003984644817171347	1.1888682653898393e-4	0.017528990182546417	2.651161125488142e-5	0.9535742788124187	0.7588324263743853	0.781077911885132	0.7957769449480486	Retained By Filtering
M301640	74	35.09427191078616	3.9471417323724975	Caecum right	positive	MSEB0015	G121eI104C	L06	12812.0456	46716.83462	5000	Lid8_Covaris_500639	Success	1	15	G121e	ULV2_Half	TecanSI_A_8nt	3.4974	3.5827	46249392	44863702	702274	1405541	6937408800	6705564723	24818608	0.509903	0.505578	0.484798	44863702	44854150	43991054	5151	855972	1363	44858551	43998178	43989691	43988638	36297803	7690835	0.7514	8582128	2276826	19364	236808	11115126	0.204840322997688	0.772112524860267	0.9733	0.9756	17.9749	0.029961258733952653	0.003577504038683723	1.1137443709530279e-4	0.01850774600453126	2.9470657689943255e-5	0.9511181898347982	0.7848276794644132	0.8090683867327756	0.8251631478110325	Retained By Filtering
M301641	79	34.986870217419465	3.9705413379306864	Caecum right	positive	MSEB0015	G121eI104C	L06	NA	NA	NA	Lid8_Covaris_500639	Success	1	15	G121e	ULV2_Half	TecanSI_A_8nt	0.5128	9.297	59819632	58206626	754472	2033779	8972944800	8698881117	32775153	0.513007	0.508971	0.414502	58206626	58194462	57434704	7082	753800	1362	58199544	57440662	57433342	57432070	47484468	9947602	0.7676000000000001	11477799	2707019	24664	310723	14520205	0.1864311833062963	0.79047086456424	0.9676	0.9703	18.0638	0.026964492192128497	0.0036526640618584883	1.1838922713533243e-4	0.01260121426357153	2.2768444981406773e-5	0.9600873171536729	0.7937940507557787	0.8157914530211732	0.826793601553975	Retained By Filtering
M301642	74	35.50275695486817	3.9682952976293357	Caecum right	positive	MSEB0015	G121eI104C	L06	12937.14104	44877.33044	5000	Lid8_Covaris_500639	Success	1	15	G121e	ULV2_Half	TecanSI_A_8nt	1.0709	2.6227	52324380	51122472	598868	1964040	7848657000	7638177913	30827246	0.505774	0.502439	0.506947	51122472	50686250	49705914	428428	973330	1171	50694044	49712920	49704743	49703900	40772394	8931506	0.7354	9898403	2805848	21567	273845	12999663	0.21584005677685644	0.7614353541318725	0.975	0.9771	18.0037	0.02297032473198918	0.003927709670584407	0.00818792310582562	0.018601844876136135	2.23796249472999e-5	0.9499185656858237	0.7792236429748427	0.7975434755971894	0.8203057305362356	Retained By Filtering
M301643	71	32.39747029170376	4.21665877000808	Caecum right	positive	MSEB0015	G121eI104C	L06	12939.75016	45159.48272	5000	Lid8_Covaris_500639	Success	1	15	G121e	ULV2_Half	TecanSI_A_8nt	3.8006	4.7389	53028608	51494486	692248	1890737	7954291200	7690999246	33716987	0.493669	0.489	0.458434	51494486	51481408	49807228	7980	1662305	1376	51486506	49819103	49805852	49804672	40904799	8899873	0.7483	10507630	2933411	20452	253005	13714498	0.21389124122516187	0.7661694945013664	0.9747	0.9769	17.9596	0.028930082418908678	0.004238842425079937	1.5048481001047587e-4	0.03134732482512081	2.5948257966718644e-5	0.9392038350318379	0.7713722939889351	0.7943529915028184	0.8213044551322414	Retained By Filtering
M301644	0	1	0	Caecum right	negative	MSEB0015	G121eI104Z	L06	NA	NA	NA	Lid8_Covaris_500639	NA	0	15	G121e	ULV2_Half	TecanSI_A_8nt	1.8146	0.0223	2288510	2201396	41382	178677	343276500	326857097	3526910	0.48685	0.480798	0.531698	2201396	2198660	811994	1939	1378759	447	2199457	819901	811547	811514	50256	761258	0.2281	602817	354632	618	492	958559	0.36996366420846294	0.6288783476030166	0.9232	0.9295	15.259	0.038065815749111866	0.01027425413624294	8.472761753280519e-4	0.6024701661779935	1.9532359482807591e-4	0.3546036504100922	0.021960140003757903	0.022829150230126702	0.061928691310316274	Excluded By Filtering
M301645	76	34.37419142056856	4.045392169306753	Caecum right	positive	MSEB0015	G121eI104C	L06	12904.57932	45706.44284	5000	Lid8_Covaris_500639	Success	1	15	G121e	ULV2_Half	TecanSI_A_8nt	1.0601	3.8243	55452570	54092018	644156	1687178	8317885500	8089450674	24704507	0.509143	0.505513	0.478066	54092018	54070602	53413534	16900	651851	1132	54075118	53418751	53412402	53411298	44366114	9045184	0.7526	10687125	2575412	23084	289335	13574956	0.1897178893250188	0.7872677451035569	0.9734	0.9756	17.9662	0.024535418286294033	0.002970046534062052	3.0476495498765884e-4	0.011755108915601206	2.0413841955386377e-5	0.9631888657279546	0.8000731796560556	0.8201970575399867	0.8306503616519486	Retained By Filtering
M301646	68	33.26386615375687	3.905642603982539	Caecum right	positive	MSEB0015	G121eI104C	L06	12938.69788	46308.37052	5000	Lid8_Covaris_500639	Success	1	15	G121e	ULV2_Half	TecanSI_A_8nt	0.3167	3.7494	56994608	55353138	722822	1783656	8549191200	8275716287	27767100	0.51343	0.508951	0.490985	55353138	55326194	54254144	20914	1064617	1727	55332224	54261577	54252417	54251004	44263789	9987215	0.7519	10971790	2722529	23024	286608	14003951	0.194411491442665	0.7834781769801965	0.9736	0.9759	18.0058	0.02880044371916726	0.003247921277044313	3.66946992599721e-4	0.018679258220356564	3.0301111992909927e-5	0.9518620428093829	0.776631168337889	0.7996617824991241	0.8159072779556301	Retained By Filtering
M301647	72	32.708454372934916	4.073982920280898	Caecum right	positive	MSEB0015	G121eI104C	L06	12946.2991	47528.6228	5000	Lid8_Covaris_500639	Success	1	15	G121e	ULV2_Half	TecanSI_A_8nt	0.3786	4.4886	53891842	52613906	669418	1732992	8083776300	7865550506	26978374	0.504421	0.501088	0.486388	52613906	52605512	51893450	4596	707062	1004	52609310	51898450	51892446	51891528	42692298	9199230	0.7482	10667896	2534147	22032	275804	13499879	0.18771627508661373	0.790221601245463	0.9726	0.975	17.9606	0.023712976817530193	0.0033373479174578346	8.528192448868234e-5	0.01312001916727953	1.8629906916152542e-5	0.9628828051562981	0.792184798582316	0.8114261275336601	0.8227219287125251	Retained By Filtering
M301648	84	36.092036495340686	4.0548834405928025	Caecum right	positive	MSEB0015	G121eI104C	L06	12895.09512	48524.79512	5000	Lid8_Covaris_500639	Success	1	15	G121e	ULV2_Half	TecanSI_A_8nt	2.0271	64.8316	43454200	42527928	459238	1716345	6518130000	6350504589	29112092	0.508669	0.505623	0.150454	42527928	42504786	42396074	20298	107158	695	42507630	42397628	42395379	42394718	35211887	7182831	0.7542	8362009	1899505	18333	232176	10512023	0.180698329902817	0.7954709573980194	0.9381	0.9433	18.1311	0.02131605230334467	0.004466325771348531	4.6711250005753184e-4	0.002465998683671544	1.5993850997141818e-5	0.9756184212343111	0.8103218331024389	0.8279709042020575	0.8305725019800816	Retained By Filtering
M301649	0	1	0	Caecum right	negative	MSEB0015	G121eI104M	L06	12425.71368	38690.15684	5000	Lid8_Covaris_500639	Success	1	15	G121e	ULV2_Half	TecanSI_A_8nt	1.1019	0.3783	9652382	9366560	139756	995254	1447857300	1386722457	18886910	0.508737	0.504562	0.630492	9366560	9357232	4435822	7000	4897581	2199	9359560	4459651	4433623	4433468	39738	4393730	0.3979	2157238	1909788	2734	9268	4079028	0.4681968351283688	0.5288607972291438	0.9717	0.9741	15.9472	0.02961155080683711	0.013044731687300951	7.252095907517958e-4	0.5073961018119673	2.2781941286617127e-4	0.4593133591273118	0.004116911245327837	0.004242539416818981	0.008963186381406158	Excluded By Filtering
M301650	0	1	0	Caecum right	negative	MSEB0015	G121eI104R	NA	NA	NA	NA	Lid8_Covaris_500639	NA	0	15	G121e	ULV2_Half	TecanSI_A_8nt	0.2306	0.0056	918150	884746	14298	69870	137722500	131422206	1387041	0.486319	0.480166	0.512605	884746	883560	351992	862	528580	103	883884	354980	351889	351874	65315	286559	0.3179	229380	146855	246	466	376947	0.38959057904692174	0.6085205612460107	0.8671	0.8778	14.9009	0.036381854816751075	0.010071273757011381	9.388444154005337e-4	0.575701138158253	1.121821053204814e-4	0.38324238958775797	0.07113761367968197	0.07382344763355811	0.18562042094613412	Excluded By Filtering
M301651	0	1	0	Caecum right	negative	MSEB0015	G121eI104R	NA	NA	NA	NA	Lid8_Covaris_500639	NA	0	15	G121e	ULV2_Half	TecanSI_A_8nt	3.1377	1.1269	24384664	23574762	480290	894601	3657699600	3522819185	12632705	0.408041	0.402361	0.630649	23574762	23539126	928528	27576	22540473	297	23547186	998653	928231	928152	40077	888075	0.02569999999999999	9582318	356711	886	2172	9942087	0.03587888538895304	0.96381353331549	0.908	0.9156	14.9126	0.03321358047008562	0.003453729497086092	0.001130874716994255	0.9243708668694389	1.2179786442823243e-5	0.03806293988713562	0.0016435330009058153	0.0016999959532995497	0.04317934993406253	Excluded By Filtering
M301652	0	1	0	Caecum right	negative	MSEB0015	G121eI104R	NA	NA	NA	NA	Lid8_Covaris_500639	NA	0	15	G121e	ULV2_Half	TecanSI_A_8nt	1.6245	0.2863	1307472	1248760	23224	143803	196120800	184242665	3260108	0.486022	0.478031	0.538572	1248760	1247362	434066	908	808793	91	1247852	438569	433975	433956	6087	427869	0.2596	346636	206586	474	129	553825	0.37301674716742655	0.6258944612467837	0.9224	0.9288	14.6395	0.044904976932584405	0.016622958911038502	6.944699389355948e-4	0.6185929794290049	6.959996084046159e-5	0.3319046220492676	0.004655549028965821	0.004874435439956437	0.014026767690733622	Excluded By Filtering
M301653	0	1	0	Caecum right	negative	MSEB0015	G121eI104R	NA	NA	NA	NA	Lid8_Covaris_500639	NA	0	15	G121e	ULV2_Half	TecanSI_A_8nt	2.2825	0.0988	1444684	1396550	21448	102783	216702600	207718876	1859976	0.480392	0.474899	0.57637	1396550	1395180	454696	881	935573	245	1395669	459607	454451	454432	6124	448308	0.2675	398111	215142	494	166	613913	0.35044379252434793	0.6484811365779842	0.9378	0.943	14.5704	0.033318012797262236	0.008583081144388669	6.098219402997472e-4	0.6475969831464874	1.6958725922070156e-4	0.31455460155992593	0.00423898928762276	0.004385091833446708	0.013476163650447152	Excluded By Filtering
M301654	0	1	0	Caecum right	negative	MSEB0015	G121eI104R	NA	NA	NA	NA	Lid8_Covaris_500639	NA	0	15	G121e	ULV2_Half	TecanSI_A_8nt	0.593	1e-4	1146734	1103096	21978	85791	172010100	163752424	1853944	0.482616	0.476639	0.546857	1103096	1101782	368260	873	729665	266	1102223	372117	367994	367976	4023	363953	0.3045	312686	173762	362	99	486909	0.35686750501633774	0.6421857061586457	0.9258	0.932	14.5331	0.03805416077311739	0.010778111285325687	7.612925054982237e-4	0.6362983917804826	2.3196312309567868e-4	0.3208904593393062	0.003508224226368103	0.0036470080573223003	0.010932778224666826	Excluded By Filtering
M301655	0	1	0	Caecum right	negative	MSEB0015	G121eI104R	NA	NA	NA	NA	Lid8_Covaris_500639	NA	0	15	G121e	ULV2_Half	TecanSI_A_8nt	0.7829	0.0798	1159176	1103464	25432	79971	173876400	163935890	1694533	0.484312	0.476539	0.55889200000000006	1103464	1101852	355994	1153	741559	93	1102311	360293	355901	355884	7729	348155	0.2407	315902	168234	293	87	484516	0.34722073161670614	0.6519949805579176	0.9345	0.9399	14.33	0.04806172660579584	0.009745618151744573	9.946720774067096e-4	0.639729428490583	8.022940433549349e-5	0.3070146379842233	0.006667667377516443	0.00700430643863325	0.021717750727765227	Excluded By Filtering
M301656	0	1	0	Caecum right	negative	MSEB0015	G121eI104R	NA	NA	NA	NA	Lid8_Covaris_500639	NA	0	15	G121e	ULV2_Half	TecanSI_A_8nt	3.4667	0.2611	1017534	971574	24062	116072	152630100	143086956	2789963	0.481862	0.474339	0.520863	971574	970462	323892	805	643267	117	970769	327195	323775	323766	4770	318996	0.1533	275484	152639	377	125	428625	0.35611315252260134	0.6427156605424322	0.8966	0.905	14.5649	0.04516802386947267	0.018279245050615834	7.911283554161335e-4	0.6321823152838136	1.1498387277476723e-4	0.31818691070765204	0.004687804043894356	0.0049095591277658725	0.014732862623005504	Excluded By Filtering
M301657	0	1	0	Caecum right	negative	MSEB0015	G121eI104R	NA	NA	NA	NA	Lid8_Covaris_500639	NA	0	15	G121e	ULV2_Half	TecanSI_A_8nt	0.8587	0.0416	2942742	2835418	49916	285606	441411300	419978484	5587681	0.494504	0.488699	0.607756	2835418	2832534	1059804	2062	1763460	320	2833356	1069074	1059484	1059426	11238	1048188	0.3592	747609	504554	997	263	1253423	0.4025408820485981	0.5964538707204192	0.9654	0.9683	14.8182	0.03647074735060022	0.01265867230857026	7.007070276633154e-4	0.5992574272566199	1.0874211874503439e-4	0.36001321216742754	0.0038188872826771768	0.003963436784276604	0.01060763092467053	Excluded By Filtering
M301658	0	1	0	Caecum right	negative	MSEB0015	G121eI104R	NA	NA	NA	NA	Lid8_Covaris_500639	NA	0	15	G121e	ULV2_Half	TecanSI_A_8nt	0.6094	0.0367	691094	667946	11304	144843	103664100	97131642	3145105	0.513876	0.509404	0.362217	667946	667242	296372	533	369271	89	667413	297971	296283	296274	7818	288456	0.3734	155072	138332	419	108	293931	0.4706274601862342	0.527579602015439	0.7764	0.7935	15.3384	0.033494719965735484	0.030339384608557833	7.712409599851829e-4	0.5343281811157382	1.2878132352473035e-4	0.42870289714568494	0.011312498733891483	0.011704538989678806	0.026387735677109704	Excluded By Filtering
M301659	0	1	0	Caecum right	negative	MSEB0015	G121eI104R	NA	NA	NA	NA	Lid8_Covaris_500639	NA	0	15	G121e	ULV2_Half	TecanSI_A_8nt	2.3433	0.1959	1241088	1164406	33272	113674	186163200	171839042	3033020	0.480944	0.469859	0.418539	1164406	1162644	362988	1191	794232	195	1163215	368412	362793	362772	20027	342745	0.2347	343538	166137	297	264	510236	0.3256081499541389	0.6732923588300316	0.8245999999999999	0.8384	15.1951	0.061786110251650164	0.016292263992024204	9.596418626237624e-4	0.6399481745049505	1.571202042079208e-4	0.29230159344059403	0.016136647844471948	0.0171993273823735	0.055205473410296274	Excluded By Filtering
M301660	0	1	0	Caecum right	negative	MSEB0015	G121eI104R	NA	NA	NA	NA	Lid8_Covaris_500639	NA	0	15	G121e	ULV2_Half	TecanSI_A_8nt	0.8421	0.1439	896624	863112	14488	146685	134493600	126250461	3371965	0.508499	0.502826	0.482914	863112	862292	377662	594	481944	54	862518	380348	377608	377594	8369	369225	0.17489999999999997	208334	169122	414	117	377987	0.447428086151111	0.5511671036305481	0.8592	0.8705000000000002	15.0125	0.03737575616981031	0.02507156474360118	6.624850550509466e-4	0.5375095915344671	6.022591409554061e-5	0.4211285890183622	0.009333901390103322	0.009696308242730954	0.022164017436717743	Excluded By Filtering
M301661	0	1	0	Caecum right	negative	MSEB0015	G121eI104R	NA	NA	NA	NA	Lid8_Covaris_500639	NA	0	15	G121e	ULV2_Half	TecanSI_A_8nt	1.7593	0.011	1153060	1100854	27558	88679	172959000	163551552	1650513	0.493705	0.486862	0.522528	1100854	1099576	407704	914	688050	97	1099940	411526	407607	407586	10672	396914	0.2804	293926	192359	370	107	486762	0.3951808070473866	0.6038392479281456	0.9104	0.9177	14.7069	0.045276048080759024	0.009542799160494683	7.92673408148752e-4	0.5967165628848455	8.412398314051307e-5	0.3534820390959707	0.009255372660572737	0.009694291886117505	0.02618343122678404	Excluded By Filtering
M301662	0	1	0	Caecum right	negative	MSEB0015	G121eI104R	NA	NA	NA	NA	Lid8_Covaris_500639	NA	0	15	G121e	ULV2_Half	TecanSI_A_8nt	0.2706	3e-4	10388	5180	4858	281	1558200	773014	4847	0.541722	0.503554	0.0512129	5180	5170	4620	6	537	1	5174	4633	4619	4618	3534	1084	NA	948	457	3	18	1426	0.32047685834502104	0.664796633941094	0.1832	0.2119	14.1363	0.5013477088948787	0.0031106404826081375	5.775895263765884e-4	0.05169426261070466	9.626492106276473e-5	0.4445514054678475	0.34020023103581054	0.6822393822393822	0.7652663490688609	Excluded By Filtering
M301663	0	1	0	Caecum right	negative	MSEB0015	G121eI104R	NA	NA	NA	NA	Lid8_Covaris_500639	NA	0	15	G121e	ULV2_Half	TecanSI_A_8nt	1.0596	0.1975	722840	701082	9652	66166	108426000	103945269	1277885	0.488775	0.483894	0.596362	701082	700476	246144	427	452207	60	700655	248269	246084	246080	6731	239349	0.2053	192776	115874	237	59	308946	0.3750623086235135	0.6239795951396037	0.9313	0.937	13.9251	0.030100713850921366	0.011785780163429436	5.907254717503182e-4	0.625597642631841	8.300592108903768e-5	0.34043495102650656	0.009311880914171877	0.009600874077497355	0.027352893368010403	Excluded By Filtering
M301664	0	1	0	Caecum right	negative	MSEB0015	G121eI104R	NA	NA	NA	NA	Lid8_Covaris_500639	NA	0	15	G121e	ULV2_Half	TecanSI_A_8nt	3.7502	0.2354	2985442	2915594	36302	381654	447816300	430567401	6848201	0.506785	0.503696	0.620923	2915594	2912754	1182970	2170	1723322	370	2913424	1189432	1182600	1182572	6465	1176107	0.2406	722783	552866	1169	321	1277139	0.43289414856174624	0.5659391812480865	0.9622	0.9654	15.0295	0.023396200629588516	0.015292433526872514	7.268605452726933e-4	0.5772418288481237	1.2393474735064355e-4	0.3961128703890412	0.0021655084908700287	0.002217386920126739	0.005466897575792425	Excluded By Filtering
M301665	0	1	0	Caecum right	negative	MSEB0015	G121eI104R	NA	NA	NA	NA	Lid8_Covaris_500639	NA	0	15	G121e	ULV2_Half	TecanSI_A_8nt	NA	NA	34836	28966	5304	2985	5225400	4290748	55344	0.52548	0.513131	0.160466	28966	28924	17094	34	11778	1	28932	17146	17093	17092	6137	10955	0.4339	5986	5259	2	45	11292	0.4657279489904357	0.5301098122564648	0.3407	0.3737	14.4815	0.16850384659547593	0.010591342289585486	9.760018371799288e-4	0.3380985187736824	2.8705936387644965e-5	0.4906418647376277	0.17616833161097714	0.2118690878961541	0.35905686871050785	Excluded By Filtering
