microsample	total_before_filtering.total_reads	total_after_filtering.total_reads	total_low_quality_reads	total_adapter_trimmed_reads	total_before_filtering.total_bases	total_after_filtering.total_bases	total_adapter_trimmed_bases	percent_before_filtering.gc_content	percent_after_filtering.gc_content	percent_duplication.rate
M300001	8980418	6963336	720698	2485512	1347062700	999281872	114937609	0.47032	0.423829	0.436531
M300002	14558836	12373596	655122	3488038	2183825400	1789291038	149596698	0.448213	0.412492	0.555286
M300003	12901846	11998988	382512	2691576	1935276900	1736382137	90067001	0.434136	0.420169	0.580771
M300004	9480700	8562482	500656	2441994	1422105000	1216386868	90096435	0.464202	0.452458	0.167839
M300005	16030760	15518886	220588	3814247	2404614000	2222953349	121701267	0.460772	0.455389	0.590718
M300006	9540676	9176244	103098	3002677	1431101400	1289412583	105887732	0.498022	0.49374	0.105934
M300007	6160042	5027742	76398	5603475	924006300	564751746	267965627	0.550175	0.544956	0.104046
M300008	16264504	15391722	127396	5340839	2439675600	2163889654	197612794	0.468792	0.457018	0.117516
M300009	11621060	10131610	964112	2289652	1743159000	1459549931	79359482	0.439858	0.424243	0.127637
M300010	20527732	9854254	526346	10134737	3079159800	1435741132	653211925	0.575427	0.408382	0.7788
M300011	12748102	12204644	275400	2459901	1912215300	1761026986	83990150	0.422571	0.415375	0.331419
M300012	12384654	11426862	417856	3218762	1857698100	1631629461	112484275	0.439668	0.42475	0.632707
M300013	10945474	10513528	183332	2574735	1641821100	1504386404	87677430	0.430028	0.422689	0.258217
M300014	12404296	12062060	128550	2219233	1860644400	1751701056	71778789	0.448683	0.44348	0.139488
M300015	9165420	8895334	98312	2744145	1374813000	1257566242	89086428	0.493792	0.490407	0.105416
M300016	23770006	207008	71032	22975679	3565500900	28414927	1643882143	0.73905	0.450359	0.933078
M300017	12805574	11131044	1077860	2278128	1920836100	1611960180	80154205	0.438383	0.423151	0.151739
M300018	12231988	11389836	449260	2376216	1834798200	1645332365	80076972	0.423281	0.411397	0.377797
M300019	13595098	13155870	221276	2788777	2039264700	1897786728	87096508	0.420319	0.413809	0.598324
M300020	10523242	9689330	457368	2617722	1578486300	1378466293	92649596	0.439301	0.426463	0.3247
M300021	18537400	17982498	188574	4163454	2780610000	2580917383	139901004	0.426927	0.420353	0.237561
M300022	14548526	14234174	129476	2858270	2182278900	2058571055	89136494	0.466696	0.463202	0.116928
M300023	23566226	87756	101508	22990626	3534933900	7330306	1649261404	0.737962	0.559672	0.901449
M300024	10872986	9893482	84920	3194730	1630947900	1409913482	136988462	0.486214	0.46607	0.140046
M300025	12002124	11215982	219762	2519258	1800318600	1618202311	100605064	0.436763	0.423692	0.142642
M300026	18690640	13532208	437854	6455844	2803596000	1963264621	371437047	0.509525	0.430633	0.484484
M300027	15152610	13170446	1212344	2712550	2272891500	1906581172	97275271	0.467537	0.450321	0.145264
M300028	16193482	14034060	1130426	3632713	2429022300	2012218063	143458560	0.464094	0.444367	0.147195
M300029	201214	984	2894	185570	30182100	97543	13253013	0.740388	0.497709	0.758228
M300030	19283752	7951200	128848	11716017	2892562800	1170261793	806360821	0.622831	0.457655	0.689985
M300031	12212658	11760392	91242	3588687	1831898700	1660500303	129866305	0.52348	0.521192	0.115457
M300032	15995084	13346550	122986	5412699	2399262600	1901846306	273953647	0.525473	0.489548	0.259191
M300033	24499072	6237128	353108	17556123	3674860800	896033607	1209001058	0.657762	0.42608	0.7725
M300034	14311210	13467188	311322	3709371	2146681500	1914543906	139689225	0.456811	0.447171	0.119732
M300035	20637956	4420616	555640	15350526	3095693400	625697777	1051000635	0.678544	0.471956	0.730955
M300036	16168872	14024362	1146626	3146074	2425330800	2027720596	121954627	0.455163	0.435546	0.174628
M300037	18454292	15936262	1405948	4588518	2768143800	2263257056	175749147	0.493462	0.478881	0.177839
M300038	10255826	10021784	86996	2202304	1538373900	1441810493	71800973	0.502745	0.50057	0.0989664
M300039	21576158	20497172	190310	3324051	3236423700	3004020620	131136063	0.460845	0.448995	0.183209
M300040	10292538	10059088	86768	1609602	1543880700	1465604970	53144763	0.442813	0.438786	0.108675
M300041	13876428	12816530	380558	3313879	2081464200	1834459654	131299627	0.447898	0.436088	0.121193
M300042	12021994	11359730	290228	2369736	1803299100	1637385274	88943224	0.447595	0.439394	0.111935
M300043	12910752	11100712	1068404	2763810	1936612800	1591228952	105406064	0.481932	0.464807	0.135065
M300044	15527238	11841336	1349686	4595560	2329085700	1691085610	217304884	0.493692	0.448543	0.42136
M300045	14600750	12461698	1266652	3171467	2190112500	1782363755	121310547	0.478731	0.462573	0.126216
M300046	12097248	11768732	93624	2660982	1814587200	1689847976	92304204	0.487799	0.484375	0.111658
M300047	10766638	10404834	120956	2669574	1614995700	1486461568	90962180	0.491424	0.487365	0.108113
M300048	23460530	10601474	161076	13805882	3519079500	1535696580	912152304	0.59587	0.422957	0.627443
M300049	13921958	12727482	268556	4280396	2088293700	1793060954	179390214	0.46266	0.448175	0.136588
M300050	28499640	8026408	320468	20111178	4274946000	1153306191	1379852906	0.651502	0.430671	0.732393
M300051	36204794	1464468	385410	32148912	5430719100	202295863	2283498237	0.728716	0.462381	0.881393
M300052	10513540	9015288	540878	3249205	1577031000	1269521093	141477404	0.485214	0.46267200000000003	0.135771
M300053	17450986	15599380	1066546	3553377	2617647900	2241957733	134174539	0.447488	0.434793	0.157285
M300054	18523602	16933690	165464	3425772	2778540300	2479254862	156699598	0.492384	0.472122	0.260716
M300055	16779448	16203494	201718	3429871	2516917200	2341118973	114699752	0.489614	0.484617	0.127127
M300056	34814884	215236	260012	32469493	5222232600	29628619	2319796145	0.747361	0.517943	0.818123
M300057	10021600	9458236	150292	2122878	1503240000	1364086000	81862195	0.439319	0.428035	0.10673
M300058	16481720	13923130	233952	4200120	2472258000	2026212121	213780499	0.492952	0.452543	0.262606
M300059	12924216	11628504	740436	1931624	1938632400	1697666807	69858187	0.46308	0.448373	0.123452
M300060	36545236	7404090	681068	27630446	5481785400	1072642253	1923218835	0.682494	0.468952	0.847186
M300061	15073916	11310542	988426	4214297	2261087400	1643013926	220794527	0.530394	0.479376	0.631307
M300062	11079506	10842676	90672	2012524	1661925900	1570952738	65819456	0.504889	0.503246	0.114963
M300063	24738246	17131490	224376	9637534	3710736900	2493030115	581023134	0.562775	0.487443	0.465983
M300064	10482524	9968212	101494	3079448	1572378600	1407609018	116974953	0.461727	0.452392	0.103139
M300065	36941036	723818	333138	33224354	5541155400	103223812	2371606972	0.734701	0.432183	0.903333
M300066	11471560	10735008	193498	2775739	1720734000	1534144697	112814143	0.459742	0.448441	0.115997
M300067	792264	704936	54976	117431	118839600	103069916	4208528	0.455823	0.443191	0.00966597
M300068	18429346	16389174	1119420	2767116	2764401900	2396173056	102529780	0.472276	0.455626	0.151208
M300069	15094664	13294060	1191218	2274057	2264199600	1936661930	76325089	0.465817	0.454492	0.278556
M300070	17340138	17016654	151380	1928729	2601020700	2503394525	60314714	0.473429	0.471165	0.124645
M300071	13884648	13528926	119046	2377966	2082697200	1964342249	81464046	0.48556	0.482426	0.117436
M300072	13709166	13151110	104954	3945118	2056374900	1861126393	143995658	0.453757	0.445916	0.116674
M300073	10769596	9586992	841754	1594716	1615439400	1397239277	51519523	0.454538	0.444626	0.17913
M300074	14218618	13470656	478952	2428282	2132792700	1956030416	76532123	0.43613	0.4298	0.208601
M300075	11100396	10730734	201374	1912828	1665059400	1558176954	60548481	0.431764	0.426953	0.155329
M300076	19372226	17383208	417386	4078242	2905833900	2535633270	174802625	0.441871	0.413834	0.658168
M300077	19553940	19127796	267516	2752010	2933091000	2800966154	74520902	0.469659	0.466577	0.680662
M300078	10173432	9886310	79770	2069787	1526014800	1426636100	70925296	0.456077	0.451148	0.112918
M300079	6883978	6657242	50456	1993322	1032596700	942055199	69303449	0.492749	0.488822	0.0914524
M300080	30627072	1571396	138766	28363792	4594060800	222435512	2015812591	0.727995	0.483169	0.873902
M300081	33358116	128798	825630	25830407	5003717400	18126751	1835941912	0.737917	0.425937	0.867035
M300082	15281704	14628660	341386	2849701	2292255600	2116941110	93802053	0.437285	0.430845	0.314392
M300083	14032604	13526802	239252	2243644	2104890600	1972085778	71564735	0.453784	0.447743	0.653126
M300084	15561424	14853128	318938	3434605	2334213600	2132436512	119568166	0.452836	0.44661	0.192451
M300085	28764486	8125310	17166612	11787385	4314672900	1164859928	402940679	0.719403	0.512654	0.312659
M300086	20721666	11940804	145954	10907508	3108249900	1718447732	674060398	0.574693	0.454881	0.524801
M300087	9400702	9110906	74810	2369765	1410105300	1302288217	79654185	0.473227	0.468295	0.100585
M300088	14862878	14326296	105362	3951369	2229431700	2038396583	141705316	0.500891	0.497828	0.117296
M300089	12518040	11247276	457602	3706772	1877706000	1589721911	150196626	0.464554	0.452526	0.271493
M300090	16649960	15875584	442304	3049378	2497494000	2304780817	92316308	0.431752	0.424064	0.699736
M300091	18180152	17671124	253128	3292340	2727022800	2561466605	104055388	0.44532	0.440886	0.233475
M300092	14112668	13469410	374960	2626604	2116900200	1950594317	83224577	0.426899	0.420176	0.483686
M300093	18031322	17634730	137554	3580521	2704698300	2546459235	115566068	0.444526	0.44027	0.21531
M300094	9939906	9493980	79104	2918898	1490985900	1341385013	108996629	0.501999	0.496377	0.0976379
M300095	18460162	16861760	129552	4793783	2769024300	2434952070	196547884	0.520629	0.502608	0.235303
M300096	8604534	8371020	55258	2515500	1290680100	1186735061	81718011	0.511362	0.509457	0.118075
M300097	11254704	10481786	212118	2936819	1688205600	1493350369	117730311	0.466451	0.458362	0.108265
M300098	11498414	10696746	309168	2234357	1724762100	1545920292	89608319	0.450321	0.440165	0.110722
M300099	14424788	10533418	1106282	3518116	2163718200	1540239361	190641576	0.494522	0.430848	0.628029
M300100	13185376	11316724	1190366	2732071	1977806400	1625154433	100618522	0.48538	0.470698	0.188993
M300101	15088484	13732342	939706	2373388	2263272600	1997261493	76404144	0.449124	0.440768	0.566763
M300102	10421610	10074852	79286	2104036	1563241500	1452748727	77712547	0.478514	0.473773	0.102251
M300103	19790990	5988402	112034	14470581	2968648500	857227048	980490028	0.661781	0.482891	0.772516
M300104	6351196	5684254	45704	2903845	952679400	772844487	124963823	0.496636	0.484403	0.0849793
M300105	8943068	8577526	168656	1513118	1341460200	1246260838	52574610	0.465014	0.46012	0.110734
M300106	28020670	1599246	360696	24213580	4203100500	228325954	1716619259	0.723972	0.460144	0.880902
M300107	13959186	12228344	1125674	2447517	2093877900	1769301809	88613973	0.45888	0.445204	0.217775
M300108	23044288	11133044	1218196	10457838	3456643200	1626898858	683214871	0.576176	0.427558	0.729518
M300109	16942696	15445478	1028722	2619092	2541404400	2246811274	85264405	0.488635	0.480384	0.288504
M300110	19854328	18265730	155552	3358627	2978149200	2683040904	155692100	0.460963	0.439507	0.334852
M300111	13278156	12694994	90084	3489181	1991723400	1803638761	136408801	0.497852	0.49254	0.102679
M300112	18615480	1398066	108884	16583687	2792322000	201551579	1175319831	0.730489	0.511494	0.782169
M300113	17157322	15914370	381714	3343441	2573598300	2307998582	132796400	0.443638	0.429376	0.274673
M300114	15782872	14506492	412812	3993136	2367430800	2068398442	165721795	0.466686	0.45625	0.113165
M300115	16631122	14289674	1410130	2765663	2494668300	2078115345	102257357	0.460178	0.44172	0.513616
M300116	16349930	14136178	1533062	2446275	2452489500	2056597740	82212224	0.461606	0.447074	0.160716
M300117	18068494	16702318	881298	3237489	2710274100	2419204912	105828681	0.497257	0.489458	0.639043
M300118	16848310	16493224	138360	2339549	2527246500	2412903724	76034877	0.468668	0.465646	0.122636
M300119	11590434	11280340	92894	2333577	1738565100	1626852146	80607145	0.486876	0.483512	0.0970059
M300120	10016502	9583036	79290	2762480	1502475300	1360796945	102067777	0.503676	0.499753	0.112344
M300121	34896470	121480	282130	32095298	5234470500	16341908	2294723819	0.739935	0.451662	0.934282
M300122	25304000	9768950	329730	16751005	3795600000	1375007330	1094824339	0.626686	0.454406	0.78381
M300123	12997730	11610780	907764	1955592	1949659500	1690413584	66451581	0.443188	0.42947	0.174186
M300124	33480536	10645220	1098132	19998608	5022080400	1566157028	1376778871	0.630428	0.417139	0.808193
M300125	17155430	14846860	1612928	2601070	2573314500	2159081930	85172045	0.447361	0.432873	0.565971
M300126	12559810	12186086	99982	2283734	1883971500	1764507780	83008840	0.466658	0.46204	0.111981
M300127	17121052	13008702	121406	5439172	2568157800	1904028721	319734309	0.506881	0.435635	0.472454
M300128	8041954	7779382	59392	2053597	1206293100	1110732327	70691918	0.496752	0.493525	0.103176
M300129	15364092	14565776	121120	4210617	2304613800	2064226956	169643363	0.460341	0.452378	0.104969
M300130	12697890	12122656	118598	3119178	1904683500	1727857676	123567002	0.460877	0.45418	0.10302
M300131	22671402	7965362	617660	14806424	3400710300	1137614127	991048564	0.637831	0.46587	0.775479
M300132	15990340	14487756	905712	3192609	2398551000	2086901146	115218610	0.474274	0.463301	0.14798
M300133	15980894	14094666	1248214	2876949	2397134100	2035705665	101750148	0.467943	0.454551	0.301296
M300134	16126984	15102022	121148	4353032	2419047600	2157102482	171170408	0.506137	0.49471	0.2447
M300135	20956034	20023644	147384	4776644	3143405100	2881665514	176923267	0.489576	0.481307	0.188041
M300136	16751622	14270666	144990	4076590	2512743300	2085222316	215461317	0.507673	0.471413	0.284705
M300137	24495282	23598132	268154	4964031	3674292300	3404129282	179389339	0.460453	0.455371	0.137855
M300139	10418558	8900342	697274	1822575	1562783700	1300735934	78119217	0.470045	0.444237	0.370703
M300140	10330596	9048202	739176	2340485	1549589400	1295626615	90606643	0.480403	0.468407	0.172783
M300141	14268548	12888024	956750	1981808	2140282200	1882716605	62556484	0.460378	0.449077	0.60582
M300142	15282266	15011410	101238	2492838	2292339900	2184260978	79277738	0.491473	0.48971	0.127721
M300143	10906658	10595868	81312	1901390	1635998700	1536463312	69406504	0.484341	0.480739	0.115885
M300144	20478566	1195392	105108	18401993	3071784900	175668162	1312458558	0.728157	0.518688	0.900598
M300145	2997350	1787578	43168	2641266	449602500	207257211	142528474	0.555019	0.486175	0.181682
M300146	5776516	5012990	101420	3496090	866477400	661639409	135735584	0.488967	0.459637	0.136457
M300147	6891360	555498	127432	6530794	1033704000	48136413	465572392	0.677569	0.475384	0.603373
M300148	37737120	294	330084	32428610	5660568000	34600	2323500649	0.740606	0.471012	0.930058
M300149	112	0	0	104	16800	0	7438	0.744524	0	0.571429
M300150	8812214	8303860	55130	2670120	1321832100	1172977734	105228432	0.485705	0.476432	0.115633
M300151	17613836	16384558	148608	3760666	2642075400	2373700784	159096945	0.470659	0.454698	0.158827
M300152	35965974	10734	224644	34112742	5394896100	1229634	2444155265	0.741267	0.409426	0.94226
M300153	43773792	98882	256162	40969601	6566068800	13101730	2933041616	0.740507	0.43952599999999997	0.943819
M300154	7094176	5018008	103960	5208393	1064126400	643143120	245725455	0.539983	0.470321	0.284257
M300155	33702146	208	172454	31098639	5055321900	25673	2229369206	0.74225	0.46917	0.923147
M300156	9739368	2716490	231686	8953128	1460905200	304258140	563443143	0.64942	0.453727	0.606391
M300157	45260	0	120	41538	6789000	0	2970348	0.742019	0	0.835882
M300158	21293430	1645198	105862	19224431	3194014500	229153460	1356440994	0.720571	0.478361	0.871396
M300159	18659634	15979218	123936	4891235	2798945100	2325726533	246567735	0.496343	0.458231	0.22467
M300160	10759396	10158768	85250	3847922	1613909400	1413966464	147142596	0.508024	0.503189	0.116538
M300161	4630268	3162632	54270	3633342	694540200	391147926	182584736	0.523189	0.464234	0.176377
M300162	50480078	290704	334934	46754465	7572011700	39789950	3342840191	0.739306	0.427558	0.94034
M300163	14284258	570564	120844	13530241	2142638700	49491692	967184610	0.710285	0.464315	0.783189
M300164	5022228	2460246	130774	4708598	753334200	266378584	274266041	0.573979	0.472883	0.310543
M300165	2422	0	2	2337	363300	0	167596	0.74213	0	0.799339
M300166	8268646	7700128	51702	3240745	1240296900	1063137601	129382506	0.517705	0.510777	0.130445
M300167	27435442	4967338	163808	22634087	4115316300	704155234	1568463325	0.70143200000000006	0.526936	0.786092
M300168	9261324	8616652	72312	3714197	1389198600	1185594173	147720333	0.520443	0.514508	0.0952749
M300169	10302004	9415964	265540	2849965	1545300600	1336388552	117591787	0.465798	0.454307	0.0985931
M300170	18920926	16708484	596902	6680527	2838138900	2324987985	292676425	0.492635	0.480435	0.139185
M300171	29147140	2931090	580400	23951523	4372071000	416124273	1682503478	0.712503	0.485352	0.850126
M300172	946322	720828	88272	152577	141948300	105419984	7061317	0.483186	0.435223	0.362384
M300173	23436572	20782294	1762642	3526480	3515485800	3023830375	116618834	0.479135	0.467933	0.231417
M300174	27524096	12825950	192858	16414383	4128614400	1839647585	1064530419	0.628228	0.503757	0.764779
M300175	19816940	11267648	146972	11319315	2972541000	1579135472	678005257	0.608485	0.515342	0.645181
M300176	13901172	13411432	116054	3842983	2085175800	1900624484	137735225	0.496831	0.492965	0.114828
M300177	43801700	73034	397190	39940688	6570255000	9803311	2861425617	0.740242	0.467516	0.898474
M300178	41962122	1345350	425912	37201862	6294318300	193711202	2650260036	0.730653	0.425259	0.895641
M300179	21189934	18313588	1631846	4519261	3178490100	2631605262	170478328	0.472593	0.45523	0.191979
M300180	49205680	331708	455494	44352627	7380852000	46428214	3170676741	0.738977	0.480925	0.92647
M300181	15089656	12807096	1537480	2336984	2263448400	1859485753	79984335	0.482176	0.469098	0.229595
M300182	15111014	14603680	120618	3006818	2266652100	2108009961	109919145	0.471761	0.466512	0.100045
M300183	12265394	11860960	95488	2505184	1839809100	1710681969	90482015	0.487625	0.483219	0.105239
M300184	12887746	12473936	109620	3373846	1933161900	1777256975	114937723	0.5005	0.496783	0.118511
M300185	14921722	13997510	427328	3141936	2238258300	2014522665	113795261	0.45708	0.448482	0.108779
M300186	9369142	8451290	230336	3252725	1405371300	1176493774	138487462	0.485436	0.472973	0.108551
M300187	15378876	13290198	1204578	3575117	2306831400	1898148032	137647340	0.47278	0.458277	0.163541
M300188	15532194	13296720	1323978	2970286	2329829100	1920851170	107622154	0.480407	0.461563	0.171126
M300189	20490726	7979666	1403722	10445218	3073608900	1165383945	692813344	0.603586	0.420634	0.755652
M300190	10304208	10062664	74928	2009111	1545631200	1453813774	67254535	0.453739	0.449287	0.103383
M300191	13470874	13084902	104738	3143585	2020631100	1874579566	108266489	0.51975	0.518042	0.126005
M300192	13527744	893076	67252	12187657	2029161600	125919988	863874851	0.723772	0.483897	0.887454
M300193	2212238	2115258	58570	270957	331835700	310110585	8989286	0.458689	0.454033	0.100646
M300194	7184050	6819290	188430	848312	1077607500	1001353803	30743849	0.453772	0.44701	0.12528
M300195	10264704	9776256	319418	872907	1539705600	1443546445	28625507	0.447527	0.442742	0.132037
M300196	6059824	3804216	102778	3045667	908973600	537149187	173849211	0.565682	0.470903	0.401238
M300197	9521558	7491412	228844	3400949	1428233700	1071286049	166113791	0.518576	0.467087	0.477661
M300198	182	0	10	159	27300	0	10934	0.737985	0	0.637363
M300199	2	2	0	0	300	300	0	0.336667	0.336667	0
M300200	2	0	0	2	300	0	139	0.746667	0	0
M300201	2864544	2755320	58828	343264	429681600	404101018	11759221	0.441032	0.435727	0.121543
M300202	5831382	5528286	152436	822372	874707300	807574254	29725007	0.447548	0.439423	0.131713
M300203	9608794	9215266	139740	1561450	1441319100	1343088806	54296456	0.451495	0.443694	0.166462
M300204	10082570	7316266	214694	3344842	1512385500	1067010012	196531106	0.515671	0.438286	0.353892
M300205	11197904	4796566	185420	6689869	1679685600	692329283	435138293	0.609889	0.440748	0.698778
M300206	29686378	25430	368280	26907923	4452956700	2815868	1888684377	0.741255	0.480177	0.93633
M300207	23523140	9372	340148	21236784	3528471000	1214696	1491035427	0.741454	0.450921	0.908371
M300208	15480	118	228	13368	2322000	15574	935148	0.738329	0.425453	0.79186
M300209	193676692	182635994	7101872	20786063	29051503800	26847072206	677178123	0.441813	0.434812	0.192367
M300210	9627830	8954736	442388	976379	1444174500	1317810948	31607735	0.447316	0.438152	0.131687
M300211	8752056	8098302	411752	955279	1312808400	1190665269	32243026	0.448354	0.438933	0.170305
M300212	6469574	5887628	401746	591070	970436100	867758980	19054503	0.447252	0.4367	0.221343
M300213	12431560	10982044	843210	947926	1864734000	1628650448	40154903	0.440111	0.423382	0.590889
M300214	10422894	8727346	782138	960531	1563434100	1298872728	52968290	0.455058	0.426216	0.607134
M300215	21246130	515466	540372	18604863	3186919500	73965447	1299620881	0.732766	0.416273	0.880178
M300216	7808790	7142604	132806	1189086	1171318500	1051931650	52196195	0.457135	0.435746	0.521929
M300217	5812084	5479364	218688	515285	871812600	808654309	16503662	0.434214	0.427338	0.140991
M300218	9038962	8181470	591576	971935	1355844300	1202246198	32215270	0.4427	0.43285	0.122702
M300219	11565776	10896024	446318	1052384	1734866400	1608169398	32393795	0.434257	0.427057	0.228307
M300220	9150298	8230372	471220	936386	1372544700	1216117611	37552302	0.440896	0.423658	0.486219
M300221	9517462	8304100	872834	627369	1427619300	1230520308	18583801	0.440742	0.429055	0.502334
M300222	15201310	8247656	845634	5775657	2280196500	1228285463	392755977	0.549688	0.416835	0.733029
M300223	24209052	102604	528506	21737460	3631357800	14408335	1522566565	0.739849	0.441517	0.912835
M300224	9938618	8537984	703858	989325	1490792700	1265126201	45774010	0.438135	0.413652	0.570529
M300225	1260	766	70	960	189000	90892	53861	0.502577	0.445034	0.0857143
M300226	10571678	9446850	746894	1201246	1585751700	1385900921	39934635	0.434439	0.421247	0.225132
M300227	7992248	7132766	583004	900576	1198837200	1046580988	29359762	0.43406	0.422698	0.445723
M300228	9975648	8733036	840480	1153916	1496347200	1280533074	37764785	0.43817	0.424277	0.578415
M300229	10671446	9135806	984756	1403575	1600716900	1335628874	47689687	0.443202	0.425567	0.61607
M300230	6442896	5518994	583292	1087048	966434400	801030886	39146887	0.451372	0.430855	0.599698
M300231	2738338	1857016	306064	1180257	410750700	253970573	58795564	0.558279	0.488706	0.655183
M300232	9561316	8253940	925006	889678	1434197400	1215933605	27332710	0.433804	0.418308	0.578744
M300233	3454630	3261002	36580	1205227	518194500	454764758	45330219	0.493664	0.487959	0.127468
M300234	4917960	4658854	58466	1618971	737694000	652877976	59623478	0.497599	0.492794	0.121881
M300235	5312334	5072068	59576	1659265	796850100	714220286	58810205	0.496271	0.491743	0.118633
M300236	5757768	5475582	68664	1856786	863665200	769138995	66542232	0.496748	0.491628	0.149636
M300237	7244230	6652256	73548	2335842	1086634500	941003057	91041274	0.508102	0.493285	0.295808
M300238	5880950	4754730	54436	2405752	882142500	669796105	114941893	0.53574600000000006	0.493375	0.53531
M300239	11817978	797360	138548	10764167	1772696700	95564941	743105004	0.717341	0.447791	0.873283
M300240	19922318	19043624	171690	3636434	2988347700	2760563129	145094806	0.482302	0.477319	0.331506
M300241	5748904	5452768	64350	1808844	862335600	767269798	66513810	0.49089	0.485226	0.144712
M300242	5854236	5629156	64606	1565610	878135400	801361246	53622851	0.492777	0.488449	0.13734
M300243	7373232	7094578	77500	1933576	1105984800	1010937952	66340596	0.491891	0.487271	0.116403
M300244	7412262	7061170	83400	2397955	1111839300	992088605	84733887	0.497237	0.49191	0.155122
M300245	10638018	9648952	103198	3285210	1595702700	1373522467	131864162	0.503838	0.484631	0.456872
M300246	6155304	5830408	80352	1934305	923295600	821663917	68753648	0.490152	0.483851	0.57136
M300247	15368576	1973578	187744	13582801	2305286400	243480579	920437765	0.697995	0.45504	0.834051
M300248	9715246	9163280	102296	2152755	1457286900	1317380606	85588883	0.46949	0.460525	0.261009
M300249	16288600	6280	338694	14322175	2443290000	888242	1000647115	0.741656	0.444439	0.920148
M300250	22975824	876852	755428	18997454	3446373600	120893681	1310315224	0.727902	0.449606	0.886935
M300251	5559634	5100388	167372	1704870	833945100	720968778	64367683	0.481424	0.470073	0.700064
M300252	4830810	1412574	2458062	2163633	724621500	184670289	96624501	0.519292	0.492167	0.375947
M300253	7739272	5538812	1262012	3282453	1160890800	798467415	99825335	0.49056	0.436972	0.687141
M300254	4692310	3818396	73328	2809387	703846500	495491649	135502331	0.450134	0.416279	0.553541
M300255	4643020	3767184	64826	2899376	696453000	484492465	139461573	0.460753	0.428642	0.548761
M300256	22065098	59282	194002	20243249	3309764700	6869723	1424784115	0.741117	0.462524	0.913995
M300257	4476056	4171992	123956	658844	671408400	608973574	27935295	0.445793	0.436403	0.115541
M300258	8912456	8408534	199258	1205220	1336868400	1230272234	50068640	0.443777	0.436169	0.121162
M300259	572054	536854	18700	73537	85808100	78629138	2935907	0.43344	0.426659	0.00675461
M300260	7543640	6887266	163084	1420369	1131546000	1001264574	63318979	0.455458	0.438351	0.180016
M300261	12120104	11343018	286276	1502735	1818015600	1667123938	62967758	0.438646	0.427963	0.434998
M300262	12421772	8853364	197334	4666148	1863265800	1276244270	268951191	0.518801	0.439167	0.672478
M300263	16922774	1627884	221434	14874601	2538416100	204096232	1017224841	0.705578	0.451371	0.847628
M300264	13389746	12996530	108112	2142023	2008461900	1893137601	73222274	0.430736	0.424581	0.249967
M300265	3959966	3713102	149346	529122	593994900	542703270	18953935	0.445854	0.439453	0.122235
M300266	7013978	6722430	165476	859143	1052096700	985307884	29531570	0.445637	0.440269	0.123273
M300267	9419310	9045952	204046	1177508	1412896500	1325468462	40056216	0.444201	0.438848	0.135415
M300268	12957176	12230384	299138	1805903	1943576400	1790977028	67996566	0.44912	0.43897	0.182206
M300269	13794226	13062856	350270	1628186	2069133900	1920068133	59437671	0.44282	0.434928	0.359722
M300270	7617048	3751558	118390	4199752	1142557200	541426789	268938125	0.592134	0.446839	0.683769
M300271	19137010	182044	252430	17609609	2870551500	22809764	1236300823	0.737294	0.453042	0.907721
M300272	9672284	8185478	83150	2802896	1450842600	1182854152	135199650	0.482357	0.440027	0.510314
M300273	3866318	3512348	243538	385561	579947700	516937080	13021837	0.43509	0.424818	0.112116
M300274	8849336	7998690	591730	815580	1327400400	1178945585	27096910	0.436272	0.42469	0.126014
M300275	9599882	8608266	677394	1000748	1439982300	1266271283	33320918	0.435686	0.423989	0.142592
M300276	12263076	10808524	853284	1443718	1839461400	1589959431	55668618	0.440102	0.423663	0.262638
M300277	15088598	13475594	1127812	957948	2263289700	1998540285	32408778	0.428042	0.417629	0.534986
M300278	13816122	11646148	1010388	1758765	2072418300	1720324451	82169901	0.457736	0.43017	0.618416
M300279	19378754	2811306	576212	15679083	2906813100	393303844	1068187301	0.69463	0.45215	0.848011
M300280	12035074	11355910	166062	1754157	1805261100	1667923544	66178327	0.451946	0.439202	0.49079
M300281	2414340	2194644	156390	238899	362151000	323071172	7738981	0.437479	0.428201	0.118042
M300282	7366794	6732236	452022	770824	1105019100	990139373	24604615	0.437564	0.428763	0.122657
M300283	10052928	9344642	477964	1030975	1507939200	1375554422	32690157	0.436174	0.427509	0.157155
M300284	13323126	12088872	783864	1205839	1998468900	1784852269	41592091	0.4367	0.424101	0.381842
M300285	12768072	11417350	935016	728175	1915210800	1695564051	24575705	0.429018	0.418057	0.584988
M300286	10261320	8468012	502616	1917263	1539198000	1246469006	97286607	0.466858	0.425141	0.686892
M300289	20	20	0	0	3000	3000	0	0.499	0.499	0.1
M300290	5902590	5372942	360964	570615	885388500	791365671	18103083	0.4351	0.423189	0.137576
M300291	9200574	8155580	722426	826411	1380086100	1202683331	25143625	0.440916	0.427224	0.446465
M300292	7750626	6973056	532388	829478	1162593900	1024901303	25824474	0.435959	0.424276	0.589232
M300293	6212646	5497574	488872	757212	931896900	805457187	23724516	0.438244	0.425753	0.681261
M300294	6474998	5587532	591090	669831	971249700	821783042	22182427	0.446831	0.43029	0.641627
M300295	2615974	463398	921518	1958067	392396100	50621666	111985755	0.66329	0.520728	0.387893
M300296	5834948	5087952	538156	526127	875242200	750273184	15772671	0.431454	0.41928	0.595998
M300297	2278636	2200156	22610	586033	341795400	313979882	19716260	0.487516	0.483496	0.12208
M300298	3134360	3031584	32824	814120	470154000	432469664	26827119	0.492218	0.488573	0.114249
M300299	4259920	4121492	44186	1084805	638988000	588568285	35475449	0.493086	0.489469	0.127527
M300300	5367104	5051030	55226	1537194	805065600	718496440	56516950	0.496204	0.485868	0.163416
M300301	6343744	5909286	62620	1880365	951561600	839954353	70989254	0.499674	0.48706700000000003	0.263595
M300302	6281334	5463152	59766	2098802	942200100	778266114	91585688	0.514764	0.486122	0.538643
M300303	9873040	606936	92796	9089009	1480956000	71993778	628829891	0.71968	0.442277	0.85932
M300304	5943610	5677818	65852	1036474	891541500	824193447	40087128	0.477813	0.471436	0.18716
M300305	3546728	3444854	33752	767826	532009200	495763327	25373554	0.502148	0.499684	0.147506
M300306	3078930	2990498	31758	669726	461839500	430219861	21836031	0.505064	0.502149	0.122897
M300307	5194470	5055690	52848	1097597	779170500	728760126	34862977	0.506315	0.503849	0.121639
M300308	5859300	5685772	59096	1262899	878895000	819253441	40793237	0.504618	0.501501	0.140376
M300309	6444764	6190104	63866	1505828	966714600	889587421	50994414	0.508175	0.502899	0.2416
M300310	5564396	5043920	53160	1840111	834659400	714635340	72584222	0.519616	0.502706	0.521657
M300311	6804594	1717332	97038	5844644	1020689100	210382976	379019087	0.652938	0.443534	0.67917400000000006
M300312	5420440	5028494	49798	1468284	813066000	715289172	62460416	0.469126	0.458926	0.210418
M300313	20499596	43956	489452	18115281	3074939400	5872703	1266756240	0.740164	0.479353	0.915534
M300314	24573626	210798	791572	20639230	3686043900	29560549	1433212904	0.736764	0.424575	0.903372
M300315	16109544	1629632	1193742	13072324	2416431600	214096665	874641285	0.702371	0.394382	0.776992
M300316	5981946	4616066	424000	1794740	897291900	654130686	99869642	0.537806	0.485514	0.779581
M300317	6467116	4794446	618276	3658637	970067400	669187391	130152629	0.478284	0.411071	0.767885
M300318	4211692	3089642	59742	2996204	631753800	386081940	154604671	0.475852	0.430619	0.446592
M300319	2836056	2185054	46884	1965567	425408400	274046084	97651591	0.463842	0.423295	0.456536
M300320	12614734	24152	129634	11495603	1892210100	2459893	808604221	0.741097	0.44405	0.919942
M300321	3245414	3064574	97620	482858	486812100	446850463	17273967	0.457754	0.451478	0.125307
M300322	5007860	4749466	141072	656563	751179000	695031173	23660641	0.453146	0.447058	0.117657
M300323	7188974	6863582	153926	1003663	1078346100	1003177350	36238780	0.455624	0.449807	0.119564
M300324	7678748	7144824	185568	1217977	1151812200	1043389691	49267583	0.461073	0.448889	0.174169
M300325	8013590	7305934	152054	1498910	1202038500	1064998180	65694366	0.464834	0.445532	0.387254
M300326	8008962	6171728	127626	2697490	1201344300	889974088	145633117	0.512996	0.45422	0.64872
M300327	20117796	1122072	270160	17866497	3017669400	144777471	1236642337	0.722624	0.46189	0.90317
M300328	11506678	166340	120282	10605301	1726001700	18807726	744707914	0.736061	0.441922	0.886586
M300329	3373564	3192104	122662	358750	506034600	469311215	11799799	0.457832	0.453382	0.148132
M300330	5940180	5614822	215460	594380	891027000	826996628	19279915	0.458009	0.452163	0.139098
M300331	7526770	7205564	202654	754593	1129015500	1061792581	23914738	0.456274	0.451216	0.129321
M300332	7813882	7315194	205518	953787	1172082300	1077247486	36186964	0.460763	0.449917	0.188476
M300333	7428250	6853780	180476	1092307	1114237500	1007066433	43866422	0.467283	0.451282	0.355386
M300334	10675342	3799376	204676	6924148	1601301300	548168861	456614881	0.636458	0.456234	0.769053
M300335	14704174	283244	222682	13269786	2205626100	38512655	928620552	0.735009	0.441298	0.915924
M300336	10888682	969980	111184	9584720	1633302300	126997017	660217395	0.710068	0.415531	0.841097
M300337	2539158	2255636	199706	256527	380873700	331742943	8735992	0.450307	0.437807	0.109287
M300338	7203996	6434670	518474	752793	1080599400	945982021	25295167	0.451789	0.436899	0.115827
M300339	7117924	6399706	471792	722038	1067688600	941672458	24710232	0.449228	0.435196	0.140059
M300340	9158122	7437884	702684	1619616	1373718300	1090420904	79684090	0.47174	0.437505	0.261343
M300341	7909698	6644990	583938	1272864	1186454700	973819201	55991586	0.448023	0.419817	0.561197
M300342	7155064	6355296	444696	1160991	1073259600	926281589	42502088	0.413675	0.396584	0.195084
M300343	14914480	2895388	534510	11219962	2237172000	414082002	764016283	0.668286	0.404204	0.853659
M300344	19548306	119580	195832	17864165	2932245900	12658875	1255808364	0.739069	0.454149	0.920452
M300345	2223634	1989562	168212	229333	333545100	292634073	7539237	0.440184	0.430569	0.122405
M300346	5793982	5210746	405044	649587	869097300	765131608	21220859	0.442337	0.430707	0.119973
M300347	5668506	5223930	305826	540744	850275900	769879871	17085587	0.431149	0.423058	0.205809
M300348	9105920	8069054	609940	990146	1365888000	1188968496	37666343	0.439815	0.424716	0.406957
M300349	11550854	9981290	683116	1761890	1732628100	1466471232	76087085	0.451049	0.426114	0.653738
M300350	8126254	5797510	492770	2241384	1218938100	850020524	128509747	0.49858	0.424061	0.759099
M300351	13193158	572826	321796	11584487	1978973700	80860606	807121474	0.72527	0.412239	0.883989
M300352	6603404	1419684	84390	5754248	990510600	168152237	371871592	0.676637	0.475964	0.736961
M300353	4923268	4507962	287546	473860	738490200	664092404	15086872	0.438905	0.429698	0.120839
M300354	8400712	7530272	596040	854131	1260106800	1107792720	27181619	0.442283	0.43061	0.166804
M300355	11178448	9990628	806392	1086565	1676767200	1471138188	33839434	0.443081	0.430914	0.507677
M300356	6829928	6127188	478064	716128	1024489200	900873026	22381399	0.439873	0.42937	0.591991
M300357	9256178	8029634	872968	937191	1388426700	1181518397	28279258	0.444512	0.432026	0.623918
M300358	10955182	9535350	1002078	1330961	1643277300	1398422896	44694031	0.443822	0.42927	0.682665
M300359	1770974	1339844	224958	674772	265646100	184360860	29763709	0.445979	0.405786	0.588906
M300360	10605530	563338	131794	9467417	1590829500	70633609	657096521	0.726166	0.46572	0.799598
M300361	3481634	3280516	38156	1280831	522245100	455611458	47762899	0.494563	0.488286	0.109437
M300362	4003902	3802782	44412	1417715	600585300	529689166	51549337	0.501589	0.497077	0.140347
M300363	4186838	3942594	48924	1518470	628025700	548367279	56480366	0.499804	0.493688	0.1096
M300364	2080594	1948558	27338	655245	312089100	274949883	24153714	0.494047	0.484406	0.144675
M300365	6244902	5710900	62780	2365111	936735300	795150468	93455830	0.503435	0.489285	0.283696
M300366	5860956	4862532	59370	2571671	879143400	674730002	117678042	0.525644	0.490555	0.521482
M300367	8624022	2729092	124280	6635585	1293603300	361544082	428671854	0.632388	0.426377	0.722835
M300368	10988394	922310	123084	9704048	1648259100	118238391	667720712	0.7125	0.434784	0.855822
M300369	5479166	5211122	53842	1944064	821874900	726799383	69826573	0.505093	0.500972	0.113617
M300370	4281832	4107390	47052	1184173	642274800	582524942	42190480	0.501932	0.497957	0.109053
M300371	8249848	7961334	87486	2157205	1237477200	1134225629	73305680	0.502592	0.499258	0.14773
M300372	6236892	5949376	67068	1741154	935533800	845228034	61693054	0.501561	0.495623	0.15769
M300373	6277816	5947584	62826	1838211	941672400	843017188	66985601	0.507066	0.500195	0.245216
M300374	5683252	4620080	62766	2225824	852487800	651955120	107331259	0.53057	0.490348	0.504287
M300375	7636552	1996002	115772	6443089	1145482800	246019444	416550582	0.649029	0.442432	0.711063
M300376	17002374	388192	190006	15380565	2550356100	44703880	1075980229	0.735355	0.429298	0.817278
M300377	4218398	177412	72272	3726918	632759700	24559611	259628019	0.730754	0.512448	0.886244
M300378	31278362	329214	764658	27028525	4691754300	46588516	1885002581	0.736783	0.403692	0.890346
M300379	10013968	3103412	427734	6517184	1502095200	432345198	424636732	0.635978	0.445562	0.795316
M300380	11622832	84092	118200	10390945	1743424800	8907953	729610133	0.737374	0.453017	0.905446
M300381	11058622	808330	115794	9650692	1658793300	99881428	665101897	0.713806	0.438843	0.853023
M300382	11039652	719670	120272	9544844	1655947800	89832886	659216299	0.717735	0.448433	0.82176
M300385	364422	1992	50000	337367	54663300	183336	22932543	0.66455	0.565514	0.028467
M300387	1419046	1195166	46966	617494	212856900	162888820	29588356	0.513607	0.50093	0.567867
M300388	73094612	280050	814472	69873841	10964191800	31154538	4893500177	0.74658	0.444326	0.886875
M300389	21825006	53058	455658	21150019	3273750900	7035659	1459323865	0.72497	0.424261	0.109142
M300390	2623744	1742482	219014	1541409	393561600	226896443	84829076	0.571342	0.558296	0.354197
M300391	77954616	579384	746974	75347180	11693192400	67521343	5269958048	0.745562	0.43362	0.915409
M300392	43172944	4654	132560	42163687	6475941600	547511	2958195308	0.749607	0.449511	0.89344
M300393	10962066	8191990	805682	5843897	1644309900	1080139584	297831331	0.538193	0.516599	0.516575
M300394	5763582	3820750	535556	3625495	864537300	488515986	192697750	0.52911300000000006	0.481599	0.450045
M300395	1129116	1024836	25794	293613	169367400	146114710	13376990	0.548618	0.546275	0.470042
M300396	5073412	4263948	59526	2590375	761011800	574798584	119764404	0.545932	0.539372	0.673016
M300397	1258962	749534	116970	934026	188844300	90075615	51834308	0.508232	0.436409	0.293408
M300398	20002584	15200166	1874116	9331713	3000387600	2062545169	451708303	0.5776	0.565311	0.544708
M300399	23947048	710430	331206	22850699	3592057200	79844989	1585060740	0.7306	0.487275	0.785511
M300400	1766212	1099754	140992	1268044	264931800	134635446	70018464	0.512798	0.457494	0.367255
M300402	379312	254316	24042	226961	56896800	32899435	12809653	0.518842	0.480861	0.241242
M300403	23815838	17633930	1051260	11039044	3572375700	2396504155	616308298	0.557235	0.549564	0.51203
M300404	3575538	2907008	153352	1412588	536330700	401227537	73141400	0.543782	0.535035	0.52415
M300406	2500114	1948838	97132	1310214	375017100	259080171	67159157	0.536712	0.523361	0.474854
M300407	538892	313506	51246	410734	80833800	37155885	23097076	0.519159	0.459684	0.261403
M300408	15445414	11848464	677854	6733312	2316812100	1631129669	364060396	0.521898	0.502694	0.532031
M300409	898394	553380	75760	630851	134759100	68059736	35279282	0.538566	0.501131	0.319245
M300410	2132962	1291216	355356	1362629	319944300	162704287	70706235	0.537842	0.462892	0.384619
M300412	956804	488140	50010	743018	143520600	59275772	44424324	0.550947	0.48748	0.209401
M300413	5647046	2762494	99872	4446461	847056900	342351820	273352972	0.552529	0.488028	0.341713
M300414	18194234	15852798	758236	4729932	2729135100	2272419281	224393994	0.478584	0.453387	0.638101
M300415	6453732	5572232	209160	2174618	968059800	782015658	104197241	0.546909	0.542	0.609058
M300416	19308686	15078830	710032	11267701	2896302900	1987440278	535707127	0.452542	0.404396	0.586892
M300417	3273744	3050076	43586	872137	491061600	432951236	37794093	0.524884	0.519986	0.342073
M300419	765964	448384	59486	576629	114894600	53751134	32818218	0.528558	0.475738	0.27365
M300420	3771584	1413730	34260	3336707	565737600	163605138	216245811	0.547528	0.442259	0.13217
M300421	3530964	3398522	30538	874502	529644600	484622001	32675645	0.540496	0.53976	0.304805
M300422	12087938	11613230	176248	1704573	1813190700	1697552877	66041849	0.506754	0.503494	0.608184
M300423	9616282	7580934	447152	2772538	1442442300	1103751230	152720628	0.53254	0.498565	0.217286
M300424	14454602	14182844	137512	1828470	2168190300	2081705226	55125924	0.521848	0.521071	0.695621
M300426	13849412	13387280	201836	1481452	2077411800	1973116245	53011874	0.509502	0.505844	0.632143
M300428	7750760	6390370	82428	3361675	1162614000	881060910	170759539	0.54517	0.53526	0.552581
M300429	32136170	25754	479654	31316940	4820425500	3541011	2176676878	0.724379	0.50497	0.409761
M300430	33286148	32238712	567476	3529263	4992922200	4751077496	118776465	0.449953	0.445315	0.663124
M300431	14595804	8055872	593250	7402987	2189370600	1163059416	475346571	0.586726	0.495585	0.276997
M300432	10018696	9225288	322248	2194905	1502804400	1329234489	90968170	0.555086	0.550195	0.641953
M300433	7487292	7111118	159942	1101326	1123093800	1037644076	45110011	0.454772	0.447752	0.294485
M300434	11104480	10783986	178716	1503371	1665672000	1578579896	48505522	0.539646	0.538237	0.56677
M300435	323986	161084	35868	265103	48597900	18173699	15539355	0.517417	0.430369	0.135969
M300437	8538030	5610564	310080	3301629	1280704500	822287800	202915450	0.564703	0.491508	0.113363
M300438	10702012	4740956	235292	6342808	1605301800	690604591	417500468	0.613245	0.481123	0.239831
M300439	14826342	14609292	159152	1147089	2223951300	2165221505	29902120	0.510547	0.509642	0.207507
M300440	3714656	2736	14916	3523903	557198400	304632	247374784	0.748302	0.437193	0.89888
M300441	11988152	11825146	105758	1481983	1798222800	1738013686	39480206	0.530408	0.529911	0.170968
M300442	17504504	17176922	241450	1679927	2625675600	2535944935	46219171	0.512997	0.511848	0.24017
M300443	16573916	16259964	234222	1379229	2486087400	2405813330	38390600	0.497719	0.496247	0.203261
M300444	8293378	6590572	295514	2498107	1244006700	957267933	131739794	0.538961	0.499414	0.120137
M300445	27227882	26747150	268442	3026950	4084182300	3939206515	87234895	0.531449	0.530758	0.561499
M300446	17044224	16730958	256992	1185921	2556633600	2482530447	30399003	0.508496	0.507392	0.168279
M300447	32145826	31767198	267252	2216518	4821873900	4717367804	54462724	0.558183	0.558192	0.657814
M300448	13973104	13797832	134574	1026079	2095965600	2045981742	26207350	0.501635	0.50082	0.204082
M300449	14935496	14693586	171720	1637202	2240324400	2164708955	44055274	0.51949	0.518725	0.208324
M300450	14119556	13855640	184058	1384936	2117933400	2044027493	39496294	0.51704	0.515924	0.221316
M300451	12938034	11662784	152986	3931966	1940705100	1663004589	164637403	0.516766	0.498895	0.355859
M300452	12346146	11966182	193194	1892920	1851921900	1744941392	63067356	0.514479	0.512242	0.124774
M300453	12567824	12341622	167968	1224072	1885173600	1822224766	32758039	0.520463	0.519617	0.314207
M300454	16399324	16113488	184706	2070467	2459898600	2365944432	57988577	0.530769	0.530185	0.368546
M300455	21129644	20674860	261162	1878198	3169446600	3058364865	56102171	0.443464	0.440449	0.202155
M300456	4307464	4722	14924	4081801	646119600	530197	286549059	0.748203	0.431166	0.895176
M300457	16810226	16195888	175344	2826522	2521533900	2354179642	106703070	0.513397	0.510212	0.152417
M300458	25515480	25095272	332350	1854021	3827322000	3721639224	47896882	0.508647	0.507676	0.215828
M300459	5296798	4333446	165934	1528227	794519700	629592204	78108263	0.533524	0.496903	0.19132
M300460	15162416	14789810	198096	2315224	2274362400	2158768467	71732845	0.512446	0.510612	0.146596
M300461	16635034	16256678	165680	2553913	2495255100	2370391261	83392521	0.541418	0.540856	0.499885
M300462	19693860	19418950	176684	1579924	2954079000	2876930832	42156323	0.528467	0.527839	0.527637
M300463	7529364	7368058	65098	1179856	1129404600	1074768207	37349983	0.53258	0.531743	0.135779
M300464	11397608	11009366	226782	2056362	1709641200	1597016305	65680581	0.527978	0.52624	0.117819
M300465	15022048	14763532	113374	2210048	2253307200	2157203312	67556439	0.523021	0.522051	0.163622
M300466	15604726	15223582	208188	2668639	2340708900	2214852870	80766500	0.522587	0.521296	0.134536
M300467	23518420	23227342	232332	1221385	3527763000	3457921877	29492010	0.508694	0.508011	0.169409
M300468	16980364	16616082	213672	1542602	2547054600	2454341918	48499752	0.515084	0.513767	0.464171
M300469	33731560	33146970	257878	4026183	5059734000	4872322685	122802999	0.539856	0.539371	0.550579
M300470	18133336	17764408	264226	1851788	2720000400	2619426975	52127025	0.524441	0.523491	0.281549
M300471	16085090	15780366	213532	1292063	2412763500	2336520952	36581166	0.509081	0.507865	0.163601
M300473	51492958	50576624	569726	4209377	7723943700	7483929505	125421288	0.536379	0.535572	0.507176
M300474	11176914	10956626	128178	1386170	1676537100	1608879763	40911657	0.536165	0.535567	0.400836
M300475	12659882	12381598	173408	1616232	1898982300	1817819573	46092679	0.484572	0.482976	0.189358
M300476	7714370	6144516	102394	1615295	1157155500	917716381	109657524	0.569884	0.52743	0.57544
M300477	12809818	12256292	123730	678445	1921472700	1833551916	33253449	0.538878	0.530978	0.750938
M300478	511322	359128	12024	156600	76698300	53393555	10882112	0.552349	0.473717	0.488479
M300479	6921556	6591564	75468	347105	1038233400	986718201	19223868	0.530191	0.520921	0.633373
M300480	2120556	1875912	31488	238311	318083400	280617575	15948375	0.493138	0.463916	0.56652
M300481	2070924	602084	56866	1350369	310638600	88742806	98804575	0.669704	0.517743	0.0972996
M300482	15405400	14583090	165246	1034983	2310810000	2179203147	51384177	0.524902	0.514258	0.730841
M300483	6782124	5980814	77112	821445	1017318600	894639472	53646594	0.558872	0.535633	0.618234
M300485	21045266	20549806	182130	741337	3156789900	3073772083	27731724	0.529161	0.525148	0.538704
M300486	14827936	14512074	141512	553575	2224190400	2169383341	17110410	0.539354	0.536168	0.628774
M300487	10001322	6986390	152996	3108522	1500198300	1039083207	214685530	0.592165	0.530332	0.302353
M300488	12506590	11993050	142796	652920	1875988500	1792779047	29720183	0.533584	0.52603	0.494666
M300489	10520558	9953824	115496	780937	1578083700	1485666599	37822701	0.521949	0.510758	0.520349
M300490	14551914	12955904	168596	1833204	2182787100	1932620184	110682965	0.532449	0.507615	0.506311
M300491	925330	814562	13560	131948	138799500	121264325	7586174	0.517383	0.488893	0.471281
M300492	38871280	37713394	359122	1564301	5830692000	5642038514	66568053	0.545875	0.540893	0.354849
M300493	872088	806434	10780	113983	130813200	119664679	5169047	0.500591	0.483218	0.688238
M300494	20325412	19990040	156768	582477	3048811800	2990988971	17111915	0.539155	0.536677	0.320424
M300495	60365954	59122636	640322	1472404	9054893100	8851890516	48245236	0.536059	0.533027	0.573252
M300496	17242532	16927792	174344	435432	2586379800	2533596272	12091367	0.537988	0.535386	0.359306
M300497	26874100	26238482	280740	911912	4031115000	3924764567	31475766	0.534812	0.531003	0.376041
M300498	12438578	12165080	107086	518625	1865786700	1818125677	16434128	0.531025	0.527501	0.395222
M300500	17022702	16702530	157378	550993	2553405300	2498177972	16180086	0.553283	0.550748	0.235061
M300501	16862828	16472136	187392	744242	2529424200	2459927575	21785704	0.53911	0.535623	0.248233
M300502	18409072	17611754	176556	1515240	2761360800	2620998042	61074699	0.539419	0.53159	0.386362
M300503	58430358	57359456	600000	1299144	8764553700	8587641327	37566460	0.53468	0.532024	0.434538
M300505	45914112	44664650	496122	1440415	6887116800	6684133301	61498119	0.538518	0.53418	0.321609
M300506	19308006	19046772	139162	485277	2896200900	2849869622	12306759	0.53059	0.528624	0.237366
M300507	146837102	144190446	1558916	3944803	22025565300	21574981840	104280295	0.538068	0.535611	0.555569
M300508	26092006	25694804	317720	458805	3913800900	3846094792	8526130	0.522702	0.520516	0.206871
M300510	68761348	67114674	957726	4917286	10314202200	9955943678	126862180	0.439008	0.434786	0.0793034
M300511	101520240	99293454	1327758	7809355	15228036000	14712254356	206760220	0.445215	0.441528	0.0812425
M300512	83830564	81771058	1212798	7383106	12574584600	12093016186	193575104	0.444624	0.440177	0.0746366
M300513	88454396	86116648	1239602	19755550	13268159400	12407407918	567899522	0.525657	0.523347	0.0478532
M300514	73367352	71631254	1009532	5905174	11005102800	10608075541	152389682	0.448299	0.444056	0.0847962
M300515	5120504	4840006	91404	1409953	768075600	689045948	48583276	0.463459	0.451058	0.0557414
M300516	105488432	103075550	1370146	11836424	15823264800	15170263282	326639750	0.444634	0.440197	0.0713424
M300517	76521240	74877124	988862	8179013	11478186000	11039933576	212230198	0.48215	0.479024	0.0689892
M300518	61237536	59759268	853258	5695977	9185630400	8823738383	157632148	0.452692	0.448515	0.0811209
M300519	80643930	78737586	1111002	7428146	12096589500	11626204033	205716030	0.44675	0.442438	0.078152
M300520	70863370	69252966	951802	6209810	10629505500	10239040854	172443161	0.468032	0.464745	0.079047
M300521	90338322	87787292	1460198	6728720	13550748300	12998416863	197984294	0.443069	0.438039	0.0934648
M300522	87988854	86078472	1143982	7790636	13198328100	12722577867	218011633	0.476049	0.473052	0.0833321
M300523	106347272	95947940	2163418	30986220	15952090800	13609906366	1353957168	0.481875	0.462267	0.238147
M300524	87619756	85655100	1132008	7045618	13142963400	12676572612	193556365	0.445682	0.441698	0.0877063
M300525	83929848	81877038	1214202	6692568	12589477200	12121940265	179836209	0.446207	0.441888	0.0827392
M300526	72452040	70627796	1020842	6989848	10867806000	10425304287	188589368	0.447602	0.442879	0.0845303
M300527	84409306	82408126	1198506	6597425	12661395900	12204434706	176785525	0.441045	0.436758	0.0755611
M300528	116925964	110575374	1454952	30257122	17538894600	15810923243	1076999788	0.456731	0.442478	0.229561
M300529	79234364	76989320	1218854	6291842	11885154600	11388108475	185762714	0.445941	0.440768	0.0866017
M300530	83088748	80937218	1255144	7684610	12463312200	11941810555	221550145	0.448535	0.443781	0.0749905
M300531	79036836	77046874	1097652	12510990	11855525400	11226464413	374452594	0.50517	0.502302	0.0672275
M300532	82844902	80969634	1098964	7844761	12426735300	11954294650	215907059	0.465783	0.462148	0.0749355
M300533	75125946	73242442	1089214	6088847	11268891900	10838589901	167181352	0.447798	0.443328	0.086627
M300534	14287838	1756570	318544	12470449	2143175700	239488771	839301110	0.725994	0.497992	0.725586
M300535	20129926	5740018	152648	14810510	3019488900	831302579	987173131	0.658361	0.421634	0.697536
M300536	12835058	452194	86444	12211591	1925258700	57412665	826551662	0.754478	0.466986	0.744702
M300537	13171600	136932	144948	12580876	1975740000	17173367	860579486	0.758167	0.477236	0.661946
M300538	12781330	1782542	77098	11049513	1917199500	249992528	742298516	0.712623	0.435279	0.732201
M300539	12608430	623270	104866	11872095	1891264500	79618101	801236217	0.747712	0.468812	0.740051
M300540	19937150	584260	156164	18946298	2990572500	74754813	1277645850	0.757204	0.463424	0.802856
M300541	10069624	266648	80548	9674726	1510443600	31540333	655327924	0.754461	0.441373	0.765421
M300542	72127832	70516620	944882	6603798	10819174800	10416454949	177082621	0.446514	0.442418	0.0785161
M300543	75261968	73545228	1032040	7227619	11289295200	10852625686	199363332	0.451185	0.447194	0.073706
M300544	71455984	69930330	919584	5775276	10718397600	10353185237	151742420	0.445621	0.441876	0.0722596
M300545	76490694	74287808	1197564	6000161	11473604100	10993934296	172879405	0.442859	0.437524	0.0845094
M300546	79276128	76929672	1273860	5147459	11891419200	11412420781	150295696	0.440273	0.43489	0.0888969
M300547	83965244	81715578	1278914	6744937	12594786600	12087034213	197811884	0.44210700000000003	0.437333	0.0832178
M300548	66859544	65136888	989702	4897307	10028931600	9650723252	140539402	0.433207	0.428551	0.0977105
M300549	79699878	77272324	1406702	5681494	11954981700	11449650789	162377751	0.436727	0.431111	0.0912353
M300550	12716848	12442790	158708	1026351	1907527200	1842419307	27401059	0.434185	0.430241	0.0802771
M300551	19729836	1559286	186066	18035334	2959475400	209984620	1216706307	0.739074	0.470963	0.684898
M300552	36788500	573584	148254	35426196	5518275000	68561238	2384744816	0.762632	0.436039	0.840036
M300553	16728192	252118	79984	16098172	2509228800	29961313	1092168162	0.76246100000000006	0.430141	0.82363
M300554	58206558	55131372	813592	7160591	8730983700	8172554896	233140207	0.52468	0.513674	0.321064
M300555	6953168	875760	101914	6031725	1042975200	128745512	390780286	0.745773	0.544339	0.354959
M300556	4510494	1433242	53662	3174783	676574100	210553963	199416057	0.694974	0.525602	0.352143
M300557	41042748	35099682	771902	9910211	6156412200	5150955763	437286325	0.570108	0.539916	0.408156
M300558	3689064	148112	61910	3140566	553359600	20412588	204055768	0.776181	0.559077	0.253603
M300559	45343430	43413546	663192	6146613	6801514500	6405903690	181617755	0.529837	0.522284	0.140972
M300560	42538238	40291514	612994	7044236	6380735700	5923110635	219825716	0.526683	0.516025	0.209627
M300561	47322288	45468196	752032	5279444	7098343200	6731590640	151106425	0.521656	0.514693	0.233104
M300562	46776708	45532388	660468	4315530	7016506200	6756448275	103067261	0.519839	0.515771	0.246612
M300563	49151014	46637910	768838	5225104	7372652100	6926523798	174165920	0.527617	0.51754	0.128353
M300564	3530170	2889258	48156	877176	529525500	427157228	43903045	0.563805	0.519641	0.41457
M300565	3091984	69352	36406	2935613	463797600	9773794	192056683	0.77254	0.569378	0.25962
M300566	37295718	34699290	509330	5963646	5594357700	5119646635	214071573	0.536276	0.521345	0.22982
M300567	42354370	40155832	663216	4857265	6353155500	5956641487	158363184	0.526336	0.516048	0.267695
M300568	3122782	1296578	40676	2446178	468417300	173038816	137936059	0.644036	0.462158	0.28906
M300569	36471496	34568238	595372	4591176	5470724400	5117267240	145597986	0.529317	0.519276	0.202228
M300570	47887038	46393578	656258	3404259	7183055700	6909245498	96277865	0.522208	0.517039	0.29726
M300571	48127476	46487192	701062	3718425	7219121400	6917433451	107335401	0.523516	0.517742	0.366198
M300572	17762784	11546746	353854	6879409	2664417600	1703542015	397155498	0.599426	0.508925	0.3501
M300573	987916	395768	14280	644438	148187400	57628094	39098058	0.678268	0.540815	0.268527
M300574	38821918	37255948	669838	3079269	5823287700	5545317326	92291839	0.518092	0.510936	0.265141
M300575	14669330	29796	260804	13933956	2200399500	3804621	916120478	0.774248	0.609165	0.340404
M300576	40859688	39143594	559322	4513161	6128953200	5803569727	136275414	0.524154	0.516087	0.349328
M300577	46062590	43726358	713878	7122355	6909388500	6432174843	222811494	0.523249	0.513057	0.23347300000000001
M300578	54403128	52777180	672548	6277559	8160469200	7813265835	158011415	0.527825	0.522955	0.315945
M300579	4805708	592876	60918	4130825	720856200	87138193	267494785	0.751112	0.581058	0.316745
M300580	48883918	45201552	795486	5964740	7332587700	6715984468	241359247	0.542675	0.527127	0.261227
M300581	42496670	39865840	770742	4509171	6374500500	5924034502	164935674	0.53423	0.522186	0.444309
M300582	17004980	11053672	360612	4312878	2550747000	1634377418	246241826	0.619522	0.522643	0.133137
M300583	44142262	42459184	766752	2999832	6621339300	6328499962	89013378	0.5226	0.516221	0.285874
M300584	44002346	42854486	683428	2742581	6600351900	6385428280	64185016	0.520009	0.516414	0.220271
M300585	1941852	994076	50124	1051866	291277800	144794967	63285172	0.612573	0.468901	0.304115
M300586	346456	166470	7890	238450	51968400	23020811	13157190	0.682093	0.592691	0.211248
M300587	434392	91978	23424	354239	65158800	12666058	22100041	0.728065	0.582863	0.132885
M300588	100750630	97851774	1454472	13328444	15112594500	14432246746	324862065	0.527133	0.522874	0.48054
M300589	55023522	52091584	884814	6742494	8253528300	7714516125	218945675	0.527283	0.516739	0.29012
M300590	43731716	42410712	743088	4749505	6559757400	6272133004	117904568	0.514503	0.509869	0.339602
M300591	490120	228580	10368	285942	73518000	33356648	17155024	0.693518	0.604534	0.239619
M300592	48707620	46772872	792322	3701184	7306143000	6965414755	114229398	0.519738	0.512575	0.204436
M300593	45125458	43526312	686830	5502145	6768818700	6431298190	148188647	0.519956	0.513768	0.292619
M300594	52001076	49488626	742072	6736321	7800161400	7317341779	211528924	0.528928	0.5194	0.337881
M300595	54883926	52968572	840214	5226722	8232588900	7862408096	142599481	0.51552	0.509457	0.274747
M300596	52777964	50936014	908702	2420586	7916694600	7606662834	80359500	0.519526	0.513865	0.283792
M300597	59786184	58024204	983212	5438710	8967927600	8612130654	130036970	0.519674	0.515382	0.381555
M300598	51932876	50385028	783906	4838035	7789931400	7473021906	123514047	0.519168	0.514413	0.299393
M300599	49738156	48154838	759388	2760294	7460723400	7184003320	83830537	0.524178	0.519109	0.19433
M300600	848944	150618	23678	700017	127341600	21399217	44704016	0.730935	0.539287	0.199641
M300601	7162768	4153800	123762	3795949	1074415200	596841364	209083279	0.691373	0.637648	0.282408
M300602	14329858	12961166	194792	3952750	2149478700	1865854518	153923919	0.477927	0.448477	0.494253
M300603	4827904	2577876	83794	2509957	724185600	377334180	149905199	0.598657	0.449789	0.374753
M300604	10752892	298050	128442	10264201	1612933800	39238335	669386229	0.773199	0.565221	0.150809
M300605	1912394	982374	29280	1092709	286859100	141991409	63806841	0.62075	0.480887	0.365517
M300606	1311520	1051676	19178	485190	196728000	151958601	21487150	0.587469	0.545483	0.438599
M300607	880198	231418	21084	736940	132029700	30426338	44245050	0.718438	0.573644	0.190069
M300608	2422996	1947440	40054	730445	363449400	284625639	35830812	0.47167	0.400075	0.457165
M300609	8833250	6406798	102542	3287394	1324987500	934993756	175318445	0.499459	0.397757	0.442901
M300610	9427188	4551766	111252	5306963	1414078200	669141371	320669263	0.591686	0.396257	0.415105
M300611	5914334	267318	81396	5558919	887150100	38471967	362904478	0.759834	0.469293	0.327783
M300612	8375058	5635824	147282	3310141	1256258700	827980840	186800814	0.547661	0.43741	0.377908
M300613	4225568	396986	69846	3798909	633835200	57150384	246095467	0.746157	0.464218	0.312924
M300614	4655762	175552	57732	4413293	698364300	24666995	287966239	0.767397	0.566714	0.297917
M300615	43791720	48904	429874	42589686	6568758000	6462805	2784347318	0.775523	0.609751	0.470865
M300616	5358532	2330802	122006	3075347	803779800	344636650	193596624	0.621922	0.429426	0.361728
M300617	6526366	3269466	121590	3569290	978954900	479556280	215350024	0.601865	0.433758	0.400527
M300618	11345618	151344	172646	10618075	1701842700	19997833	689285629	0.778537	0.609688	0.324398
M300619	6064888	2877266	87666	3499307	909733200	420149936	210092089	0.595283	0.396411	0.383406
M300620	637182	564126	11528	203582	95577300	80738053	7871507	0.555266	0.531596	0.464062
M300621	26829492	97236	635778	25392025	4024423800	11853057	1703644725	0.764113	0.626046	0.333838
M300622	5652052	4926106	85292	1899965	847807800	703862907	75534191	0.533624	0.500981	0.455324
M300623	3513174	2420780	81840	1477206	526976100	350322625	78392671	0.554091	0.458835	0.408256
M300624	2649582	1614384	41026	1514073	397437300	226634976	79249430	0.622209	0.526564	0.354442
M300625	1105798	910214	18834	534417	165869700	125347772	22568438	0.582534	0.549176	0.39547
M300626	2704082	580236	51678	2158613	405612300	83834741	135559353	0.73266	0.574705	0.28042
M300627	3256580	1261562	64294	2097241	488487000	184296120	128176143	0.653121	0.460396	0.344208
M300628	3991964	3618410	56134	809034	598794600	531100809	31701442	0.46032	0.430016	0.519652
M300629	13639050	12983946	273214	1801907	2045857500	1915584968	53763391	0.464359	0.453373	0.511928
M300630	48206734	45865964	1092316	5125089	7231010100	6788899531	156420366	0.450398	0.439633	0.267447
M300631	8350980	7365776	123698	2654841	1252647000	1060528745	98192122	0.530966	0.500568	0.483355
M300632	857768	251366	21706	669986	128665200	34806025	40420518	0.716427	0.587036	0.251572
M300633	7846360	7013928	108816	1593406	1176954000	1031328580	65949304	0.439394	0.401806	0.499935
M300634	9650450	6663142	165280	4041735	1447567500	972009264	208951065	0.511787	0.394633	0.432962
M300635	582122	243238	28840	404148	87318300	33127782	22876037	0.690045	0.591221	0.22353
M300636	4403574	4069462	74698	908154	660536100	594186144	32823667	0.467453	0.445841	0.507964
M300637	1607570	1456382	33494	329033	241135500	213243466	12078241	0.499511	0.474562	0.466717
M300638	2814026	2617896	25566	652688	422103900	382089913	21369791	0.410661	0.382956	0.450165
M300639	12421758	12245838	90912	3123162	1863263700	1766576132	74838616	0.387876	0.379586	0.405169
M300640	973024	878404	7270	335602	145953600	125883403	11413661	0.411977	0.368235	0.185027
M300641	1360718	955888	24248	552540	204107700	139359427	28568430	0.628143	0.571664	0.391823
M300642	19019236	51972	341264	18071916	2852885400	6784450	1187592129	0.774271	0.566209	0.406129
M300643	338004	225602	13746	179865	50700600	31510390	8375388	0.641174	0.583295	0.327683
M300644	59871342	57772116	913036	8331977	8980701300	8496402536	237379501	0.413886	0.403646	0.537501
M300645	16260754	7864894	286878	8925280	2439113100	1153518460	543180544	0.584111	0.382667	0.403331
M300646	460504	382502	10372	210562	69075600	53230765	8254634	0.609875	0.583269	0.414277
M300647	13995666	13331110	210228	1885761	2099349900	1967030094	59592705	0.419027	0.404173	0.520536
M300648	20482600	20007118	258638	2458290	3072390000	2950312051	62358860	0.39184	0.38515	0.553702
M300649	1312614	226262	39784	1016260	196892100	30829662	63939380	0.746454	0.59383	0.181066
M300650	3722720	1629924	86434	2339159	558408000	236383692	146441089	0.6718795	0.5436755	0.3256455
M300651	48310662	45106344	760664	6399457	7246599300	6679922153	249592894	0.52248000000000006	0.5104655	0.20738045
M300652	55954228	46101282	870128	12008988	8393134200	6845054701	697129394	0.542808	0.5012260000000001	0.17825645
M300653	2095770	263302	54966	1810159	314365500	38475700	126545263	0.7234555	0.518527	0.28658095
M300654	46043684	39833374	846198	8252473	6906552600	5910168373	429546133	0.5455414999999999	0.5057345	0.16350875
M300655	3081280	150796	139012	2862594	462192000	21256224	201308064	0.7507284999999999	0.5773809999999999	0.2724346
M300656	2437718	1861192	53070	711453	365657700	275151882	41911112	0.567509	0.5169600000000001	0.314855
M300657	18083628	12393206	459246	6976489	2712544200	1817704202	412298402	0.5639265	0.4811875	0.30544
M300658	44361260	40554510	559290	8427786	6654189000	5963187236	344077500	0.5299240000000001	0.5113725	0.23795495
M300659	164889484	156324236	2376424	25613742	24733422600	22997357538	849039308	0.5134544999999999	0.5029255	0.1394464
M300660	1426996	414036	23450	1104183	214049400	58926176	73354911	0.7028855	0.5867964999999999	0.24809495
M300661	49054744	47274484	677046	5973589	7358211600	6983015922	172877425	0.5106075	0.5038009999999999	0.2001079
M300662	61759364	57698910	770508	9555735	9263904600	8513143025	364036049	0.531487	0.5192935000000001	0.2114453
M300663	4536478	2000582	275330	2814171	680471700	286781626	181212992	0.695654	0.623652	0.21837225000000002
M300664	36915784	28929498	712740	14868288	5537367600	4133501666	697158614	0.5579324999999999	0.5033115	0.23581415
M300665	5290016	1454432	337358	3728625	793502400	214028266	259784735	0.6724870000000001	0.4571805	0.2411804
M300666	63324914	58903084	979436	6298089	9498737100	8776341350	283106551	0.5231005	0.5096974999999999	0.13813505
M300667	6055878	574510	237670	5373072	908381700	83892351	376484620	0.745249	0.5747405000000001	0.31759865
M300668	61338584	41535730	1069440	21282425	9200787600	6176985282	1371907585	0.582721	0.5063420000000001	0.15707359999999998
M300669	54514270	43504218	954538	12683522	8177140500	6462308727	737331601	0.5539000000000001	0.504005	0.19278974999999998
M300670	45407100	38740692	673666	9220595	6811065000	5741444094	480174395	0.549069	0.5176689999999999	0.280634
M300671	45531580	43881160	609702	3097768	6829737000	6540893287	106574257	0.5132605	0.507242	0.19396359999999999
M300672	54409810	51103046	796058	5945991	8161471500	7593077510	236045738	0.526559	0.514914	0.260642
M300673	42141018	39517054	705328	4561675	6321152700	5869688238	180332252	0.5215194999999999	0.5105065	0.2311899
M300674	51504182	49348322	601872	5103657	7725627300	7330734042	171211296	0.522595	0.5149429999999999	0.12220824999999999
M300675	69202904	65358186	1021992	6939149	10380435600	9720021622	263779711	0.51908	0.5085675000000001	0.16622009999999998
M300676	58185716	26304374	1242756	33057431	8727857400	3882217982	2199277248	0.6345415	0.4940455	0.27575150000000004
M300677	28518462	2041644	434390	26280970	4277769300	291264821	1827572523	0.7355400000000001	0.507495	0.24883285
M300678	92309034	60490234	1429554	34311957	13846355100	8964162242	2206780760	0.5983795000000001	0.5160294999999999	0.19445285
M300679	46436914	42146630	781530	6263743	6965537100	6263371788	298486383	0.5386405	0.5191840000000001	0.1314726
M300680	59197000	44482290	957466	17087584	8879550000	6596872281	1026265824	0.5769975	0.5178404999999999	0.15567215
M300681	2423634	1934862	49952	821063	363545100	280838752	40112948	0.6121435	0.5819675	0.296078
M300682	6681556	1448040	153888	5270611	1002233400	212023470	351769769	0.709176	0.5332525	0.352473
M300683	43111852	41866974	632094	4185244	6466777800	6204663414	104027057	0.508715	0.504218	0.20994655
M300684	46239638	44888600	722730	4799771	6935945700	6645669370	117856586	0.5163935	0.5124175	0.2207465
M300685	55912892	53525654	944194	11422999	8386933800	7816043557	300732773	0.5353135	0.52977	0.12448945
M300686	1708878	1617538	24916	385110	256331700	235740366	11237290	0.6016035	0.5970635	0.32849
M300687	47124410	45579866	786158	4003749	7068661500	6772632825	103666547	0.519999	0.515442	0.17458035
M300688	49889164	48275356	819804	4509074	7483374600	7168394603	114172827	0.51981	0.5153745000000001	0.19955685
M300689	39696258	38336704	650632	3617634	5954438700	5690666249	99688624	0.5170870000000001	0.5123260000000001	0.19967915
M300690	40614850	38945818	704974	3907813	6092227500	5775454387	117553466	0.506065	0.499373	0.2051733
M300691	75777878	73866784	931678	9446927	11366681700	10904307079	224893208	0.51537	0.5114905000000001	0.14730205
M300692	62707874	60320700	925634	8824046	9406181100	8886125842	246831775	0.5157165	0.5090135	0.221198
M300693	542854	445374	9656	234463	81428100	62976839	9846456	0.637772	0.6148994999999999	0.25825750000000003
M300694	16299960	15769812	282762	1772680	2444994000	2333442730	43896224	0.5176505	0.51352	0.1092195
M300695	64256154	61913690	1220152	6880731	9638423100	9163243248	180105928	0.5205685	0.5160155	0.2553855
M300696	39178952	38307238	502436	3782316	5876842800	5680319325	84771044	0.514885	0.512077	0.13179554999999998
M300697	25197460	24605800	305394	2843870	3779619000	3638141555	67692316	0.5151125	0.5118240000000001	0.19315845
M300698	113369844	108695180	2838432	14207941	17005476600	15915144972	485637684	0.4332275	0.425915	0.037138500000000005
M300699	181547320	174103538	4398872	29254077	27232098000	25294582865	983847250	0.432437	0.42475799999999997	0.03977285
M300700	150316378	143328690	4221346	21572534	22547456700	20928634295	719951560	0.45045650000000004	0.442794	0.03999255
M300701	152640832	145528044	4494368	20006947	22896124800	21314922063	652160058	0.46615150000000005	0.459951	0.0337127
M300702	299718	8946	9966	282347	44957700	1250724	19845757	0.7465525	0.5383215	0.23477052499999998
M300703	289410	8466	17024	268398	43411500	1174441	19040909	0.7450110000000001	0.5380944999999999	0.21079351999999998
M300704	16023182	3182898	1696134	11889655	2403477300	471045321	813481944	0.70324	0.5010401428571428	0.290978929
M300705	17662348	4124340	1777082	12709618	2649352200	606783463	857387524	0.7005088571428572	0.5176397142857143	0.2831031138571429
M300706	19058652	3827408	1666078	14289408	2858797800	566741075	956102151	0.7078180000000001	0.5097532857142857	0.33216188214285713
M300707	25189802	6072748	2507764	17853501	3778470300	899218930	1208340005	0.6969865714285715	0.5129247142857143	0.311263006
M300708	19894302	9737338	1344228	9851635	2984145300	1444641006	642731133	0.6378582857142857	0.508464	0.187313914
M300709	18131414	12010	2241228	16560537	2719712100	1576152	1144607284	0.7554985714285715	0.5321252857142857	0.393361119
M300710	24091356	17384	3176770	21907767	3613703400	2286427	1514333326	0.7567988571428571	0.56316	0.42512876085714285
M300711	17774952	9323242	1216918	8217701	2666242800	1383832184	535020370	0.6277227142857142	0.5062764285714285	0.18768273227142857
M300712	13371120	9542726	547944	4197106	2005668000	1413677255	250392917	0.5977735714285715	0.5213952857142857	0.11576864264285713
M300713	20102418	7080	2778498	18148268	3015362700	822223	1258178275	0.7613077142857143	0.6437257142857143	0.22761572242857142
M300714	21134334	8036002	1678236	12684752	3170150100	1185505296	832163788	0.6658037142857143	0.51512	0.24021548037142856
M300715	18951116	9243334	1163956	9705089	2842667400	1361869913	622205411	0.6458392857142857	0.5209021428571429	0.16176838787142858
M300716	19914488	4127876	1564006	14982198	2987173200	608267086	997886765	0.7071607142857143	0.5199974285714286	0.27193906157142855
M300717	13930828	5611560	1061454	8131577	2089624200	827808536	531492784	0.6656002857142858	0.5272811428571429	0.1963966634857143
M300718	17557926	14811194	532914	3538511	2633688900	2194456105	184486202	0.5702787142857143	0.5203954285714286	0.09899503924285714
M300719	24825972	21256	3213418	22530634	3723895800	2783636	1562124564	0.7569371428571429	0.5727321428571429	0.42599861485714285
M300720	18080698	489010	2068852	16158967	2712104700	71367633	1106648409	0.7502901428571429	0.530052	0.40349359528571427
M300721	20273764	12573474	1138440	7785997	3041064600	1864247067	489839931	0.6181922857142857	0.5226698571428572	0.1535738149857143
M300722	23645072	3388812	2648432	18754827	3546760800	500256851	1284937729	0.7215204285714286	0.5175434285714285	0.320532844
M300723	60	16	14	35	9000	2400	2505	0.6801587142857143	0.4747618571428571	0
M300724	17813582	6740658	1308972	10631703	2672037300	997925050	697101383	0.6723218571428572	0.5310017142857143	0.23701804494285716
M300725	14707212	911232	1666170	12636042	2206081800	132415154	870961220	0.7386991428571429	0.5412545714285715	0.28469604785714286
M300726	16106214	184970	2125324	14476495	2415932100	25118822	996380989	0.754172	0.5028045714285715	0.35915832757142857
M300727	17278612	9153410	1120994	8126101	2591791800	1353481692	519507576	0.6311472857142857	0.5137079999999999	0.19208805007142857
M300728	34764800	39422	3947968	31833596	5214720000	5361518	2177433077	0.7578368571428572	0.5746461428571429	0.46086048614285713
M300729	38097118	329964	4534744	34472818	5714567700	47732825	2377320757	0.7544161428571429	0.5222484285714286	0.4230627942857143
M300730	30391696	720458	3996984	27078550	4558754400	104595743	1879181645	0.7518565714285714	0.523601	0.34955643485714283
M300731	31634480	6967822	3472164	23035123	4745172000	1021043136	1562393667	0.7035812857142857	0.5263731428571429	0.32920079142857145
M300732	15530436	190516	1685384	13453734	2329565400	25719550	929358114	0.7532931428571429	0.5582221428571429	0.30930246657142857
M300733	28834124	1551280	3082272	25098646	4325118600	226501713	1712335290	0.743315	0.5272524285714286	0.42356102671428575
M300734	36948218	40004	4119230	33686822	5542232700	5247973	2304128109	0.757628	0.5633967142857143	0.42177091285714285
M300735	63583828	5031612	6887756	54168787	9537574200	728445565	3718200354	0.7352977142857143	0.5317821428571429	0.4237363722857143
M300736	30973352	9309670	3018156	20464878	4646002800	1372548298	1373851113	0.6848958571428572	0.5173031428571429	0.2396701794285714
M300737	25445734	375458	3040278	22973852	3816860100	54367982	1582877341	0.7528295714285714	0.5096105714285714	0.37013911514285713
M300738	35401942	9021226	3429124	25307346	5310291300	1313629917	1693665265	0.6990211428571429	0.5373215714285714	0.3100993542857143
M300739	59797686	27428	7320324	54235765	8969652900	2893242	3777728749	0.7511198571428571	0.5832727142857143	0.4184812667142857
M300740	24873786	179000	3010386	22526361	3731067900	25640435	1557835721	0.7519158571428571	0.5138921428571428	0.3970694242857143
M300741	16670480	6802488	1307482	9683989	2500572000	1000355472	631211460	0.6631394285714286	0.523406	0.1987970892
M300742	19391712	8552398	1386254	10684885	2908756800	1259733256	693802201	0.6540375714285714	0.5182212857142857	0.19501767168571427
M300743	34810024	7039646	3594822	26329575	5221503600	1021192800	1768995341	0.7082802857142857	0.5206818571428571	0.354934165
M300744	24819276	1756482	2635388	21324827	3722891400	257155615	1459981090	0.739006	0.5241322857142857	0.335769154
M300745	37946444	3272650	4671454	31844048	5691966600	477758247	2201063055	0.7326442857142857	0.5233467142857143	0.37946539385714284
M300746	30198210	8854	3627348	27565674	4529731500	1029291	1898541858	0.7542897142857143	0.564963	0.4007447497142857
M300747	35216960	9787084	3755070	23926054	5282544000	1435356290	1618266823	0.6927191428571429	0.5351101428571429	0.31366890985714285
M300748	47813730	4618030	5510930	39918298	7172059500	674280114	2726936788	0.7331524285714286	0.5156377142857143	0.380470602
M300749	33979592	58876	3895132	31052391	5096938800	8097887	2133944174	0.7574184285714286	0.6249557142857143	0.4223110955714286
M300750	42515480	6498154	4796614	33496256	6377322000	947787652	2288008602	0.7181958571428572	0.5166561428571429	0.3591899012857143
M300751	33272966	8305184	3244036	23489875	4990944900	1216465199	1575375817	0.697719	0.5219067142857142	0.25042820585714287
M300752	4583592	78044	627154	4059796	687538800	10756594	282911862	0.7513898571428571	0.5606077142857143	0.2501874629714286
M300753	21783290	7767908	1839952	13796201	3267493500	1137456917	896619588	0.6636615714285714	0.497749	0.22472345
M300754	23444132	9900	3317928	21122024	3516619800	1106797	1466349294	0.7610588571428571	0.6096254285714285	0.20507416985714286
M300755	27759756	6492506	2597050	20184105	4163963400	952977991	1349845669	0.6998508571428571	0.5183457142857143	0.3093700955714286
M300756	19192550	17785300	405666	3117687	2878882500	2622456520	112784156	0.5564502857142857	0.5258407142857143	0.08002695165714285
M300757	28509168	8757876	2631892	18606096	4276375200	1294498116	1248412701	0.6832535714285715	0.5207641428571429	0.2634615775714286
M300758	19807412	14664330	852978	5849363	2971111800	2169604240	334822955	0.599456	0.5320728571428571	0.13068423831428572
M300759	19249204	16868806	491022	3572916	2887380600	2495496542	162468388	0.5597822857142857	0.5145272857142857	0.1096191998
M300760	21348604	18904848	534638	3470471	3202290600	2801899568	163502702	0.5249255714285714	0.47685442857142857	0.08180697214142857
M300761	23205464	21053868	528846	3475824	3480819600	3120160896	147435076	0.5559427142857143	0.5201935714285715	0.07319684337142857
M300762	4317454	124010	643184	3823539	647618100	17479285	263333480	0.7567732857142857	0.55931	0.04418586111428571
M300763	25006014	23782154	438678	2419300	3750902100	3534838252	81956880	0.5565878571428572	0.5296917142857143	0.06531429999999999
M300764	21307922	19871968	398662	2329017	3196188300	2955257762	93535742	0.5590972857142857	0.5244182857142857	0.07356072672857143
M300765	28901236	57016	3806854	26032036	4335185400	7852386	1800770764	0.7569994285714285	0.5463858571428571	0.4052815607142857
M300766	19963652	19487694	266670	1792892	2994547800	2892098454	41217918	0.548658	0.5307861428571429	0.07964401428571428
M300767	19998684	19026202	361376	2272568	2999802600	2820810692	71460669	0.5418378571428571	0.5108032857142857	0.19532526157142857
M300768	19900918	8922280	1432288	11200880	2985137700	1303998428	708510389	0.6517381428571428	0.5172842857142858	0.1668836691857143
M300769	14538534	26660	1745060	13213255	2180780100	3499186	907165774	0.7557604285714286	0.5626948571428572	0.3159224471428571
M300770	1079406	557920	93824	568104	161910900	80648295	34691042	0.6596991428571428	0.5710457142857143	0.16398415557142856
M300771	35217072	3762658	4017524	28651966	5282560800	551977225	2000882998	0.7240854285714285	0.5159672857142857	0.30787782457142854
M300772	18893568	15048766	677702	4295362	2834035200	2234724498	243005362	0.5877377142857143	0.5327455714285715	0.11520941947142857
M300773	19721800	16640224	566472	4048952	2958270000	2465346291	205080784	0.5849792857142857	0.5375231428571429	0.1014076330857143
M300774	22922994	20924410	503528	3259272	3438449100	3104337491	137189743	0.5581958571428571	0.5214415714285714	0.08603634957285715
M300775	16826302	13597144	553824	4060546	2523945300	2011435475	213881225	0.5761348571428572	0.5198207142857143	0.09108484732857143
M300776	36180034	6422492	3873524	27929345	5427005100	935747042	1889231784	0.7129658571428571	0.5160098571428572	0.320719007
M300777	34290892	76414	4426754	31011511	5143633800	10462514	2145375616	0.7562541428571429	0.5521018571428572	0.38978752757142854
M300778	45134914	8575852	4323464	34821883	6770237100	1243536680	2331753596	0.7100294285714286	0.5166594285714285	0.32248358885714284
M300779	39655556	20276	5375492	35778825	5948333400	2387002	2488802982	0.7556278571428572	0.5748498571428571	0.4224607364285714
M300780	32035954	11994214	2749312	20004023	4805393100	1742876023	1298232524	0.665687	0.5157068571428571	0.2393917662857143
M300781	55151954	22754	6932334	50085324	8272793100	2733202	3470012371	0.7579668571428572	0.5751378571428571	0.45561769557142856
M300782	39855452	10216340	3465394	28877466	5978317800	1475553405	1910979626	0.6932307142857143	0.5139961428571428	0.31232169285714284
M300783	29071946	5310694	2970882	22483524	4360791900	766336870	1513714195	0.7090332857142857	0.5191132857142857	0.28455246100000003
M300784	50347740	4582276	6504730	42112296	7552161000	664962249	2911248068	0.7339111428571429	0.519275	0.33598658785714286
M300785	47497102	27596	5440992	43295550	7124565300	3303912	2995210931	0.7534152857142857	0.5759847142857143	0.40522636314285715
M300786	50684406	2677406	6030920	43981830	7602660900	387169744	3022146063	0.741656	0.5087835714285714	0.420135388
M300787	38202246	16950650	2809750	21904390	5730336900	2462489207	1389094579	0.6510831428571429	0.5133392857142858	0.21908294571428572
M300788	33511326	4350956	3411596	27288393	5026698900	629990930	1851047219	0.7237405714285714	0.5115564285714286	0.3225070057142857
M300789	43478834	24488	5295572	39499728	6521825100	3116053	2727492663	0.756673	0.5462178571428572	0.43211561814285715
M300790	40880976	41536	3917648	37766014	6132146400	5327973	2571121783	0.7563142857142857	0.5498267142857143	0.440504767
M300791	41962482	3554690	4782744	35391848	6294372300	514088469	2429613009	0.7330068571428571	0.5084502857142857	0.3975123424285714
M300792	33761158	15522968	2436090	19402903	5064173700	2243610652	1212692537	0.639533	0.49980671428571427	0.22098158557142858
M300793	37889704	205430	4822868	34305808	5683455600	28707798	2386733803	0.7543195714285714	0.5801294285714286	0.4252663782857143
M300794	45052674	17322724	3655524	28020456	6757901100	2514716195	1805561865	0.6614438571428571	0.5085531428571428	0.26731182014285715
M300795	55127454	72516	6820106	50065451	8269118100	9692170	3484905852	0.7536864285714285	0.54368	0.38951986114285714
M300796	6539488	105572	752730	5918912	980923200	15032358	404492471	0.7529705714285714	0.562262	0.2676870007428571
M300797	38076740	13684102	3387192	24055589	5711511000	1990248010	1569176633	0.6666334285714286	0.5048352857142857	0.2651572007142857
M300798	42306872	27309056	2226486	16520103	6346030800	4014109754	989903645	0.595735	0.4969807142857143	0.18740942957142856
M300799	52840468	82174	6401418	47756193	7926070200	10208152	3296969490	0.7565221428571428	0.5617285714285715	0.419649978
M300800	295602	290610	2076	56540	44340300	42266569	1397975	0.540033	0.537946	0.567858
M300801	16827366	16550028	148712	2418974	2524104900	2432327985	51168342	0.54687	0.545465	0.267515
M300802	40026	39048	304	3587	6003900	5777752	99929	0.537216	0.533798	0.551292
M300803	15244658	15070118	111640	1751628	2286698700	2226302318	34763677	0.532001	0.530891	0.330189
M300804	2666732	2608730	32164	143728	400009800	388682581	2893876	0.513963	0.510634	0.0886628
M300805	473940	464792	4102	81071	71091000	67769863	2069009	0.542887	0.540979	0.566283
M300806	14945338	14783428	100146	2089261	2241800700	2175358251	42833956	0.529707	0.528657	0.362502
M300807	13117706	12930710	111106	1774402	1967655900	1901939468	38491819	0.54132	0.540161	0.606199
M300808	8851282	8723520	66258	481925	1327692300	1299790721	9170977	0.521398	0.519373	0.128294
M300809	21378020	21040838	205136	1622039	3206703000	3125205156	31729696	0.530376	0.52853000000000006	0.22064
M300810	12684186	12502258	106604	938487	1902627900	1858305284	17337666	0.534401	0.532752	0.385467
M300811	16651596	16476086	112968	1498755	2497739400	2442163840	29612324	0.532142	0.530995	0.355733
M300812	49642	46218	554	25065	7446300	6188087	897167	0.572673	0.571569	0.477015
M300813	2769448	2723146	31110	684912	415417200	394906332	13992151	0.525174	0.524055	0.636675
M300814	14886520	14679570	123038	1922724	2232978000	2161412791	41380145	0.536262	0.534843	0.247443
M300815	12561032	12346570	123108	1243415	1884154800	1827417703	24949908	0.54187	0.539969	0.289252
M300816	19305004	19056618	153978	2572202	2895750600	2807147101	52462658	0.532449	0.531286	0.239849
M300817	1297542	1266126	9682	311626	194631300	182050656	8875199	0.498752	0.493876	0.612856
M300818	18514262	18295780	121652	1933357	2777139300	2707197283	37855195	0.535399	0.534093	0.35593
M300819	12152502	11862748	111130	1574438	1822875300	1744617857	36164619	0.530713	0.525604	0.306673
M300820	12141262	12003426	84902	1725920	1821189300	1765080800	36187559	0.544223	0.54339	0.342323
M300821	14822176	14640656	95236	2297960	2223326400	2147628361	49665557	0.544027	0.543022	0.633217
M300822	14800098	14637688	101806	1834066	2220014700	2159103859	37179221	0.544662	0.543874	0.372736
M300823	2691800	2622702	31442	357661	403770000	385295981	8595420	0.499727	0.495268	0.597357
M300824	11358542	11207068	86850	1445055	1703781300	1653192208	28176230	0.543983	0.542698	0.172215
M300825	10790296	10694034	67472	1140314	1618544400	1583974963	20282571	0.532018	0.531273	0.128599
M300826	331716	313282	4006	124932	49757400	43563286	4301692	0.513296	0.503068	0.51564
M300827	5120852	5033382	36736	746358	768127800	738089415	18604195	0.528754	0.526447	0.328786
M300828	9752822	9531896	102798	979111	1462923300	1408469168	22485522	0.539793	0.536531	0.188131
M300829	11682368	11510184	105086	1246861	1752355200	1700921459	26098386	0.540526	0.538976	0.265759
M300830	601702	587522	6440	104957	90255300	85439346	2923055	0.55535	0.553393	0.594434
M300831	14715688	14549952	105464	1916036	2207353200	2143098115	40077162	0.544106	0.543353	0.285295
M300832	871272	843640	11440	132275	130690800	123364851	3570327	0.477387	0.470921	0.533985
M300833	9078276	8943002	86648	730046	1361741400	1327794368	14384520	0.526373	0.524654	0.11991
M300834	11910012	11733684	104844	1147202	1786501800	1737354897	23041442	0.535977	0.534342	0.245052
M300835	12551438	12361552	102774	804829	1882715700	1839590208	14942134	0.528741	0.526724	0.234633
M300836	17943698	17743536	136960	1648806	2691554700	2633111262	28718357	0.537848	0.536825	0.260026
M300837	9492276	9386506	68286	354427	1423841400	1402436349	5696184	0.532809	0.531549	0.186254
M300838	45726	43214	568	12530	6858900	6213831	366128	0.486334	0.471302	0.590255
M300839	12464010	12209710	136818	1201479	1869601500	1805997795	27472107	0.519141	0.516453	0.549623
M300840	9443774	9305744	85200	976556	1416566100	1376424847	19986841	0.542289	0.540967	0.339054
M300841	676626	663694	5896	128803	101493900	96221530	3579594	0.542979	0.541545	0.612321
M300886	10335490	10208152	75576	1082492	1550323500	1510345186	21159611	0.538681	0.537409	0.223534
M301037	9145950	8989660	82760	938786	1371892500	1329404025	19442276	0.543812	0.541719	0.173068
M301038	30623512	30121182	277354	3110826	4593526800	4457837121	61492287	0.549736	0.548173	0.264797
M301039	13867498	13682020	109618	1563891	2080124700	2020737822	32160406	0.547119	0.546044	0.305132
M301040	725508	708650	6940	136079	108826200	102629449	4098058	0.576752	0.576385	0.608727
M301041	18516834	18351404	110712	2152357	2777525100	2709976358	43487365	0.538297	0.537608	0.268505
M301042	18026856	17812470	123466	1387747	2704028400	2646565123	25540749	0.518433	0.51677	0.515421
M301043	760088	745890	6358	176761	114013200	107380066	4786776	0.528367	0.526502	0.617689
M301044	11485756	11270146	106200	1123836	1722863400	1668223947	22477713	0.503238	0.499882	0.42116
M301045	16464278	16223044	137762	1284267	2469641700	2408378632	25460671	0.517908	0.51596	0.384928
M301046	17264318	16951848	164292	1577494	2589647700	2510622895	32638287	0.526583	0.524127	0.447978
M301047	1580388	1550762	14288	250092	237058200	226272882	6859603	0.556601	0.555648	0.644109
M301048	8612128	8444338	89156	881087	1291819200	1248350479	18631754	0.525863	0.523188	0.415317
M301049	14031948	13612162	151646	1282012	2104792200	2014883785	28994644	0.522626	0.517165	0.239068
M301050	14702428	14464654	131910	687992	2205364200	2156984514	13130974	0.521388	0.519127	0.279926
M301051	13791066	13518458	139574	1172837	2068659900	2003936396	25088737	0.520835	0.517874	0.296992
M301052	12502372	12252876	129532	617171	1875355800	1825977774	12327111	0.524871	0.521957	0.31662
M301053	315080	306448	2972	79559	47262000	43881223	2366128	0.528868	0.526538	0.523385
M301054	13405084	13091968	155252	1136617	2010762600	1940129149	24096836	0.52483	0.521295	0.264925
M301055	8263168	296874	191400	724426	1239475200	40896060	44458776	0.842939	0.578217	0.570609
M301056	497778	485832	4260	107759	74666700	69943266	3314285	0.531582	0.529177	0.581456
M301057	14061964	13771210	148200	1380476	2109294600	2035140531	31553566	0.527115	0.524206	0.452581
M301058	17056696	16764536	162812	1053851	2558504400	2494022634	21123818	0.504642	0.502049	0.302795
M301059	12807010	12593378	112530	843494	1921051500	1872152964	17300934	0.512652	0.510085	0.390116
M301060	12658670	12437114	126852	1072770	1898800500	1843672473	22263827	0.513185	0.510664	0.396543
M301061	56352	44274	928	27564	8452800	5905328	1261186	0.549488	0.496022	0.432425
M301062	869728	849162	10310	165757	130459200	123281024	4435069	0.575651	0.575266	0.577624
M301063	18698300	18495538	131916	1904145	2804745000	2736056717	38882893	0.511808	0.510512	0.300427
M301064	6433960	6323144	54626	700951	965094000	934367802	14387328	0.516355	0.51343	0.237162
M301065	15412268	15124692	147040	1489916	2311840200	2237711747	31299495	0.50117	0.497848	0.293755
M301066	8376994	8252620	71322	612405	1256549100	1226639443	11333592	0.503318	0.500908	0.105291
M301067	440104	430824	4160	120026	66015600	61492550	3323420	0.486478	0.482796	0.610019
M301068	14332112	14042392	145156	1441978	2149816800	2076932431	29732062	0.504928	0.501277	0.179082
M301069	13212062	13010420	93388	1593681	1981809300	1917236053	35886898	0.511066	0.508253	0.210801
M301070	13441368	13177452	137890	1436601	2016205200	1947315909	29797272	0.513158	0.510062	0.245106
M301071	481546	469048	4908	110390	72231900	67485625	3093571	0.520384	0.516622	0.584991
M301072	9423008	9328032	61410	843877	1413451200	1383132976	16272488	0.513621	0.512217	0.0890285
M301073	13978436	13677666	137500	2106297	2096765400	2004306223	48453712	0.509681	0.505369	0.385132
M301074	154814	142368	1912	50865	23222100	20066339	1508478	0.514299	0.489297	0.375044
M301075	13295852	13033148	130588	1170888	1994377800	1933332479	21714694	0.511918	0.508614	0.183275
M301076	9625334	9492068	75142	824279	1443800100	1410017854	13999936	0.516455	0.514557	0.0670208
M301077	11640602	11465440	83770	1369507	1746090300	1692489330	27638944	0.509183	0.506441	0.217975
M301078	292072	286106	2484	89475	43810800	40556089	2464739	0.507614	0.503958	0.567168
M301079	12575848	12355240	114882	1022036	1886377200	1832996274	20683619	0.505956	0.503171	0.112146
M301080	15243316	14966870	140980	1155937	2286497400	2222632491	22806176	0.503794	0.500686	0.110359
M301081	18150054	17887924	140402	1316025	2722508100	2657940424	25420194	0.505668	0.503303	0.183062
M301082	12426016	12270846	91362	1001467	1863902400	1820260365	20724723	0.497592	0.495573	0.396686
M301083	145164	128444	1720	88833	21774600	16533366	3617638	0.527051	0.510449	0.414524
M301084	12496592	12194052	146754	1107629	1874488800	1805483663	24120897	0.503631	0.499336	0.379834
M301085	17817294	17522372	168810	1435626	2672594100	2598957124	30199625	0.503688	0.501222	0.43946
M301086	2044878	1999494	18942	350878	306731700	291211058	9416627	0.515726	0.512731	0.601743
M301087	14652218	14404110	120714	1430710	2197832700	2129771863	32402456	0.499872	0.496998	0.47752
M301088	18440	17396	176	7247	2766000	2396576	260798	0.465941	0.452649	0.53167
M301089	14963378	14676500	138816	1161254	2244506700	2176993767	24980554	0.502468	0.498902	0.16336
M301090	3020236	2372370	34394	947073	453035400	347770459	47897486	0.582276	0.531804	0.545778
M301091	1882806	1058254	22076	930877	282420900	155226692	56955945	0.62766	0.52545	0.569797
M301092	25935006	23540900	212570	4465027	3890250900	3482160098	184707085	0.547395	0.525645	0.369995
M301093	23526258	22038694	212160	3246551	3528938700	3260151138	119820992	0.538706	0.525072	0.429681
M301094	24415912	23166316	224350	3444982	3662386800	3422010805	112603075	0.553774	0.544394	0.568097
M301095	19351222	17910034	148970	3114715	2902683300	2642938530	119821151	0.544872	0.527157	0.508148
M301096	703498	141706	2846	587011	105524700	20284366	38588667	0.716352	0.549426	0.449036
M301097	19488462	17783708	188276	3172211	2923269300	2627088539	130480959	0.551057	0.531849	0.46712
M301098	3181214	2724472	36394	790015	477182100	399126071	36206520	0.556662	0.524215	0.581492
M301099	26271718	25084074	281932	3012751	3940757700	3715533152	89971551	0.5471	0.538962	0.420138
M301100	4419166	2695322	59098	1927157	662874900	396758536	117327576	0.608755	0.514104	0.577108
M301101	28387512	9155046	225466	20013525	4258126800	1345150548	1277450945	0.696199	0.543502	0.665236
M301102	33159840	31041998	245642	4310660	4973976000	4605213111	163787571	0.53884	0.525087	0.323457
M301103	33167906	29785248	302534	6473316	4975185900	4386413850	270639670	0.548758	0.52723	0.376855
M301104	26165836	25263970	244392	2909765	3924875400	3740624904	80489440	0.531149	0.524865	0.297384
M301105	1941502	1614012	20878	523281	291225300	236584237	25181334	0.632625	0.609461	0.545453
M301106	3501552	241002	42004	3233260	525232800	34335389	212505735	0.753108	0.506044	0.625214
M301107	25019926	23226990	205702	3350713	3752988900	3443715841	132885310	0.54275	0.527477	0.307828
M301108	588604	9192	3674	573421	88290600	1240392	38712330	0.772837	0.473883	0.533401
M301109	23741204	20699148	203498	4331696	3561180600	3068266893	217790728	0.549291	0.519613	0.266319
M301110	19829154	18279648	179852	2901875	2974373100	2706495943	115251165	0.546673	0.528557	0.419548
M301111	25471646	24222056	246982	3781549	3820746900	3568496273	117510672	0.546372	0.537276	0.347805
M301112	19722182	17549780	173690	3701146	2958327300	2590915063	164090484	0.54969	0.523473	0.267739
M301113	11105356	9906500	117606	2077125	1665803400	1460559208	87645215	0.565496	0.54187	0.253685
M301114	2222978	2033332	22246	465927	333446700	297240361	17446015	0.533051	0.513457	0.601939
M301115	33925248	33058434	280984	3338271	5088787200	4900914443	80963275	0.537456	0.533243	0.313858
M301116	26333916	25491118	231408	2275301	3950087400	3783022026	64999451	0.531203	0.52518	0.291316
M301117	3161358	2847318	37218	528723	474203700	420681941	23030513	0.558067	0.536659	0.552997
M301118	22147196	19747784	198676	3380521	3322079400	2933671232	158211257	0.556917	0.531518	0.278689
M301119	23442376	22403326	190922	2576536	3516356400	3321693493	84489501	0.534712	0.525337	0.31393
M301120	880874	784826	9574	178655	132131100	115200968	7811989	0.507092	0.477247	0.572904
M301121	19154916	18218620	212486	2444532	2873237400	2692415408	73103341	0.543013	0.533515	0.304023
M301122	24380678	23651652	185238	3234469	3657101700	3490248874	82947630	0.532389	0.52642	0.246946
M301123	1488128	1073430	15882	538182	223219200	157430446	29298506	0.594857	0.528161	0.510996
M301124	23046826	22521398	177876	2423410	3457023900	3336186405	57562671	0.526112	0.522198	0.184272
M301125	68674990	64914356	625636	13069988	10301248500	9495655736	417320640	0.55377	0.543909	0.464714
M301126	17958320	17395142	182564	1818073	2693748000	2577200156	44955024	0.54569	0.540455	0.141917
M301127	507654	406878	5640	140147	76148100	59882296	7321972	0.565542	0.518893	0.420574
M301128	25184944	24569030	171060	2440728	3777741600	3642097223	60364309	0.531932	0.527283	0.243081
M301129	9254928	8224240	149600	1521324	1388239200	1216433765	68338157	0.531991	0.504599	0.401346
M301130	23165096	22405908	175994	2173965	3474764400	3330031337	61979545	0.526481	0.519729	0.173301
M301131	31504436	17038	2139646	27537217	4725665400	1735803	1833026127	0.781069	0.603866	0.627375
M301132	4046298	3515126	47772	1144879	606944700	513211178	46248388	0.553243	0.527278	0.576031
M301133	26403146	25333958	212340	2782859	3960471900	3760657683	85037865	0.534206	0.525885	0.348024
M301134	6469754	6112806	58284	948675	970463100	902094076	31848372	0.547246	0.536425	0.644922
M301135	798362	50602	23264	662384	119754300	6962095	43670159	0.753853	0.488074	0.547368
M301136	21594088	20647974	208662	2841935	3239113200	3051152487	83358039	0.549886	0.542002	0.259623
M301137	22259000	21536114	186310	3334445	3338850000	3167237162	88108723	0.547437	0.542024	0.313326
M301138	3863706	3674586	38718	664836	579555900	539123486	20135198	0.536887	0.52737	0.612097
M301139	23044788	21789418	245438	2995505	3456718200	3224481535	94276849	0.530097	0.518444	0.36172
M301140	8199558	7874752	72698	757138	1229933700	1170351224	22930077	0.522845	0.514363	0.664268
M301141	25554856	24508116	254188	2923019	3833228400	3631916381	78975900	0.528431	0.519826	0.410684
M301142	10003650	9676738	100022	1149153	1500547500	1432188246	28540524	0.534182	0.528481	0.65656
M301143	25415352	24688146	262238	1484842	3812302800	3680805030	37891454	0.523604	0.518628	0.250347
M301144	22040448	21410494	158744	2744482	3306067200	3164865200	65907795	0.516216	0.510101	0.335931
M301145	807632	735684	10864	208919	121144800	106432287	7615276	0.534603	0.514083	0.542215
M301146	20869540	19575232	216226	3801812	3130431000	2873595684	124492170	0.545722	0.53302	0.608755
M301147	5427462	23426	130324	5266326	814119300	3220357	359254413	0.771114	0.480094	0.646053
M301148	6720474	5793540	52478	1357092	1008071100	857648116	66988656	0.540065	0.506692	0.55787
M301149	2345602	1797416	26172	715125	351840300	264686483	38367955	0.58084	0.525576	0.494916
M301150	547422	310694	4784	293335	82113300	44980489	16175829	0.638103	0.533687	0.462722
M301151	5460564	4727898	60036	1157015	819084600	697254285	53050018	0.551161	0.518868	0.563603
M301152	21371268	19728718	246272	2790699	3205690200	2924810410	106630179	0.532257	0.514848	0.442383
M301153	19468704	18714948	203660	2806930	2920305600	2757993591	74870335	0.548056	0.540826	0.261743
M301154	21823800	20123304	284716	2411496	3273570000	2989886632	97979102	0.521361	0.503668	0.39751
M301155	1959662	1558046	22758	495959	293949300	229897930	27456374	0.555175	0.50425	0.550466
M301156	618230	434024	6112	251665	92734500	62922897	13736835	0.600617	0.530692	0.541184
M301157	20858918	19295078	263866	2222793	3128837700	2868102390	91633780	0.521896	0.504315	0.385664
M301158	18547654	12693384	222678	6560790	2782148100	1874620933	387660485	0.588639	0.507133	0.487049
M301159	21692644	19469176	270216	2861587	3253896600	2890046809	139662671	0.531087	0.50729	0.445023
M301160	618120	407876	7288	275840	92718000	58923203	15762585	0.617095	0.545164	0.501352
M301161	16131838	15134482	253224	1269641	2419775700	2252485626	45013517	0.512629	0.499534	0.329402
M301162	33272242	31935890	345298	3412585	4990836300	4733012948	99895139	0.516785	0.508543	0.364581
M301163	20155448	18470788	192570	3170416	3023317200	2727830256	128446003	0.524823	0.503817	0.179525
M301164	25701672	24653016	301700	2675002	3855250800	3651841999	75072761	0.510946	0.502148	0.333415
M301165	1650666	1006724	16296	778909	247599900	146819660	45618438	0.624339	0.530324	0.592163
M301166	18168272	16511340	258644	2298641	2725240800	2445390477	98401796	0.523592	0.500908	0.2866
M301167	368180	297258	3828	145336	55227000	42245639	6702227	0.563307	0.519769	0.557135
M301168	24598418	23263888	283036	2474673	3689762700	3450401128	83395703	0.509452	0.496149	0.561412
M301169	17945292	17136322	224898	1468056	2691793800	2545582557	45715102	0.511919	0.502316	0.447566
M301170	479886	411470	4388	146071	71982900	59404388	6349688	0.54266	0.508114	0.620718
M301171	6981916	6287602	29330	4415842	1047287400	844386792	140073498	0.560274	0.538355	0.448244
M301172	19966204	18439074	162814	2353230	2994930600	2742246676	102237800	0.515921	0.496152	0.453392
M301173	21020644	19409314	283810	2524226	3153096600	2879466801	99783215	0.519335	0.500879	0.529745
M301174	1955468	657556	11812	1394177	293320200	95438012	88266566	0.699485	0.561393	0.626862
M301175	1723954	1402544	20068	454482	258593100	205812122	22706268	0.550762	0.506089	0.598864
M301176	3192602	22804	33254	3110846	478890300	3177022	204950040	0.773151	0.487066	0.609465
M301177	22119696	20656622	238526	2384771	3317954400	3067948028	99071556	0.517614	0.502757	0.443509
M301178	16964248	16018802	173596	1747108	2544637200	2376902243	65143394	0.517522	0.504751	0.529164
M301179	22637930	21988944	197504	1426037	3395689500	3275893114	42282557	0.503339	0.497275	0.229621
M301180	809598	241612	9692	628491	121439700	33801077	39815983	0.693447	0.515449	0.518586
M301181	27461194	26230458	222804	2415495	4119179100	3900645064	86416738	0.507915	0.496697	0.363624
M301182	23728920	21177930	254470	3464706	3559338000	3144757738	167225622	0.528942	0.500721	0.417241
M301183	2137902	315030	21088	1858103	320685300	44638564	123316805	0.725124	0.506746	0.585306
M301184	26828348	26102350	235150	1698210	4024252200	3886756518	48051811	0.503725	0.498255	0.392779
M301185	18507820	17321184	275146	2134117	2776173000	2561773056	74509015	0.514762	0.500321	0.516957
M301186	422514	20018	2544	403835	63377100	2661437	25422099	0.765594	0.589904	0.717605
M301187	4110364	2938998	27324	1650967	616554600	426143199	83732539	0.591757	0.513717	0.377964
M301188	10786036	10019130	117908	2342968	1617905400	1455739909	86552281	0.532822	0.517825	0.366754
M301189	1486672	950652	14424	671203	223000800	138237644	35696483	0.610141	0.513673	0.499746
M301190	525722	148674	4466	389487	78858300	21628791	24018089	0.685955	0.444211	0.526598
M301191	11528762	10877142	163628	1972108	1729314300	1591867535	68569683	0.523325	0.512109	0.429542
M301192	24762894	23123088	315214	4151473	3714434100	3393125456	150071951	0.527185	0.511365	0.441076
M301193	45115206	44048974	465896	5352831	6767280900	6492657204	148816544	0.511454	0.507281	0.433376
M301194	7814294	7556602	85932	1051032	1172144100	1111349314	32135103	0.509435	0.502573	0.387045
M301195	16705750	16058630	186676	2651835	2505862500	2349959156	85306629	0.522342	0.51456	0.385927
M301196	135022	32138	1068	113906	20253300	4326391	6871019	0.719064	0.552288	0.553362
M301197	246402	11698	1440	236077	36960300	1583344	14452507	0.77307	0.56676	0.683485
M301198	17688822	16522472	232412	2752636	2653323300	2429217391	104108206	0.525112	0.50973	0.415146
M301199	12961030	12652914	135112	1690189	1944154500	1859834575	46632577	0.512086	0.507917	0.300042
M301200	14787112	13872118	162756	2249853	2218066800	2042232046	80064887	0.522363	0.507507	0.361583
M301201	8845368	8479262	92520	1529308	1326805200	1238968845	48332276	0.527128	0.518459	0.37563
M301202	18297112	16550808	174542	3994557	2744566800	2421349817	156820228	0.536084	0.514064	0.45755
M301203	20877078	18290984	170336	4406361	3131561700	2695064572	195080684	0.540294	0.508611	0.467138
M301204	1707226	1374366	24626	420535	256083900	202997929	21102078	0.565003	0.51242	0.164404
M301205	996738	472396	7384	598368	149510700	68588900	34589173	0.659173	0.524713	0.547604
M301206	3557858	2824102	25372	1057586	533678700	414194873	53260443	0.5594	0.505299	0.459939
M301207	1935000	5712	15360	1896936	290250000	777277	115666438	0.782682	0.577322	0.78386
M301208	8241348	7454764	89326	1661172	1236202200	1091953478	67900013	0.526637	0.503331	0.496965
M301209	1679660	503530	15972	1203218	251949000	73953994	74264423	0.681752	0.440601	0.691268
M301210	18899910	17174342	216044	3274505	2834986500	2533105239	131284580	0.527383	0.504928	0.320856
M301211	34808450	33880864	286226	3641291	5221267500	5014029394	104072891	0.506696	0.501078	0.509958
M301212	64154840	62283432	681388	11503414	9623226000	9071548669	337555987	0.518118	0.513473	0.47389
M301213	728336	134082	5100	603814	109250400	19516520	36225219	0.729762	0.512493	0.65997
M301214	6399700	5881298	155796	847821	959955000	868919248	32624237	0.524228	0.506737	0.256866
M301215	2430908	357646	15772	2107857	364636200	51260685	130958811	0.739269	0.515929	0.691092
M301216	37691894	35283240	474508	6529044	5653784100	5171815450	235140509	0.53277	0.518577	0.434121
M301217	681984	39070	2248	647286	102297600	5367740	40299054	0.758797	0.570072	0.693483
M301218	828890	58580	2828	782721	124333500	8047554	47843518	0.758436	0.495405	0.705404
M301219	26703822	24356692	297886	5797737	4005573300	3557826106	219221763	0.534177	0.511895	0.509561
M301220	125968	105676	4984	17175	18895200	15770597	986146	0.53162	0.492908	0.267179
M301221	799018	65972	3944	734372	119852700	9488921	46091725	0.761711	0.552701	0.769705
M301222	3567672	2837840	50356	878596	535150800	419868914	47112128	0.558903	0.503693	0.311932
M301223	36858972	30607784	630362	8963624	5528845800	4500300404	423427799	0.557017	0.514612	0.536874
M301224	13456704	11778032	207192	2843400	2018505600	1727789964	125423125	0.536878	0.505125	0.484692
M301225	7281544	5970356	91272	1801395	1092231600	879211553	91686590	0.53854900000000006	0.488409	0.528797
M301226	4745660	1302138	44294	3445261	711849000	193102481	213377446	0.712506	0.542796	0.731049
M301227	986246	514644	9658	501150	147936900	76200589	29733998	0.657624	0.541001	0.592136
M301228	1675814	3432	12222	1646886	251372100	466838	104726705	0.770574	0.578706	0.766566
M301229	17231078	16276280	181350	2423099	2584661700	2400441536	85989442	0.505288	0.491819	0.50996
M301230	1224694	83512	7306	1124567	183704100	12368729	70984602	0.760856	0.508972	0.748817
M301231	1112550	57308	12302	1036192	166882500	8513050	65524741	0.768767	0.630939	0.749279
M301232	393782	384	2350	387338	59067300	54772	23951926	0.785715	0.604689	0.593349
M301233	35412012	33770122	454040	5371572	5311801800	4957375530	174983641	0.528021	0.518487	0.487113
M301234	897042	220852	7456	704837	134556300	31883776	41259959	0.708315	0.474577	0.715681
M301235	4688402	3785548	81758	1522596	703260300	548687079	69634762	0.535812	0.48015	0.534725
M301236	1192412	943544	20524	367405	178861800	137553502	18243164	0.532177	0.472568	0.426192
M301237	1795928	1037498	34274	762692	269389200	153842749	46403808	0.589701	0.45028	0.416147
M301238	1402656	495588	14166	951666	210398400	72553279	57719562	0.668276	0.464331	0.616214
M301239	1661694	111136	6634	1565665	249254100	15570962	97949848	0.764869	0.563086	0.7678
M301240	3546094	2505918	35076	1520562	531914100	361936345	76580813	0.583457	0.499145	0.597742
M301241	2133642	29732	9354	2087083	320046300	4107341	131953916	0.779549	0.585157	0.783176
M301242	10458364	9770588	210190	1783803	1568754600	1430987044	61520054	0.46138	0.443224	0.48174
M301243	1318528	1038718	19458	466916	197779200	150892889	20316841	0.546984	0.484776	0.524365
M301244	1478784	894514	19374	664580	221817600	131251755	38406065	0.590472	0.472442	0.62944
M301245	971326	560700	9110	582119	145698900	78953630	29045123	0.614911	0.494585	0.615688
M301246	411500	61288	2560	367244	61725000	8395169	22573025	0.756837	0.593985	0.64662
M301247	1589058	1119290	29176	702522	238358700	160838117	33836472	0.587446	0.515695	0.591404
M301248	2581266	2253082	43904	657416	387189900	328347556	26692954	0.511823	0.477005	0.520449
M301249	543690	264730	3858	337605	81553500	37812290	19100039	0.64991	0.515435	0.693899
M301250	2598990	1465910	19580	1410699	389848500	212700403	77051939	0.610677	0.486503	0.577945
M301251	7243132	6527664	99266	1149998	1086469800	965435804	51053420	0.48493000000000003	0.455901	0.606122
M301252	6512540	5642734	120728	1441274	976881000	828532677	63236424	0.510705	0.473504	0.583827
M301253	1678570	78392	9760	1595870	251785500	11017079	96935619	0.784026	0.583313	0.770934
M301254	346574	24336	3630	319249	51986100	3471105	19527524	0.767169	0.597717	0.702442
M301255	2834520	2245092	70162	808036	425178000	328227760	39874295	0.604796	0.565986	0.582738
M301256	70122736	67290176	1325760	7062383	10518410400	9953158200	221712458	0.438903	0.429672	0.307282
M301257	406622	214910	4226	245320	60993300	30418998	13135601	0.665431	0.560191	0.638529
M301258	1519160	1100778	22336	570019	227874000	160581318	27741133	0.578376	0.498695	0.58509
M301259	3608056	3389698	52196	542308	541208400	499864288	18386215	0.517965	0.504845	0.60234
M301260	193820	89350	2810	124598	29073000	12714914	6871646	0.68523	0.571326	0.576236
M301261	42182008	40564574	685518	6755641	6327301200	5952620717	185037828	0.478549	0.470286	0.627213
M301262	14850188	14186374	264494	2701779	2227528200	2078195661	72720865	0.506535	0.497322	0.616832
M301263	529366	252950	7358	347306	79404900	35407054	19324766	0.671012	0.561768	0.61605
M301264	456298	267802	5696	234211	68444700	38217325	12415881	0.619261	0.509699	0.516434
M301265	4119510	3808586	64764	1096206	617926500	549808306	36569561	0.515445	0.497902	0.611056
M301266	10484894	1247352	121680	9176352	1572734100	182690234	577613087	0.745621	0.470133	0.732471
M301267	772242	51398	2628	725514	115836300	7246050	45358859	0.770793	0.536581	0.796398
M301268	3335814	1862902	38570	1634016	500372100	273342005	90287014	0.596302	0.450272	0.655458
M301269	1323382	29520	18426	1275060	198507300	4092367	77354207	0.779606	0.583042	0.765261
M301270	61458290	55973998	1313888	9150631	9218743500	8261407696	374641040	0.453319	0.426816	0.546982
M301271	3875854	3078054	75230	1187062	581378100	449005865	56160057	0.506173	0.43774	0.558911
M301272	585680	7952	7130	568422	87852000	1091050	36071433	0.772533	0.586956	0.781154
M301273	364470	160994	2674	239324	54670500	22989449	13168756	0.666355	0.527365	0.7056
M301274	1236534	129940	18372	1118054	185480100	18289726	67693366	0.752222	0.57665	0.717439
M301275	9840392	8194288	191976	2401335	1476058800	1205689370	114268854	0.5019	0.448908	0.618029
M301276	3606226	2881888	59766	1113145	540933900	420917659	52300078	0.531106	0.4716	0.631468
M301277	849366	257768	7710	628928	127404900	37366015	36667643	0.694477	0.486402	0.700628
M301278	5762046	2285760	79090	3669822	864306900	334525851	213411425	0.651469	0.454157	0.696774
M301279	1468508	394644	22032	1135585	220276200	56480630	66346260	0.699182	0.492991	0.732869
M301280	44355432	41732678	709750	8860424	6653314800	6082520743	290085764	0.45332	0.435538	0.582237
M301281	46591392	43787846	794122	4757142	6988708800	6496871144	189688179	0.43648	0.419357	0.25353
M301282	23621430	18573956	314360	6464485	3543214500	2739411081	329082355	0.56376	0.50627200000000006	0.590589
M301283	18571602	14187464	190976	5764680	2785740300	2085440376	305518764	0.569719	0.507724	0.617421
M301284	5295806	47862	50366	5146760	794370900	6336607	327383265	0.778266	0.600602	0.726161
M301285	11151732	7356304	145518	4349056	1672759800	1084982341	247792852	0.603616	0.514007	0.617841
M301286	3237530	46898	14166	3168528	485629500	6393667	200118148	0.781386	0.57922	0.794742
M301287	16073384	13419474	177180	4093757	2411007600	1969732919	190557692	0.556548	0.515488	0.573383
M301288	1813606	35386	5438	1773383	272040900	4756545	112197023	0.766718	0.580296	0.738286
M301289	15702974	12774206	397080	3438669	2355446100	1889683024	171910635	0.557228	0.512453	0.513469
M301290	4012748	73910	25818	3896511	601912200	10218565	235613235	0.773345	0.581113	0.832768
M301291	13642870	43814	81466	13414166	2046430500	6082552	812477978	0.784973	0.567913	0.825614
M301292	23075338	16367676	317756	8222157	3461300700	2401417530	443654790	0.586048	0.511351	0.545314
M301293	2274650	4464	7952	2243731	341197500	613160	142077559	0.788281	0.588196	0.795103
M301294	2123976	27824	8758	2080748	318596400	3834367	127241556	0.77687	0.588604	0.806405
M301295	5227518	4493086	56928	1187476	784127700	661212124	54051686	0.548696	0.513261	0.339402
M301296	27402166	24950766	191872	4791013	4110324900	3683934184	198230736	0.536297	0.513518	0.434208
M301297	6609614	5785912	73382	1570764	991442100	847545419	66143952	0.555599	0.524259	0.399805
M301298	11777280	10356384	135068	2381951	1766592000	1525768950	106357479	0.582503	0.559012	0.588302
M301299	517116	105854	2446	445524	77567400	14502813	27061879	0.733174	0.564943	0.740534
M301300	6721280	43520	45214	6460843	1008192000	5846677	409380706	0.787086	0.598022	0.794039
M301301	8183878	6939118	101454	2161934	1227581700	1012368784	96819008	0.558502	0.522358	0.582707
M301302	22473166	16650164	318722	6637339	3370974900	2467398320	360491571	0.570781	0.502587	0.556247
M301303	15471546	8047900	172510	7555365	2320731900	1194420840	461206419	0.63658	0.502169	0.549859
M301304	2077188	952780	12234	1322882	311578200	136385954	76138657	0.645243	0.486383	0.689989
M301305	26335090	24079740	270350	4572579	3950263500	3546445533	183936485	0.542302	0.522081	0.547628
M301306	3708420	2208238	32170	1543155	556263000	326467972	88891739	0.622532	0.511985	0.41388200000000003
M301307	2056794	43688	18006	1982813	308519100	6092764	125388931	0.776459	0.592727	0.760668
M301308	1745162	247616	8964	1511849	261774300	35960870	90204998	0.749652	0.524157	0.784501
M301309	1814446	65242	7932	1747121	272166900	9007457	109755579	0.777333	0.583615	0.834425
M301310	22047172	15873198	265128	7373834	3307075800	2341034293	407339325	0.580882	0.506807	0.579386
M301311	21018634	18666164	328820	3997227	3152795100	2747736585	174430395	0.53758	0.510848	0.490425
M301312	29490128	25919948	311338	5367086	4423519200	3837901529	251026582	0.544156	0.512868	0.531593
M301313	35952390	33872288	352116	4499541	5392858500	5013119442	173158208	0.518445	0.504083	0.487338
M301314	56099234	51591436	699184	7662730	8414885100	7647511390	314797764	0.536255	0.517285	0.535984
M301315	48840902	42508290	524228	9104737	7326135300	6296357649	438235278	0.550443	0.518034	0.480865
M301316	49932770	46074900	686924	5928564	7489915500	6844047948	251706476	0.540242	0.523524	0.503539
M301317	38593026	35679466	654408	5962892	5788953900	5254557990	221904222	0.536129	0.51912	0.528488
M301318	23852646	19781018	523264	5060273	3577896900	2925111968	257243613	0.560257	0.521548	0.516868
M301319	5644404	33024	18234	5561465	846660600	4466183	336246812	0.784708	0.608269	0.843792
M301320	2197420	8766	9966	2163481	329613000	1220232	136763653	0.781112	0.591812	0.821164
M301321	1738740	263950	7744	1506755	260811000	38049471	90316527	0.737896	0.456617	0.763145
M301322	19823580	14589406	168650	6610429	2973537000	2149468686	342613872	0.591334	0.520243	0.617323
M301323	40042522	36237756	393610	6005967	6006378300	5373159688	271205007	0.529526	0.505303	0.631455
M301324	42902656	38907532	511684	6065587	6435398400	5773738750	275674220	0.526843	0.503906	0.556758
M301325	9834130	8396604	159666	2117481	1475119500	1236758682	98555325	0.559288	0.525037	0.557915
M301326	30101098	19547550	574116	11607953	4515164700	2883987239	639593406	0.604682	0.508654	0.617256
M301327	2355068	1715086	34488	833663	353260200	250793689	42854662	0.592015	0.524862	0.601295
M301328	698222	105412	3532	627859	104733300	14319082	36753627	0.758658	0.610112	0.764748
M301329	42626994	39640066	525756	5958511	6394049100	5859810759	233983852	0.52536	0.509117	0.572101
M301330	3839070	1768750	35176	2332751	575860500	256664512	127968891	0.639168	0.468859	0.695026
M301331	7349502	47618	92368	6914758	1102425300	6171113	439410939	0.784162	0.61996	0.784647
M301332	4322924	2942804	173834	1344541	648438600	436231870	75517915	0.534667	0.432051	0.528613
M301333	1133302	75410	5652	1063654	169995300	10646377	66642105	0.772553	0.517428	0.805085
M301334	2712726	217244	22894	2519206	406908900	30756736	157825607	0.760665	0.528889	0.723212
M301335	4649368	1367700	39478	3339015	697405200	199962126	203964700	0.686502	0.438206	0.654762
M301336	6278524	2596746	91322	3835663	941778600	382205986	224658861	0.643684	0.452962	0.659042
M301337	9821024	6745540	126054	4360565	1473153600	973509505	222567607	0.552217	0.448933	0.641557
M301338	433906	123732	3138	330149	65085900	17869844	19292911	0.695495	0.501588	0.660609
M301339	304268	103450	2684	220893	45640200	14843538	13103088	0.683614	0.504922	0.619763
M301340	508784	49392	2442	468283	76317600	6917815	29098133	0.759913	0.502073	0.761242
M301341	1877262	38014	74502	1261496	281589300	4468452	81227554	0.810268	0.717659	0.466323
M301342	2437622	1673244	32424	896844	365643300	246432773	48476668	0.557441	0.459689	0.554388
M301343	507628	18832	4746	485813	76144200	2605825	29124928	0.779201	0.590882	0.78589
M301344	814018	352522	8650	518290	122102700	50991492	30296598	0.651556	0.497572	0.638207
M301345	9517976	8904290	126878	1724468	1427696400	1304473748	59870837	0.457845	0.437817	0.486051
M301346	5109330	254308	32972	4804049	766399500	36758080	304228420	0.768497	0.498981	0.341158
M301347	11980100	7023184	135008	5630530	1797015000	1032551089	328177651	0.587086	0.455137	0.564634
M301348	2173140	819454	24468	1472793	325971000	118933247	87388850	0.680467	0.50626	0.664376
M301349	826306	88330	4646	757952	123945900	12263554	45378346	0.755933	0.542344	0.739254
M301350	1150820	285826	6848	926177	172623000	40704316	55874251	0.713831	0.484939	0.724655
M301351	22266604	17068440	303212	6419930	3339990600	2521745359	345274220	0.527619	0.452723	0.601035
M301352	7569978	4742178	83726	3476416	1135496700	692044137	187909794	0.581096	0.462636	0.616177
M301353	2858320	514388	28304	2378296	428748000	74988049	148367363	0.726228	0.474219	0.682555
M301354	63640770	60540286	1164734	7383716	9546115500	8954995640	237021355	0.441295	0.428343	0.379769
M301355	586478	20430	4436	560656	87971700	2939040	35365260	0.780348	0.583438	0.798884
M301356	2849960	1174154	33062	1855698	427494000	170410718	109303358	0.655912	0.47957	0.680317
M301357	2443402	1387880	27048	1302654	366510300	200648804	71988727	0.608788	0.478796	0.657903
M301358	15223312	14333534	248324	3032971	2283496800	2089068305	100986534	0.47254	0.457577	0.600963
M301359	19184664	13968438	251670	6748882	2877699600	2048423625	349215539	0.530469	0.439165	0.633679
M301360	24518518	22532162	300378	4335575	3677777700	3315709954	162416261	0.455034	0.427711	0.632832
M301361	8426948	2287556	117252	6261207	1264042200	334208993	377540935	0.696802	0.446662	0.715642
M301362	3544754	34908	14818	3468502	531713100	4854556	219170015	0.771595	0.5334	0.807185
M301363	971518	50384	5938	929676	145727700	6657606	55457160	0.774914	0.555965	0.783718
M301364	10375210	8001688	125652	4500113	1556281500	1134701693	202941838	0.67302	0.647451	0.488584
M301365	5955002	3288998	51544	3096230	893250300	480300779	181740333	0.585491	0.438014	0.552737
M301366	2169718	38328	8962	2111931	325457700	5369004	133296965	0.780086	0.552738	0.781905
M301367	7167532	279362	47100	6816647	1075129800	40565127	430082164	0.772601	0.448704	0.784435
M301368	5341400	1601210	47952	3907288	801210000	233453709	231492557	0.672113	0.434969	0.673347
M301369	2051022	49064	7140	1996480	307653300	6727245	125662932	0.780176	0.56245	0.786647
M301370	3746572	2958666	52048	1117737	561985800	434780104	54586701	0.509736	0.440271	0.605909
M301371	838182	221488	5428	655605	125727300	31869137	39913976	0.712519	0.51008	0.6503
M301372	606072	128698	4812	501707	90910800	18507278	29505727	0.733518	0.555689	0.688674
M301373	1388302	1077704	19774	389111	208245300	159340917	19526712	0.508524	0.432813	0.607745
M301374	17880140	17017296	232838	2132339	2682021000	2518346039	72303462	0.440828	0.426818	0.610679
M301375	5106808	4553602	74890	1156906	766021200	667484021	43659395	0.480238	0.446875	0.608676
M301376	379080	138472	2178	270689	56862000	19948590	15280017	0.700217	0.57558	0.716028
M301377	63393566	61441430	986712	6909239	9509034900	9086564217	179050421	0.433845	0.42662	0.335708
M301474	35364310	34256500	552144	3423745	5304646500	5076061236	63800554	0.514891	0.510534	0.176828
M301475	579316	535234	22374	107394	86897400	77278920	3290645	0.504362	0.49223	0.472526
M301476	31675684	30847708	445106	2759247	4751352600	4580089350	47775513	0.524335	0.521293	0.122243
M301477	30564614	29609998	471870	3277592	4584692100	4378670877	63551073	0.523132	0.519007	0.158024
M301478	34471734	33574266	447372	2282218	5170760100	4996617961	40283351	0.528024	0.524881	0.116602
M301479	353866	304154	37554	44776	53079900	44627534	1124280	0.493741	0.474488	0.447305
M301480	29819320	28896394	456218	2941510	4472898000	4280541974	54440859	0.515344	0.511054	0.162352
M301481	30031620	28968904	524202	2635399	4504743000	4291890332	54453299	0.505936	0.500673	0.504077
M301482	32480158	31312738	519336	1475299	4872023700	4670552857	27012251	0.510338	0.504737	0.292984
M301483	13233384	12762784	231796	776764	1985007600	1900167730	14646585	0.521876	0.516955	0.556682
M301484	32838348	31733804	518472	1562286	4925752200	4732721624	27991520	0.51015	0.505159	0.329518
M301485	29581048	28378698	593684	1049169	4437157200	4239483532	17705025	0.511152	0.505113	0.325335
M301486	30209502	29196718	485854	1521767	4531425300	4350536148	29535568	0.511041	0.505927	0.295579
M301487	33080790	30670042	891822	1589918	4962118500	4571237316	30288649	0.525546	0.513099	0.445334
M301488	645518	607396	18872	74618	96827700	89488762	1771564	0.505935	0.496919	0.515964
M301489	34816070	33604678	603772	2293053	5222410500	4995394001	45918827	0.50908	0.503967	0.329696
M301490	38355604	36929536	631668	1218219	5753340600	5519577359	21407937	0.511615	0.505824	0.443178
M301491	34954500	33574788	619862	1094376	5243175000	5017911586	19345315	0.51905	0.513027	0.650008
M301492	4374094	4156062	93790	448902	656114100	614109324	9984085	0.507534	0.499349	0.677281
M301493	39544690	38054582	659512	1056345	5931703500	5690355072	19275948	0.50953	0.50362	0.610812
M301494	37402080	36172392	592404	1090951	5610312000	5406839322	20646966	0.509503	0.504684	0.592367
M301495	3051696	2847822	111202	304731	457754400	420744245	7147596	0.507282	0.497381	0.66607
M301496	51636884	49927978	772732	1451647	7745532600	7465447412	26420937	0.506387	0.501295	0.611167
M301497	39311146	37845644	685140	1245107	5896671900	5655495291	24346142	0.506296	0.500453	0.60308
M301498	36202504	33976706	831044	1760158	5430375600	5060033233	43592515	0.434103	0.421565	0.660032
M301499	38832506	37437188	684504	2001858	5824875900	5580418799	37502839	0.510764	0.505457	0.659547
M301500	4863138	4630122	113960	502702	729470700	684477221	10635127	0.503585	0.496253	0.687321
M301501	21412116	20626224	364180	1534779	3211817400	3065018938	30114508	0.517023	0.511611	0.713506
M301502	17913370	16733370	550958	1182048	2687005500	2487704909	23903323	0.591971	0.584104	0.630629
M301503	39266912	37765672	690066	1859708	5890036800	5632837843	33875420	0.510625	0.504789	0.632959
M301504	36422922	35083422	630088	2041513	5463438300	5225842363	38278210	0.512009	0.506402	0.668528
M301505	38237764	36791006	678072	2191615	5735664600	5479870410	40837143	0.514566	0.508782	0.616642
M301506	44458654	42775200	700076	1735347	6668798100	6389540946	36028001	0.514289	0.508128	0.62887
M301507	20368596	19520476	363886	1871687	3055289400	2893338645	38465443	0.499308	0.492496	0.730815
M301508	38341118	36816486	680316	1579977	5751167700	5496534780	29962714	0.503196	0.496876	0.6662
M301509	38474848	36699302	878506	1700770	5771227200	5477263304	33917103	0.516584	0.509613	0.623327
M301510	39550274	37937892	717470	1535218	5932541100	5666135384	28370122	0.513799	0.507428	0.675662
M301511	28016840	26894266	520890	2208730	4202526000	3995626794	42405869	0.518411	0.512388	0.739228
M301512	9514254	9088870	175746	758780	1427138100	1349565612	15747320	0.502314	0.494789	0.73191
M301513	36932030	35743638	549366	1613943	5539804500	5335573276	30369804	0.513406	0.508599	0.700551
M301514	42344320	40945112	664566	3364443	6351648000	6078664824	69098771	0.517651	0.513025	0.72413400000000006
M301515	36272466	34735014	773294	3221780	5440869900	5149570282	67366283	0.512824	0.506508	0.73103
M301516	37314644	35796016	713688	3392091	5597196600	5306047139	70320741	0.517882	0.511912	0.735498
M301517	16356646	15626414	313376	1810678	2453496900	2309076741	37627662	0.508933	0.501659	0.727894
M301518	21027030	20067536	413424	2228819	3154054500	2966463947	47110634	0.505109	0.497502	0.724966
M301519	41147404	39021488	901024	3298769	6172110600	5794410454	68022956	0.534289	0.526406	0.700898
M301520	27412384	26138490	583326	2127352	4111857600	3882896893	44492893	0.573414	0.567629	0.693382
M301521	38255956	36842992	648502	2074002	5738393400	5491819767	41205564	0.514189	0.508454	0.699332
M301522	28554328	27883418	342452	1894399	4283149200	4153558838	29377845	0.525176	0.52242	0.0961809
M301523	27824138	27006030	415306	1723738	4173620700	4021549490	29862005	0.515366	0.511393	0.101312
M301524	29783814	28854816	424370	1539358	4467572100	4302202340	26464319	0.515345	0.51077	0.112225
M301525	1659328	1585554	32758	150066	248899200	235049164	2878201	0.521821	0.515162	0.538725
M301526	52571864	50947556	773760	2024553	7885779600	7610511220	32284801	0.514401	0.51002	0.192788
M301527	32675656	31722710	569352	1366731	4901348400	4737238442	21660855	0.509974	0.506449	0.191533
M301528	26153824	25373360	371970	1332752	3923073600	3783747722	22746401	0.508272	0.5039	0.103795
M301529	900600	863288	16402	72193	135090000	128211931	1338032	0.490973	0.484247	0.555356
M301530	39301632	38285116	541494	1879880	5895244800	5711576964	31650317	0.514052	0.510725	0.143713
M301531	46006914	44709100	654058	1773702	6901037100	6678077530	28781383	0.513174	0.509344	0.201349
M301532	41985962	40525536	652686	1412441	6297894300	6056682452	22596632	0.519714	0.514594	0.230397
M301533	1583022	1522142	27174	138103	237453300	225747597	2656012	0.506159	0.500267	0.551501
M301534	2536124	2459708	37998	187674	380418600	365657464	3389263	0.50253	0.498321	0.569489
M301535	39036630	37199568	767324	1210640	5855494500	5560984725	19436693	0.520557	0.51304	0.304215
M301536	46231592	45073424	653672	1686664	6934738800	6735301492	26074792	0.509588	0.506509	0.260147
M301537	36987622	35917724	540642	1332241	5548143300	5367085685	21007732	0.504159	0.500031	0.185051
M301538	33483028	32236498	548384	1168173	5022454200	4817487736	19326706	0.508999	0.503104	0.44962800000000003
M301539	5491792	5260482	116050	552878	823768800	779010905	10474656	0.496277	0.489801	0.705471
M301540	41547562	40101934	626914	1762114	6232134300	5988044358	28831588	0.507677	0.502214	0.607094
M301541	37192494	35865968	631842	1632541	5578874100	5354304932	27024450	0.513187	0.50788	0.475948
M301542	36883754	35583752	619242	1406947	5532563100	5316304553	22830760	0.511958	0.506738	0.530203
M301543	14367870	13712668	386506	1117422	2155180500	2036992472	21384174	0.508016	0.50196	0.696733
M301544	36826172	35590766	668514	1115735	5523925800	5321738130	17922734	0.513362	0.508868	0.607142
M301545	51558288	49860240	820854	2482125	7733743200	7435466576	47289676	0.508273	0.503388	0.310662
M301546	7262342	6925386	136926	615646	1089351300	1027199428	12873637	0.484349	0.476059	0.691736
M301547	40353760	38982828	650166	1517437	6053064000	5823323142	25902008	0.511693	0.506695	0.574608
M301548	40763394	38425568	888986	1208819	6114509100	5744406111	21937766	0.518504	0.508614	0.558113
M301549	53683458	52019066	839694	1953282	8052518700	7771657468	32633883	0.514297	0.510021	0.711612
M301550	4495614	4305922	87502	425506	674342100	637818686	8598940	0.506075	0.499736	0.695868
M301551	42507072	40565458	806962	1125297	6376060800	6067170522	20208444	0.514056	0.506523	0.596259
M301552	6302824	6057842	111670	453506	945423600	900818060	8263127	0.526861	0.521304	0.699375
M301553	29818102	28824646	487306	1379029	4472715300	4300763638	24255419	0.508757	0.503832	0.631771
M301554	44521726	42810048	755138	2432755	6678258900	6379633728	49810469	0.497691	0.491284	0.712372
M301555	37740440	36251678	750260	1488712	5661066000	5414540519	28286391	0.51562	0.509965	0.682187
M301556	48035452	46444560	735616	2358590	7205317800	6930743604	40939691	0.512334	0.507395	0.723604
M301557	38651282	37254360	581652	1526059	5797692300	5565917973	27658706	0.528218	0.522717	0.697762
M301558	15851712	15227368	311190	1547420	2377756800	2254884141	31289638	0.501448	0.495449	0.729553
M301559	33827172	32221276	666840	2625989	5074075800	4784265379	56363133	0.4976	0.489802	0.725295
M301560	36495078	35449280	557344	1842467	5474261700	5287826464	33705538	0.516807	0.5131	0.710989
M301561	41879734	40518804	645074	2102355	6281960100	6044600309	37889316	0.511833	0.507108	0.739513
M301562	42762428	41308504	633584	4819684	6414364200	6105210499	100149015	0.5083	0.502844	0.746046
M301563	29463980	28169490	627562	3195346	4419597000	4166242361	64883789	0.495483	0.488444	0.73079
M301564	46789848	45335398	687482	2470389	7018477200	6763528244	40890409	0.515012	0.510569	0.724619
M301565	46450690	44698876	833692	1831546	6967603500	6678519908	32051329	0.507914	0.5022	0.726912
M301566	40327470	39035876	628158	1782040	6049120500	5829286303	29975874	0.508143	0.503438	0.719845
M301567	41600068	40425112	533708	2392293	6240010200	6026132122	41540453	0.513542	0.509434	0.732821
M301568	12961372	12401026	244116	1196717	1944205800	1839496875	22869530	0.486934	0.479567	0.738981
M301569	39205194	38001046	642078	3278283	5880779100	5644795128	59660056	0.512334	0.508276	0.742583
M301570	43862910	42561828	540696	2283151	6579436500	6344290855	49102982	0.510609	0.505585	0.364672
M301571	37778018	36808806	499490	1786460	5666702700	5489301701	32549532	0.507615	0.503889	0.225816
M301572	48519284	46781100	672290	2581029	7277892600	6969206161	48996042	0.512328	0.506254	0.429738
M301573	45676734	44480162	539164	2656277	6851510100	6620392709	52259239	0.511546	0.50748	0.372789
M301574	3411756	3287028	56812	277820	511763400	487575034	5781192	0.577541	0.57355	0.484613
M301575	3968226	3797548	93002	426472	595233900	560571025	9529329	0.535166	0.530041	0.543127
M301576	48076216	47079266	507996	2435348	7211432400	7019995508	42440649	0.514661	0.511817	0.439256
M301577	46353568	45148352	574490	2372746	6953035200	6730525019	42216984	0.519199	0.515401	0.234378
M301578	50340662	48879096	653094	1691264	7551099300	7303421903	29069016	0.509474	0.504762	0.394443
M301579	48934136	48002242	522460	2127252	7340120400	7166060227	34729739	0.502925	0.50043	0.484593
M301580	49507664	48021550	638456	1992899	7426149600	7170422201	33365448	0.513604	0.508896	0.541407
M301581	2861104	2730346	73982	237644	429165600	404983326	4751516	0.544413	0.539159	0.470821
M301582	48787524	47517210	581392	1852905	7318128600	7098358243	29761198	0.508852	0.504765	0.489435
M301583	38901612	37385284	667586	1574573	5835241800	5581772870	26629824	0.511777	0.505579	0.502561
M301584	47520868	46327706	547886	2275227	7128130200	6911045674	38595890	0.50481	0.500919	0.42822
M301585	3974858	3833598	77682	292274	596228700	569768428	5498522	0.583967	0.580659	0.448444
M301586	1365986	1315378	22346	117233	204897900	194864033	2566766	0.498422	0.492632	0.451836
M301587	45633478	44677910	500276	1768732	6845021700	6674140273	27960863	0.507174	0.50435	0.480982
M301588	53111318	51865678	632736	2853593	7966697700	7731272705	49121675	0.507295	0.503942	0.517312
M301589	53299414	51804392	649146	1667854	7994912100	7743914239	27092945	0.50948	0.505073	0.308833
M301590	2120054	2005162	48472	145312	318008100	297909689	3225799	0.4781	0.468895	0.513502
M301591	50491772	49032364	713292	1737278	7573765800	7323142500	32851512	0.493379	0.48885	0.622591
M301592	9162502	8851422	143266	722762	1374375300	1313432143	15187210	0.492516	0.487419	0.585331
M301593	45166770	44116850	511490	2013553	6775015500	6583873683	34119673	0.508248	0.504856	0.344234
M301594	59037774	57848020	660722	2420705	8855666100	8638513715	39352482	0.525647	0.523337	0.411315
M301595	52825034	51361496	698454	2048589	7923755100	7671179944	33547932	0.507534	0.503383	0.443587
M301596	1756920	1674472	45742	167172	263538000	247807092	3533345	0.495723	0.488881	0.456581
M301597	57876030	56581560	612522	2076411	8681404500	8456836024	30530637	0.498999	0.495688	0.610135
M301598	53952664	52166840	829296	1573954	8092899600	7800155428	25266978	0.505348	0.500154	0.500746
M301599	37985688	37061928	472798	1777439	5697853200	5529261451	30436892	0.505014	0.501523	0.57916
M301600	3026286	2925030	48488	281097	453942900	433346793	5633803	0.498429	0.49338	0.530645
M301601	7035276	6757162	131772	605788	1055291400	1001791766	12310724	0.502827	0.496962	0.606532
M301602	58318572	56904708	687254	1740143	8747785800	8509217340	27170433	0.504164	0.500578	0.486441
M301603	49757536	48687272	521846	1907711	7463630400	7271341756	32251916	0.50688	0.503773	0.284398
M301604	54538454	53093968	737136	2439644	8180768100	7921535429	43130812	0.507447	0.503655	0.475814
M301605	5285012	5027512	155526	374702	792751800	747065291	7265034	0.488237	0.481233	0.578382
M301606	49407684	47938960	663258	1418404	7411152600	7169631974	21623850	0.508815	0.504227	0.381508
M301607	4026290	3877686	68746	353140	603943500	574897798	7066699	0.536405	0.531547	0.561987
M301608	64745148	63322132	717312	2518472	9711772200	9459997033	39052498	0.514261	0.511276	0.354259
M301609	57613690	56443488	610316	2358941	8642053500	8428047432	39051629	0.509909	0.507187	0.235638
M301610	17460588	16881640	339038	3060309	2619088200	2470311656	64675016	0.513189	0.50929	0.638762
M301611	11790000	11345630	238238	922503	1768500000	1682589433	21157500	0.468337	0.462437	0.573163
M301612	24910070	24179210	348866	2727699	3736510500	3577731584	50566093	0.491304	0.487123	0.676367
M301613	47841718	46348330	964468	3619442	7176257700	6887323292	70569656	0.51916	0.516102	0.62025
M301614	52949192	51240388	1080852	3515856	7942378800	7622951193	69141534	0.520781	0.517566	0.586074
M301615	3597480	3445146	67216	189928	539622000	513162875	3944554	0.480548	0.473404	0.639288
M301616	68559920	66348228	1380108	7340910	10283988000	9798014115	178678023	0.539535	0.537039	0.0998757
M301617	82694	78706	3042	3599	12404100	11744139	67448	0.511073	0.506264	0.131666
M301618	57331748	56132772	593636	1662507	8599762200	8395753106	24673714	0.505588	0.502622	0.396578
M301619	5251814	5007002	121136	500844	787772100	740399051	11169792	0.493634	0.486127	0.579597
M301620	53531746	52024252	713076	2081020	8029761900	7770053083	34401448	0.507485	0.503209	0.368229
M301621	51121596	50102710	549226	2205981	7668239400	7481106621	34768607	0.513835	0.511259	0.391887
M301622	58568244	56793492	779560	1297461	8785236600	8500160605	19245645	0.510633	0.505843	0.516627
M301623	33002536	31560330	623208	1694763	4950380400	4702654500	34565377	0.427202	0.418581	0.647707
M301624	25177646	24489664	333194	1364749	3776646900	3650984330	23109222	0.500972	0.496926	0.670612
M301625	50259472	49138712	547436	1606766	7538920800	7346254844	25214590	0.506011	0.502782	0.3274
M301626	11056296	10690424	161156	661530	1658444400	1592301200	11843024	0.487306	0.482241	0.621395
M301627	50947416	49879050	598110	2906931	7642112400	7432399316	49954900	0.508803	0.506129	0.562492
M301628	5454332	5273916	78166	633869	818149800	778675884	12864788	0.495158	0.489783	0.60344
M301629	60794018	59308114	696612	2097678	9119102700	8863256167	33639179	0.511946	0.508338	0.407944
M301630	8707582	8416878	137070	507233	1306137300	1252541179	10618529	0.48894	0.483689	0.596133
M301631	45449930	44233172	645624	2359712	6817489500	6594804259	40754298	0.510266	0.506546	0.336291
M301632	46263462	45130154	600160	1790299	6939519300	6742040576	27944755	0.510834	0.507523	0.306362
M301633	8215752	7848260	169472	417869	1232362800	1169400293	8355041	0.496813	0.489412	0.628713
M301634	61874372	60106724	788014	1545725	9281155800	8991886433	24755446	0.507448	0.50293	0.401283
M301635	6400440	6166956	103216	504862	960066000	914315620	11343545	0.494756	0.488918	0.599327
M301636	84510654	81954564	1082800	2476281	12676598100	12254974355	39221353	0.504967	0.500133	0.547327
M301637	3477594	3348048	63120	251145	521639100	497719407	4761870	0.491383	0.485618	0.604502
M301638	52160790	50515242	760536	1702276	7824118500	7550472230	27398884	0.508348	0.503418	0.395792
M301639	52957928	51449660	786012	1895517	7943689200	7686463246	31652780	0.510876	0.506763	0.367254
M301640	46249392	44863702	702274	1405541	6937408800	6705564723	24818608	0.509903	0.505578	0.484798
M301641	59819632	58206626	754472	2033779	8972944800	8698881117	32775153	0.513007	0.508971	0.414502
M301642	52324380	51122472	598868	1964040	7848657000	7638177913	30827246	0.505774	0.502439	0.506947
M301643	53028608	51494486	692248	1890737	7954291200	7690999246	33716987	0.493669	0.489	0.458434
M301644	2288510	2201396	41382	178677	343276500	326857097	3526910	0.48685	0.480798	0.531698
M301645	55452570	54092018	644156	1687178	8317885500	8089450674	24704507	0.509143	0.505513	0.478066
M301646	56994608	55353138	722822	1783656	8549191200	8275716287	27767100	0.51343	0.508951	0.490985
M301647	53891842	52613906	669418	1732992	8083776300	7865550506	26978374	0.504421	0.501088	0.486388
M301648	43454200	42527928	459238	1716345	6518130000	6350504589	29112092	0.508669	0.505623	0.150454
M301649	9652382	9366560	139756	995254	1447857300	1386722457	18886910	0.508737	0.504562	0.630492
M301650	918150	884746	14298	69870	137722500	131422206	1387041	0.486319	0.480166	0.512605
M301651	24384664	23574762	480290	894601	3657699600	3522819185	12632705	0.408041	0.402361	0.630649
M301652	1307472	1248760	23224	143803	196120800	184242665	3260108	0.486022	0.478031	0.538572
M301653	1444684	1396550	21448	102783	216702600	207718876	1859976	0.480392	0.474899	0.57637
M301654	1146734	1103096	21978	85791	172010100	163752424	1853944	0.482616	0.476639	0.546857
M301655	1159176	1103464	25432	79971	173876400	163935890	1694533	0.484312	0.476539	0.55889200000000006
M301656	1017534	971574	24062	116072	152630100	143086956	2789963	0.481862	0.474339	0.520863
M301657	2942742	2835418	49916	285606	441411300	419978484	5587681	0.494504	0.488699	0.607756
M301658	691094	667946	11304	144843	103664100	97131642	3145105	0.513876	0.509404	0.362217
M301659	1241088	1164406	33272	113674	186163200	171839042	3033020	0.480944	0.469859	0.418539
M301660	896624	863112	14488	146685	134493600	126250461	3371965	0.508499	0.502826	0.482914
M301661	1153060	1100854	27558	88679	172959000	163551552	1650513	0.493705	0.486862	0.522528
M301662	10388	5180	4858	281	1558200	773014	4847	0.541722	0.503554	0.0512129
M301663	722840	701082	9652	66166	108426000	103945269	1277885	0.488775	0.483894	0.596362
M301664	2985442	2915594	36302	381654	447816300	430567401	6848201	0.506785	0.503696	0.620923
M301665	34836	28966	5304	2985	5225400	4290748	55344	0.52548	0.513131	0.160466
